epoch,utc1,broker,o,h,l,c,spread
1788228000,2026-09-01 00:00,2026-09-01 02:00,4447.46,4447.48,4445.83,4446.84,14
1788228180,2026-09-01 00:03,2026-09-01 02:03,4446.85,4447.23,4446.08,4446.67,14
1788228360,2026-09-01 00:06,2026-09-01 02:06,4446.66,4446.76,4445.81,4446.09,14
1788228540,2026-09-01 00:09,2026-09-01 02:09,4446.12,4446.87,4446.01,4446.43,14
1788228720,2026-09-01 00:12,2026-09-01 02:12,4446.42,4446.42,4444.09,4444.42,14
1788228900,2026-09-01 00:15,2026-09-01 02:15,4444.41,4444.48,4443.41,4443.51,14
1788229080,2026-09-01 00:18,2026-09-01 02:18,4443.55,4444.24,4442.85,4443.15,14
1788229260,2026-09-01 00:21,2026-09-01 02:21,4443.15,4443.15,4441.93,4442.43,14
1788229440,2026-09-01 00:24,2026-09-01 02:24,4442.55,4444.61,4442.54,4444.19,14
1788229620,2026-09-01 00:27,2026-09-01 02:27,4444.18,4444.33,4442.82,4443.4,14
1788229800,2026-09-01 00:30,2026-09-01 02:30,4443.37,4448.15,4443.23,4447.17,14
1788229980,2026-09-01 00:33,2026-09-01 02:33,4447.13,4447.13,4445.15,4445.63,14
1788230160,2026-09-01 00:36,2026-09-01 02:36,4445.59,4446.62,4444.63,4444.68,14
1788230340,2026-09-01 00:39,2026-09-01 02:39,4444.73,4445.34,4443.19,4443.6,14
1788230520,2026-09-01 00:42,2026-09-01 02:42,4443.56,4446.86,4443.33,4445.8,14
1788230700,2026-09-01 00:45,2026-09-01 02:45,4445.75,4449.87,4445.7,4448.19,14
1788230880,2026-09-01 00:48,2026-09-01 02:48,4448.16,4449.02,4446.11,4447.46,14
1788231060,2026-09-01 00:51,2026-09-01 02:51,4447.42,4449.91,4446.56,4449.68,14
1788231240,2026-09-01 00:54,2026-09-01 02:54,4449.64,4452.05,4448.56,4449.89,14
1788231420,2026-09-01 00:57,2026-09-01 02:57,4449.92,4452.59,4449.63,4452.37,14
1788231600,2026-09-01 01:00,2026-09-01 03:00,4452.35,4454.39,4446.39,4451.92,14
1788231780,2026-09-01 01:03,2026-09-01 03:03,4451.91,4454.48,4451.27,4452.23,14
1788231960,2026-09-01 01:06,2026-09-01 03:06,4452.18,4454.56,4450.79,4454.12,14
1788232140,2026-09-01 01:09,2026-09-01 03:09,4454.25,4456.99,4454.12,4456.86,14
1788232320,2026-09-01 01:12,2026-09-01 03:12,4457.1,4458.16,4452.66,4455.34,14
1788232500,2026-09-01 01:15,2026-09-01 03:15,4455.39,4455.53,4452.7,4453.69,14
1788232680,2026-09-01 01:18,2026-09-01 03:18,4453.68,4459.62,4453.47,4459.62,14
1788232860,2026-09-01 01:21,2026-09-01 03:21,4459.61,4461.3,4457.94,4458.37,14
1788233040,2026-09-01 01:24,2026-09-01 03:24,4458.45,4459.03,4457.01,4458.23,14
1788233220,2026-09-01 01:27,2026-09-01 03:27,4458.24,4460.99,4458.23,4460.21,14
1788233400,2026-09-01 01:30,2026-09-01 03:30,4460.28,4460.98,4456.88,4456.94,14
1788233580,2026-09-01 01:33,2026-09-01 03:33,4456.96,4458.81,4455.07,4456.28,14
1788233760,2026-09-01 01:36,2026-09-01 03:36,4456.13,4456.44,4453.25,4454.99,14
1788233940,2026-09-01 01:39,2026-09-01 03:39,4455.06,4456.72,4454.46,4455.56,14
1788234120,2026-09-01 01:42,2026-09-01 03:42,4455.48,4455.76,4452.19,4453.62,14
1788234300,2026-09-01 01:45,2026-09-01 03:45,4453.46,4456.52,4452.34,4453.93,14
1788234480,2026-09-01 01:48,2026-09-01 03:48,4453.94,4458.75,4453.94,4458.1,14
1788234660,2026-09-01 01:51,2026-09-01 03:51,4458.09,4461.26,4457.42,4457.53,14
1788234840,2026-09-01 01:54,2026-09-01 03:54,4457.51,4458.12,4455.66,4456.04,14
1788235020,2026-09-01 01:57,2026-09-01 03:57,4456.03,4456.12,4450.99,4453.64,14
1788235200,2026-09-01 02:00,2026-09-01 04:00,4453.67,4457.18,4448.99,4452.19,14
1788235380,2026-09-01 02:03,2026-09-01 04:03,4452.44,4452.9,4447.43,4447.7,14
1788235560,2026-09-01 02:06,2026-09-01 04:06,4447.66,4450.1,4446.82,4448.31,14
1788235740,2026-09-01 02:09,2026-09-01 04:09,4448.4,4449.11,4445.68,4447.94,14
1788235920,2026-09-01 02:12,2026-09-01 04:12,4447.91,4449.27,4445.57,4446.53,14
1788236100,2026-09-01 02:15,2026-09-01 04:15,4446.51,4448.11,4444.33,4446.16,14
1788236280,2026-09-01 02:18,2026-09-01 04:18,4446.26,4447.33,4443.19,4444.89,14
1788236460,2026-09-01 02:21,2026-09-01 04:21,4444.85,4445.1,4440.3,4440.55,14
1788236640,2026-09-01 02:24,2026-09-01 04:24,4440.44,4440.89,4438.13,4439.32,14
1788236820,2026-09-01 02:27,2026-09-01 04:27,4439.26,4440.98,4438.56,4439.98,14
1788237000,2026-09-01 02:30,2026-09-01 04:30,4440.03,4441.15,4437.05,4437.81,14
1788237180,2026-09-01 02:33,2026-09-01 04:33,4437.8,4443.96,4436.75,4442.03,14
1788237360,2026-09-01 02:36,2026-09-01 04:36,4441.86,4445.62,4441.44,4441.9,14
1788237540,2026-09-01 02:39,2026-09-01 04:39,4441.91,4445.29,4440.84,4442.53,14
1788237720,2026-09-01 02:42,2026-09-01 04:42,4442.64,4445.76,4441.96,4445.67,14
1788237900,2026-09-01 02:45,2026-09-01 04:45,4445.63,4446.7,4443.7,4445.75,14
1788238080,2026-09-01 02:48,2026-09-01 04:48,4445.8,4446.56,4440.34,4441.56,14
1788238260,2026-09-01 02:51,2026-09-01 04:51,4441.54,4443.32,4440.27,4440.28,14
1788238440,2026-09-01 02:54,2026-09-01 04:54,4440.25,4444.44,4439.52,4443.72,14
1788238620,2026-09-01 02:57,2026-09-01 04:57,4443.79,4444.54,4441.57,4444.4,14
1788238800,2026-09-01 03:00,2026-09-01 05:00,4444.32,4445.64,4442.76,4443.82,14
1788238980,2026-09-01 03:03,2026-09-01 05:03,4443.79,4448.87,4443.32,4447.1,14
1788239160,2026-09-01 03:06,2026-09-01 05:06,4446.77,4448.34,4442.26,4442.83,14
1788239340,2026-09-01 03:09,2026-09-01 05:09,4442.53,4448.13,4441.87,4447.54,14
1788239520,2026-09-01 03:12,2026-09-01 05:12,4447.53,4449.29,4443.28,4445.3,14
1788239700,2026-09-01 03:15,2026-09-01 05:15,4445.28,4446.61,4445.05,4446.1,14
1788239880,2026-09-01 03:18,2026-09-01 05:18,4446.17,4448.47,4445.27,4448.01,14
1788240060,2026-09-01 03:21,2026-09-01 05:21,4448.0,4448.14,4444.79,4444.83,14
1788240240,2026-09-01 03:24,2026-09-01 05:24,4444.84,4445.11,4440.67,4441.73,14
1788240420,2026-09-01 03:27,2026-09-01 05:27,4441.82,4442.76,4440.56,4440.73,14
1788240600,2026-09-01 03:30,2026-09-01 05:30,4440.71,4441.25,4435.16,4439.03,14
1788240780,2026-09-01 03:33,2026-09-01 05:33,4439.01,4440.26,4433.76,4433.77,14
1788240960,2026-09-01 03:36,2026-09-01 05:36,4433.96,4435.29,4432.42,4434.76,14
1788241140,2026-09-01 03:39,2026-09-01 05:39,4434.64,4436.63,4432.96,4436.29,14
1788241320,2026-09-01 03:42,2026-09-01 05:42,4436.3,4437.22,4431.69,4431.87,14
1788241500,2026-09-01 03:45,2026-09-01 05:45,4431.88,4432.85,4427.93,4432.51,14
1788241680,2026-09-01 03:48,2026-09-01 05:48,4432.35,4436.36,4432.31,4434.83,14
1788241860,2026-09-01 03:51,2026-09-01 05:51,4434.82,4440.08,4434.65,4439.89,14
1788242040,2026-09-01 03:54,2026-09-01 05:54,4439.7,4440.43,4438.4,4440.19,14
1788242220,2026-09-01 03:57,2026-09-01 05:57,4440.08,4443.11,4439.96,4443.03,14
1788242400,2026-09-01 04:00,2026-09-01 06:00,4442.89,4444.14,4440.25,4441.18,14
1788242580,2026-09-01 04:03,2026-09-01 06:03,4441.16,4442.28,4439.42,4440.95,14
1788242760,2026-09-01 04:06,2026-09-01 06:06,4440.88,4442.12,4439.36,4440.68,14
1788242940,2026-09-01 04:09,2026-09-01 06:09,4440.72,4441.34,4439.88,4440.79,14
1788243120,2026-09-01 04:12,2026-09-01 06:12,4440.76,4442.14,4438.71,4439.93,14
1788243300,2026-09-01 04:15,2026-09-01 06:15,4439.94,4440.56,4437.63,4437.86,14
1788243480,2026-09-01 04:18,2026-09-01 06:18,4437.88,4438.33,4434.97,4434.98,14
1788243660,2026-09-01 04:21,2026-09-01 06:21,4434.97,4435.16,4433.21,4434.79,14
1788243840,2026-09-01 04:24,2026-09-01 06:24,4434.81,4435.08,4431.78,4433.39,14
1788244020,2026-09-01 04:27,2026-09-01 06:27,4433.24,4436.3,4432.54,4434.25,14
1788244200,2026-09-01 04:30,2026-09-01 06:30,4434.26,4436.05,4433.45,4434.85,14
1788244380,2026-09-01 04:33,2026-09-01 06:33,4434.87,4436.81,4434.86,4435.86,14
1788244560,2026-09-01 04:36,2026-09-01 06:36,4435.84,4436.92,4433.45,4435.72,14
1788244740,2026-09-01 04:39,2026-09-01 06:39,4435.68,4438.66,4435.32,4438.45,14
1788244920,2026-09-01 04:42,2026-09-01 06:42,4438.49,4438.84,4437.72,4438.66,14
1788245100,2026-09-01 04:45,2026-09-01 06:45,4438.67,4440.74,4438.42,4440.33,14
1788245280,2026-09-01 04:48,2026-09-01 06:48,4440.35,4443.05,4440.0,4442.68,14
1788245460,2026-09-01 04:51,2026-09-01 06:51,4442.76,4443.29,4441.65,4441.95,14
1788245640,2026-09-01 04:54,2026-09-01 06:54,4442.03,4442.17,4440.28,4440.6,14
1788245820,2026-09-01 04:57,2026-09-01 06:57,4440.65,4440.65,4436.63,4436.68,14
1788246000,2026-09-01 05:00,2026-09-01 07:00,4436.8,4437.85,4436.19,4436.71,14
1788246180,2026-09-01 05:03,2026-09-01 07:03,4436.51,4437.49,4435.69,4436.03,14
1788246360,2026-09-01 05:06,2026-09-01 07:06,4436.25,4436.25,4432.62,4432.62,14
1788246540,2026-09-01 05:09,2026-09-01 07:09,4432.54,4433.23,4430.22,4431.47,14
1788246720,2026-09-01 05:12,2026-09-01 07:12,4431.47,4432.38,4430.65,4431.35,14
1788246900,2026-09-01 05:15,2026-09-01 07:15,4431.11,4433.74,4430.26,4433.65,14
1788247080,2026-09-01 05:18,2026-09-01 07:18,4433.62,4433.98,4429.74,4430.88,14
1788247260,2026-09-01 05:21,2026-09-01 07:21,4430.91,4432.58,4430.6,4432.42,14
1788247440,2026-09-01 05:24,2026-09-01 07:24,4432.41,4433.3,4431.68,4432.21,14
1788247620,2026-09-01 05:27,2026-09-01 07:27,4432.17,4432.28,4429.55,4429.61,14
1788247800,2026-09-01 05:30,2026-09-01 07:30,4429.83,4430.47,4428.57,4429.4,14
1788247980,2026-09-01 05:33,2026-09-01 07:33,4429.34,4430.47,4428.92,4430.33,14
1788248160,2026-09-01 05:36,2026-09-01 07:36,4430.32,4430.69,4428.97,4429.94,14
1788248340,2026-09-01 05:39,2026-09-01 07:39,4429.84,4430.61,4427.46,4427.9,14
1788248520,2026-09-01 05:42,2026-09-01 07:42,4427.91,4429.26,4426.57,4427.73,14
1788248700,2026-09-01 05:45,2026-09-01 07:45,4427.75,4429.57,4425.57,4428.39,14
1788248880,2026-09-01 05:48,2026-09-01 07:48,4428.37,4429.46,4425.71,4425.76,14
1788249060,2026-09-01 05:51,2026-09-01 07:51,4425.79,4429.53,4425.68,4429.24,14
1788249240,2026-09-01 05:54,2026-09-01 07:54,4429.18,4429.73,4425.44,4427.6,14
1788249420,2026-09-01 05:57,2026-09-01 07:57,4427.62,4427.64,4426.17,4426.59,14
1788249600,2026-09-01 06:00,2026-09-01 08:00,4426.64,4429.54,4426.21,4429.51,14
1788249780,2026-09-01 06:03,2026-09-01 08:03,4429.29,4431.6,4429.15,4430.83,14
1788249960,2026-09-01 06:06,2026-09-01 08:06,4430.84,4432.58,4430.66,4431.16,14
1788250140,2026-09-01 06:09,2026-09-01 08:09,4431.17,4431.32,4429.37,4430.41,14
1788250320,2026-09-01 06:12,2026-09-01 08:12,4430.51,4431.43,4428.98,4429.44,14
1788250500,2026-09-01 06:15,2026-09-01 08:15,4429.45,4430.62,4427.95,4428.39,14
1788250680,2026-09-01 06:18,2026-09-01 08:18,4428.38,4428.69,4425.52,4427.07,14
1788250860,2026-09-01 06:21,2026-09-01 08:21,4427.07,4428.08,4426.25,4426.52,14
1788251040,2026-09-01 06:24,2026-09-01 08:24,4426.51,4427.81,4426.35,4427.01,14
1788251220,2026-09-01 06:27,2026-09-01 08:27,4426.95,4428.39,4425.91,4426.74,14
1788251400,2026-09-01 06:30,2026-09-01 08:30,4426.86,4434.74,4424.1,4433.8,14
1788251580,2026-09-01 06:33,2026-09-01 08:33,4433.73,4437.04,4431.49,4436.92,14
1788251760,2026-09-01 06:36,2026-09-01 08:36,4436.91,4439.99,4435.11,4439.42,14
1788251940,2026-09-01 06:39,2026-09-01 08:39,4439.4,4443.08,4438.29,4441.28,14
1788252120,2026-09-01 06:42,2026-09-01 08:42,4441.3,4443.52,4440.01,4442.64,14
1788252300,2026-09-01 06:45,2026-09-01 08:45,4442.72,4445.76,4441.17,4444.57,14
1788252480,2026-09-01 06:48,2026-09-01 08:48,4444.58,4445.99,4443.19,4443.67,14
1788252660,2026-09-01 06:51,2026-09-01 08:51,4443.72,4443.78,4441.06,4442.88,14
1788252840,2026-09-01 06:54,2026-09-01 08:54,4442.89,4445.89,4442.5,4444.77,14
1788253020,2026-09-01 06:57,2026-09-01 08:57,4444.84,4445.96,4440.17,4440.37,14
1788253200,2026-09-01 07:00,2026-09-01 09:00,4440.22,4440.73,4437.22,4438.25,14
1788253380,2026-09-01 07:03,2026-09-01 09:03,4438.19,4438.19,4435.58,4437.39,14
1788253560,2026-09-01 07:06,2026-09-01 09:06,4437.38,4438.52,4435.75,4436.59,14
1788253740,2026-09-01 07:09,2026-09-01 09:09,4436.57,4437.14,4433.73,4434.57,14
1788253920,2026-09-01 07:12,2026-09-01 09:12,4434.44,4435.14,4431.89,4432.93,14
1788254100,2026-09-01 07:15,2026-09-01 09:15,4432.92,4434.81,4432.54,4434.05,14
1788254280,2026-09-01 07:18,2026-09-01 09:18,4434.04,4435.14,4433.03,4433.7,14
1788254460,2026-09-01 07:21,2026-09-01 09:21,4433.69,4434.05,4430.87,4431.59,14
1788254640,2026-09-01 07:24,2026-09-01 09:24,4431.66,4433.49,4431.25,4432.31,14
1788254820,2026-09-01 07:27,2026-09-01 09:27,4432.25,4432.27,4427.66,4429.15,14
1788255000,2026-09-01 07:30,2026-09-01 09:30,4429.21,4430.44,4428.4,4429.15,14
1788255180,2026-09-01 07:33,2026-09-01 09:33,4429.16,4431.73,4428.66,4431.37,14
1788255360,2026-09-01 07:36,2026-09-01 09:36,4431.28,4433.82,4430.51,4433.77,14
1788255540,2026-09-01 07:39,2026-09-01 09:39,4433.88,4434.69,4432.71,4434.18,14
1788255720,2026-09-01 07:42,2026-09-01 09:42,4434.22,4435.35,4432.79,4434.78,14
1788255900,2026-09-01 07:45,2026-09-01 09:45,4434.8,4435.48,4429.41,4429.79,14
1788256080,2026-09-01 07:48,2026-09-01 09:48,4429.78,4430.87,4428.98,4429.2,14
1788256260,2026-09-01 07:51,2026-09-01 09:51,4429.05,4430.39,4428.21,4430.01,14
1788256440,2026-09-01 07:54,2026-09-01 09:54,4430.02,4431.12,4429.71,4430.01,14
1788256620,2026-09-01 07:57,2026-09-01 09:57,4430.03,4430.87,4429.39,4429.55,14
1788256800,2026-09-01 08:00,2026-09-01 10:00,4429.47,4434.84,4429.47,4434.41,14
1788256980,2026-09-01 08:03,2026-09-01 10:03,4434.33,4434.94,4431.87,4432.34,14
1788257160,2026-09-01 08:06,2026-09-01 10:06,4432.38,4432.97,4429.98,4429.98,14
1788257340,2026-09-01 08:09,2026-09-01 10:09,4429.9,4431.49,4429.63,4431.23,14
1788257520,2026-09-01 08:12,2026-09-01 10:12,4431.24,4433.32,4429.79,4433.25,14
1788257700,2026-09-01 08:15,2026-09-01 10:15,4432.97,4433.72,4430.79,4432.1,14
1788257880,2026-09-01 08:18,2026-09-01 10:18,4432.12,4432.15,4428.48,4429.14,14
1788258060,2026-09-01 08:21,2026-09-01 10:21,4429.16,4432.54,4427.55,4428.34,14
1788258240,2026-09-01 08:24,2026-09-01 10:24,4428.35,4429.93,4426.53,4428.25,14
1788258420,2026-09-01 08:27,2026-09-01 10:27,4428.28,4429.04,4425.94,4426.3,14
1788258600,2026-09-01 08:30,2026-09-01 10:30,4426.19,4426.81,4419.52,4424.13,14
1788258780,2026-09-01 08:33,2026-09-01 10:33,4424.28,4428.31,4424.04,4424.72,14
1788258960,2026-09-01 08:36,2026-09-01 10:36,4424.73,4424.96,4419.5,4420.44,14
1788259140,2026-09-01 08:39,2026-09-01 10:39,4420.44,4421.55,4411.97,4420.04,14
1788259320,2026-09-01 08:42,2026-09-01 10:42,4419.96,4421.98,4418.2,4418.3,14
1788259500,2026-09-01 08:45,2026-09-01 10:45,4418.51,4419.64,4417.01,4419.48,14
1788259680,2026-09-01 08:48,2026-09-01 10:48,4419.45,4423.22,4419.2,4422.17,14
1788259860,2026-09-01 08:51,2026-09-01 10:51,4422.2,4422.67,4418.64,4419.13,14
1788260040,2026-09-01 08:54,2026-09-01 10:54,4419.12,4422.24,4418.83,4420.95,14
1788260220,2026-09-01 08:57,2026-09-01 10:57,4420.91,4421.37,4417.02,4420.11,14
1788260400,2026-09-01 09:00,2026-09-01 11:00,4419.74,4419.74,4414.16,4414.57,14
1788260580,2026-09-01 09:03,2026-09-01 11:03,4414.81,4418.79,4410.64,4411.29,14
1788260760,2026-09-01 09:06,2026-09-01 11:06,4411.33,4412.68,4403.03,4404.81,14
1788260940,2026-09-01 09:09,2026-09-01 11:09,4404.85,4406.13,4389.53,4392.72,14
1788261120,2026-09-01 09:12,2026-09-01 11:12,4392.7,4406.94,4392.1,4405.29,14
1788261300,2026-09-01 09:15,2026-09-01 11:15,4405.31,4405.75,4397.43,4397.88,14
1788261480,2026-09-01 09:18,2026-09-01 11:18,4397.86,4398.48,4394.71,4398.04,14
1788261660,2026-09-01 09:21,2026-09-01 11:21,4398.08,4398.62,4387.41,4388.11,14
1788261840,2026-09-01 09:24,2026-09-01 11:24,4388.05,4388.33,4383.22,4386.28,14
1788262020,2026-09-01 09:27,2026-09-01 11:27,4386.43,4387.76,4381.68,4382.98,14
1788262200,2026-09-01 09:30,2026-09-01 11:30,4382.96,4383.59,4373.27,4377.77,14
1788262380,2026-09-01 09:33,2026-09-01 11:33,4377.42,4378.3,4372.96,4374.09,14
1788262560,2026-09-01 09:36,2026-09-01 11:36,4373.99,4377.33,4370.05,4373.12,14
1788262740,2026-09-01 09:39,2026-09-01 11:39,4373.13,4381.18,4371.06,4377.14,14
1788262920,2026-09-01 09:42,2026-09-01 11:42,4377.12,4377.27,4370.35,4375.73,14
1788263100,2026-09-01 09:45,2026-09-01 11:45,4375.74,4378.5,4369.48,4375.26,14
1788263280,2026-09-01 09:48,2026-09-01 11:48,4375.18,4378.0,4372.57,4375.24,14
1788263460,2026-09-01 09:51,2026-09-01 11:51,4375.25,4378.08,4372.97,4373.93,14
1788263640,2026-09-01 09:54,2026-09-01 11:54,4374.16,4378.02,4371.94,4373.01,14
1788263820,2026-09-01 09:57,2026-09-01 11:57,4373.07,4376.11,4370.32,4370.94,14
1788264000,2026-09-01 10:00,2026-09-01 12:00,4370.87,4373.57,4366.79,4367.13,14
1788264180,2026-09-01 10:03,2026-09-01 12:03,4367.2,4375.59,4366.56,4373.7,14
1788264360,2026-09-01 10:06,2026-09-01 12:06,4373.47,4375.34,4367.58,4372.07,14
1788264540,2026-09-01 10:09,2026-09-01 12:09,4372.17,4373.05,4369.09,4372.89,14
1788264720,2026-09-01 10:12,2026-09-01 12:12,4372.97,4376.17,4372.15,4375.93,14
1788264900,2026-09-01 10:15,2026-09-01 12:15,4375.93,4377.75,4374.66,4376.65,14
1788265080,2026-09-01 10:18,2026-09-01 12:18,4376.55,4378.13,4374.65,4375.08,14
1788265260,2026-09-01 10:21,2026-09-01 12:21,4375.04,4377.6,4374.63,4375.29,14
1788265440,2026-09-01 10:24,2026-09-01 12:24,4375.23,4375.77,4371.54,4372.71,14
1788265620,2026-09-01 10:27,2026-09-01 12:27,4372.7,4373.7,4370.82,4372.85,14
1788265800,2026-09-01 10:30,2026-09-01 12:30,4372.69,4373.2,4366.82,4369.16,14
1788265980,2026-09-01 10:33,2026-09-01 12:33,4369.0,4371.24,4367.23,4368.57,14
1788266160,2026-09-01 10:36,2026-09-01 12:36,4368.52,4369.67,4366.46,4366.47,14
1788266340,2026-09-01 10:39,2026-09-01 12:39,4366.5,4369.41,4365.53,4368.3,14
1788266520,2026-09-01 10:42,2026-09-01 12:42,4368.25,4371.82,4367.16,4371.52,14
1788266700,2026-09-01 10:45,2026-09-01 12:45,4371.45,4373.81,4370.15,4373.07,14
1788266880,2026-09-01 10:48,2026-09-01 12:48,4373.06,4373.79,4368.68,4368.94,14
1788267060,2026-09-01 10:51,2026-09-01 12:51,4369.07,4371.77,4368.82,4370.03,14
1788267240,2026-09-01 10:54,2026-09-01 12:54,4369.9,4373.32,4368.24,4369.89,14
1788267420,2026-09-01 10:57,2026-09-01 12:57,4369.73,4370.3,4364.78,4364.87,14
1788267600,2026-09-01 11:00,2026-09-01 13:00,4364.93,4371.0,4364.44,4370.6,14
1788267780,2026-09-01 11:03,2026-09-01 13:03,4370.48,4370.56,4366.4,4369.68,14
1788267960,2026-09-01 11:06,2026-09-01 13:06,4369.62,4374.92,4367.58,4372.79,14
1788268140,2026-09-01 11:09,2026-09-01 13:09,4372.72,4376.72,4371.88,4376.4,14
1788268320,2026-09-01 11:12,2026-09-01 13:12,4376.41,4381.67,4376.31,4378.34,14
1788268500,2026-09-01 11:15,2026-09-01 13:15,4378.41,4383.13,4378.27,4381.1,14
1788268680,2026-09-01 11:18,2026-09-01 13:18,4381.18,4382.01,4380.14,4381.5,14
1788268860,2026-09-01 11:21,2026-09-01 13:21,4381.55,4385.26,4381.27,4383.55,14
1788269040,2026-09-01 11:24,2026-09-01 13:24,4383.4,4385.31,4383.1,4383.53,14
1788269220,2026-09-01 11:27,2026-09-01 13:27,4383.69,4385.6,4383.15,4384.99,14
1788269400,2026-09-01 11:30,2026-09-01 13:30,4384.85,4385.78,4381.53,4382.8,14
1788269580,2026-09-01 11:33,2026-09-01 13:33,4382.77,4384.6,4381.72,4383.42,14
1788269760,2026-09-01 11:36,2026-09-01 13:36,4383.49,4385.68,4383.17,4385.47,14
1788269940,2026-09-01 11:39,2026-09-01 13:39,4385.48,4385.48,4383.75,4384.95,14
1788270120,2026-09-01 11:42,2026-09-01 13:42,4384.98,4386.06,4381.71,4381.71,14
1788270300,2026-09-01 11:45,2026-09-01 13:45,4381.77,4381.92,4377.3,4379.05,14
1788270480,2026-09-01 11:48,2026-09-01 13:48,4379.15,4380.75,4375.87,4376.04,14
1788270660,2026-09-01 11:51,2026-09-01 13:51,4376.06,4377.7,4375.21,4375.67,14
1788270840,2026-09-01 11:54,2026-09-01 13:54,4375.66,4377.61,4375.2,4376.33,14
1788271020,2026-09-01 11:57,2026-09-01 13:57,4376.41,4380.39,4376.4,4378.46,14
1788271200,2026-09-01 12:00,2026-09-01 14:00,4378.42,4379.2,4375.89,4378.46,14
1788271380,2026-09-01 12:03,2026-09-01 14:03,4378.37,4380.63,4377.17,4377.81,14
1788271560,2026-09-01 12:06,2026-09-01 14:06,4377.84,4382.96,4376.83,4381.01,14
1788271740,2026-09-01 12:09,2026-09-01 14:09,4380.71,4382.79,4380.37,4380.67,14
1788271920,2026-09-01 12:12,2026-09-01 14:12,4380.66,4383.12,4376.67,4377.52,14
1788272100,2026-09-01 12:15,2026-09-01 14:15,4377.49,4377.63,4374.95,4375.61,14
1788272280,2026-09-01 12:18,2026-09-01 14:18,4375.68,4378.42,4375.23,4377.5,14
1788272460,2026-09-01 12:21,2026-09-01 14:21,4377.46,4381.53,4376.22,4377.74,14
1788272640,2026-09-01 12:24,2026-09-01 14:24,4377.76,4378.76,4376.6,4378.16,14
1788272820,2026-09-01 12:27,2026-09-01 14:27,4378.19,4382.09,4377.98,4380.79,14
1788273000,2026-09-01 12:30,2026-09-01 14:30,4380.76,4382.35,4378.36,4381.44,14
1788273180,2026-09-01 12:33,2026-09-01 14:33,4381.43,4381.82,4379.1,4379.45,14
1788273360,2026-09-01 12:36,2026-09-01 14:36,4379.34,4384.33,4379.04,4383.33,14
1788273540,2026-09-01 12:39,2026-09-01 14:39,4383.3,4384.59,4382.84,4383.38,14
1788273720,2026-09-01 12:42,2026-09-01 14:42,4383.34,4384.92,4382.77,4384.22,14
1788273900,2026-09-01 12:45,2026-09-01 14:45,4384.27,4386.66,4383.56,4386.06,14
1788274080,2026-09-01 12:48,2026-09-01 14:48,4386.0,4387.42,4385.08,4385.37,14
1788274260,2026-09-01 12:51,2026-09-01 14:51,4385.15,4386.84,4381.2,4381.24,14
1788274440,2026-09-01 12:54,2026-09-01 14:54,4381.26,4381.84,4375.61,4376.09,14
1788274620,2026-09-01 12:57,2026-09-01 14:57,4376.19,4376.51,4371.85,4374.58,14
1788274800,2026-09-01 13:00,2026-09-01 15:00,4374.56,4374.81,4369.68,4373.11,14
1788274980,2026-09-01 13:03,2026-09-01 15:03,4372.83,4373.64,4370.64,4371.34,14
1788275160,2026-09-01 13:06,2026-09-01 15:06,4371.33,4373.0,4370.17,4371.09,14
1788275340,2026-09-01 13:09,2026-09-01 15:09,4371.07,4372.44,4366.84,4368.27,14
1788275520,2026-09-01 13:12,2026-09-01 15:12,4368.35,4372.59,4367.28,4370.91,14
1788275700,2026-09-01 13:15,2026-09-01 15:15,4370.7,4373.52,4370.03,4373.41,14
1788275880,2026-09-01 13:18,2026-09-01 15:18,4373.42,4375.57,4366.33,4370.16,14
1788276060,2026-09-01 13:21,2026-09-01 15:21,4370.3,4370.69,4366.66,4368.79,14
1788276240,2026-09-01 13:24,2026-09-01 15:24,4368.8,4376.06,4366.06,4375.95,14
1788276420,2026-09-01 13:27,2026-09-01 15:27,4375.89,4375.91,4367.88,4368.76,14
1788276600,2026-09-01 13:30,2026-09-01 15:30,4368.61,4368.99,4361.43,4363.06,14
1788276780,2026-09-01 13:33,2026-09-01 15:33,4363.08,4364.09,4356.45,4357.46,14
1788276960,2026-09-01 13:36,2026-09-01 15:36,4357.3,4358.36,4352.14,4356.76,14
1788277140,2026-09-01 13:39,2026-09-01 15:39,4356.75,4361.11,4354.89,4358.11,14
1788277320,2026-09-01 13:42,2026-09-01 15:42,4357.95,4365.3,4355.22,4365.03,14
1788277500,2026-09-01 13:45,2026-09-01 15:45,4365.0,4370.05,4364.56,4367.38,14
1788277680,2026-09-01 13:48,2026-09-01 15:48,4367.51,4367.67,4362.34,4362.78,14
1788277860,2026-09-01 13:51,2026-09-01 15:51,4362.61,4365.57,4362.04,4363.46,14
1788278040,2026-09-01 13:54,2026-09-01 15:54,4363.5,4363.88,4358.74,4361.36,14
1788278220,2026-09-01 13:57,2026-09-01 15:57,4361.33,4362.69,4356.24,4356.51,14
1788278400,2026-09-01 14:00,2026-09-01 16:00,4356.46,4357.78,4340.76,4340.99,14
1788278580,2026-09-01 14:03,2026-09-01 16:03,4341.11,4343.99,4334.41,4337.43,14
1788278760,2026-09-01 14:06,2026-09-01 16:06,4337.39,4343.16,4335.77,4340.5,14
1788278940,2026-09-01 14:09,2026-09-01 16:09,4340.46,4341.06,4329.03,4329.34,14
1788279120,2026-09-01 14:12,2026-09-01 16:12,4329.39,4335.49,4326.28,4329.8,14
1788279300,2026-09-01 14:15,2026-09-01 16:15,4329.86,4333.33,4328.69,4331.7,14
1788279480,2026-09-01 14:18,2026-09-01 16:18,4331.75,4334.77,4326.5,4332.73,14
1788279660,2026-09-01 14:21,2026-09-01 16:21,4332.86,4336.38,4331.69,4335.66,14
1788279840,2026-09-01 14:24,2026-09-01 16:24,4335.75,4341.42,4333.73,4339.63,14
1788280020,2026-09-01 14:27,2026-09-01 16:27,4339.55,4344.71,4338.26,4343.16,14
1788280200,2026-09-01 14:30,2026-09-01 16:30,4343.09,4353.21,4341.28,4350.64,14
1788280380,2026-09-01 14:33,2026-09-01 16:33,4350.5,4355.0,4348.71,4349.09,14
1788280560,2026-09-01 14:36,2026-09-01 16:36,4349.08,4356.77,4346.77,4353.62,14
1788280740,2026-09-01 14:39,2026-09-01 16:39,4353.52,4355.53,4351.18,4354.26,14
1788280920,2026-09-01 14:42,2026-09-01 16:42,4354.29,4362.4,4353.11,4361.54,14
1788281100,2026-09-01 14:45,2026-09-01 16:45,4361.53,4362.11,4353.9,4358.56,14
1788281280,2026-09-01 14:48,2026-09-01 16:48,4358.5,4362.38,4357.83,4360.23,14
1788281460,2026-09-01 14:51,2026-09-01 16:51,4360.37,4364.9,4359.95,4361.61,14
1788281640,2026-09-01 14:54,2026-09-01 16:54,4361.76,4362.79,4357.02,4362.27,14
1788281820,2026-09-01 14:57,2026-09-01 16:57,4362.11,4367.25,4359.51,4365.03,17
1788282000,2026-09-01 15:00,2026-09-01 17:00,4364.95,4370.46,4358.58,4359.89,17
1788282180,2026-09-01 15:03,2026-09-01 17:03,4359.88,4360.77,4353.36,4356.96,17
1788282360,2026-09-01 15:06,2026-09-01 17:06,4356.86,4365.68,4356.86,4365.09,14
1788282540,2026-09-01 15:09,2026-09-01 17:09,4365.1,4369.75,4364.15,4366.68,14
1788282720,2026-09-01 15:12,2026-09-01 17:12,4366.79,4370.27,4362.41,4370.05,14
1788282900,2026-09-01 15:15,2026-09-01 17:15,4370.18,4372.44,4368.86,4372.06,14
1788283080,2026-09-01 15:18,2026-09-01 17:18,4372.04,4374.38,4370.69,4373.83,14
1788283260,2026-09-01 15:21,2026-09-01 17:21,4373.96,4375.36,4372.09,4375.09,14
1788283440,2026-09-01 15:24,2026-09-01 17:24,4375.06,4375.5,4368.29,4368.54,14
1788283620,2026-09-01 15:27,2026-09-01 17:27,4368.5,4371.66,4366.03,4366.12,14
1788283800,2026-09-01 15:30,2026-09-01 17:30,4366.01,4370.04,4366.0,4369.01,14
1788283980,2026-09-01 15:33,2026-09-01 17:33,4368.83,4373.44,4367.16,4371.33,14
1788284160,2026-09-01 15:36,2026-09-01 17:36,4371.53,4372.51,4367.1,4368.26,14
1788284340,2026-09-01 15:39,2026-09-01 17:39,4368.02,4368.18,4364.46,4365.5,14
1788284520,2026-09-01 15:42,2026-09-01 17:42,4365.52,4367.76,4364.7,4367.19,14
1788284700,2026-09-01 15:45,2026-09-01 17:45,4366.95,4370.47,4365.26,4368.89,14
1788284880,2026-09-01 15:48,2026-09-01 17:48,4368.86,4369.66,4360.71,4364.24,14
1788285060,2026-09-01 15:51,2026-09-01 17:51,4364.26,4368.18,4362.12,4362.39,14
1788285240,2026-09-01 15:54,2026-09-01 17:54,4362.4,4362.86,4356.97,4357.74,14
1788285420,2026-09-01 15:57,2026-09-01 17:57,4357.82,4360.78,4357.09,4360.53,14
1788285600,2026-09-01 16:00,2026-09-01 18:00,4360.6,4363.29,4358.25,4359.23,14
1788285780,2026-09-01 16:03,2026-09-01 18:03,4359.1,4359.64,4355.38,4359.17,14
1788285960,2026-09-01 16:06,2026-09-01 18:06,4359.21,4359.33,4356.83,4358.83,14
1788286140,2026-09-01 16:09,2026-09-01 18:09,4358.88,4363.16,4358.88,4359.94,14
1788286320,2026-09-01 16:12,2026-09-01 18:12,4359.98,4360.65,4356.76,4357.53,14
1788286500,2026-09-01 16:15,2026-09-01 18:15,4357.5,4361.12,4356.33,4360.64,14
1788286680,2026-09-01 16:18,2026-09-01 18:18,4360.58,4365.17,4360.46,4364.25,14
1788286860,2026-09-01 16:21,2026-09-01 18:21,4364.24,4365.45,4362.85,4363.73,14
1788287040,2026-09-01 16:24,2026-09-01 18:24,4363.71,4364.0,4358.65,4359.65,14
1788287220,2026-09-01 16:27,2026-09-01 18:27,4359.59,4365.95,4359.02,4365.86,14
1788287400,2026-09-01 16:30,2026-09-01 18:30,4365.79,4366.4,4362.63,4364.11,14
1788287580,2026-09-01 16:33,2026-09-01 18:33,4364.14,4366.71,4361.42,4363.88,14
1788287760,2026-09-01 16:36,2026-09-01 18:36,4363.96,4366.66,4362.85,4364.13,14
1788287940,2026-09-01 16:39,2026-09-01 18:39,4364.04,4367.75,4363.17,4366.51,14
1788288120,2026-09-01 16:42,2026-09-01 18:42,4366.52,4370.9,4365.55,4370.61,14
1788288300,2026-09-01 16:45,2026-09-01 18:45,4370.51,4371.54,4368.69,4369.72,14
1788288480,2026-09-01 16:48,2026-09-01 18:48,4369.8,4371.34,4368.45,4369.46,14
1788288660,2026-09-01 16:51,2026-09-01 18:51,4369.41,4372.7,4369.41,4371.22,14
1788288840,2026-09-01 16:54,2026-09-01 18:54,4371.19,4373.91,4370.49,4371.3,14
1788289020,2026-09-01 16:57,2026-09-01 18:57,4371.37,4373.41,4370.3,4372.73,14
1788289200,2026-09-01 17:00,2026-09-01 19:00,4372.75,4374.63,4371.45,4371.8,14
1788289380,2026-09-01 17:03,2026-09-01 19:03,4371.85,4373.31,4371.34,4372.2,14
1788289560,2026-09-01 17:06,2026-09-01 19:06,4372.21,4372.64,4368.41,4369.58,14
1788289740,2026-09-01 17:09,2026-09-01 19:09,4369.69,4370.03,4364.77,4365.13,14
1788289920,2026-09-01 17:12,2026-09-01 19:12,4365.15,4366.77,4362.39,4362.39,14
1788290100,2026-09-01 17:15,2026-09-01 19:15,4362.26,4365.75,4360.42,4360.6,14
1788290280,2026-09-01 17:18,2026-09-01 19:18,4360.61,4361.08,4356.32,4356.68,14
1788290460,2026-09-01 17:21,2026-09-01 19:21,4356.61,4358.53,4355.78,4357.51,14
1788290640,2026-09-01 17:24,2026-09-01 19:24,4357.55,4359.17,4353.4,4353.4,14
1788290820,2026-09-01 17:27,2026-09-01 19:27,4353.22,4356.22,4352.6,4352.9,14
1788291000,2026-09-01 17:30,2026-09-01 19:30,4352.84,4353.12,4347.22,4348.88,14
1788291180,2026-09-01 17:33,2026-09-01 19:33,4348.85,4351.36,4347.93,4349.77,14
1788291360,2026-09-01 17:36,2026-09-01 19:36,4349.66,4355.16,4347.05,4353.4,14
1788291540,2026-09-01 17:39,2026-09-01 19:39,4353.39,4357.7,4353.07,4357.5,14
1788291720,2026-09-01 17:42,2026-09-01 19:42,4357.27,4357.67,4352.35,4354.71,14
1788291900,2026-09-01 17:45,2026-09-01 19:45,4354.73,4359.16,4354.73,4356.3,14
1788292080,2026-09-01 17:48,2026-09-01 19:48,4356.55,4358.23,4355.5,4357.8,14
1788292260,2026-09-01 17:51,2026-09-01 19:51,4357.89,4358.04,4353.81,4354.22,14
1788292440,2026-09-01 17:54,2026-09-01 19:54,4354.25,4356.36,4353.69,4354.56,14
1788292620,2026-09-01 17:57,2026-09-01 19:57,4354.49,4355.55,4351.24,4351.4,14
1788292800,2026-09-01 18:00,2026-09-01 20:00,4351.41,4352.18,4347.69,4348.89,14
1788292980,2026-09-01 18:03,2026-09-01 20:03,4349.02,4350.07,4345.98,4347.27,14
1788293160,2026-09-01 18:06,2026-09-01 20:06,4347.3,4347.89,4344.57,4345.81,14
1788293340,2026-09-01 18:09,2026-09-01 20:09,4345.82,4348.09,4344.43,4344.82,14
1788293520,2026-09-01 18:12,2026-09-01 20:12,4344.84,4348.12,4344.84,4346.42,14
1788293700,2026-09-01 18:15,2026-09-01 20:15,4346.41,4348.85,4344.59,4344.59,14
1788293880,2026-09-01 18:18,2026-09-01 20:18,4344.81,4348.25,4344.2,4346.82,14
1788294060,2026-09-01 18:21,2026-09-01 20:21,4346.89,4346.89,4344.91,4346.6,14
1788294240,2026-09-01 18:24,2026-09-01 20:24,4346.67,4348.84,4342.76,4344.16,14
1788294420,2026-09-01 18:27,2026-09-01 20:27,4344.32,4350.18,4344.08,4350.04,14
1788294600,2026-09-01 18:30,2026-09-01 20:30,4350.02,4352.02,4348.96,4349.31,14
1788294780,2026-09-01 18:33,2026-09-01 20:33,4349.41,4350.78,4347.45,4349.71,14
1788294960,2026-09-01 18:36,2026-09-01 20:36,4349.68,4350.03,4347.47,4348.03,14
1788295140,2026-09-01 18:39,2026-09-01 20:39,4348.06,4348.55,4342.79,4344.77,14
1788295320,2026-09-01 18:42,2026-09-01 20:42,4344.73,4345.44,4343.03,4344.0,14
1788295500,2026-09-01 18:45,2026-09-01 20:45,4343.99,4344.55,4341.01,4342.74,14
1788295680,2026-09-01 18:48,2026-09-01 20:48,4342.72,4344.37,4342.17,4344.07,14
1788295860,2026-09-01 18:51,2026-09-01 20:51,4344.08,4344.79,4341.25,4341.43,14
1788296040,2026-09-01 18:54,2026-09-01 20:54,4341.36,4344.07,4341.35,4342.61,14
1788296220,2026-09-01 18:57,2026-09-01 20:57,4342.71,4344.18,4341.98,4343.18,14
1788296400,2026-09-01 19:00,2026-09-01 21:00,4343.31,4344.75,4341.95,4343.2,14
1788296580,2026-09-01 19:03,2026-09-01 21:03,4343.23,4344.25,4338.24,4338.32,14
1788296760,2026-09-01 19:06,2026-09-01 21:06,4338.35,4340.01,4338.15,4338.56,14
1788296940,2026-09-01 19:09,2026-09-01 21:09,4338.47,4338.49,4335.4,4336.04,14
1788297120,2026-09-01 19:12,2026-09-01 21:12,4336.08,4337.03,4334.47,4336.55,14
1788297300,2026-09-01 19:15,2026-09-01 21:15,4336.53,4339.89,4335.66,4339.59,14
1788297480,2026-09-01 19:18,2026-09-01 21:18,4339.58,4341.68,4339.24,4341.33,14
1788297660,2026-09-01 19:21,2026-09-01 21:21,4341.2,4341.54,4339.58,4340.65,14
1788297840,2026-09-01 19:24,2026-09-01 21:24,4340.63,4341.71,4338.95,4339.93,14
1788298020,2026-09-01 19:27,2026-09-01 21:27,4339.96,4340.01,4336.9,4337.58,14
1788298200,2026-09-01 19:30,2026-09-01 21:30,4337.7,4337.7,4333.73,4334.14,14
1788298380,2026-09-01 19:33,2026-09-01 21:33,4334.09,4334.91,4332.78,4333.51,14
1788298560,2026-09-01 19:36,2026-09-01 21:36,4333.52,4333.87,4329.25,4329.59,14
1788298740,2026-09-01 19:39,2026-09-01 21:39,4329.65,4330.77,4328.82,4329.67,14
1788298920,2026-09-01 19:42,2026-09-01 21:42,4329.64,4331.16,4328.5,4329.7,14
1788299100,2026-09-01 19:45,2026-09-01 21:45,4329.67,4330.78,4329.16,4330.07,14
1788299280,2026-09-01 19:48,2026-09-01 21:48,4330.09,4332.16,4328.3,4331.22,14
1788299460,2026-09-01 19:51,2026-09-01 21:51,4331.14,4334.49,4330.82,4333.33,14
1788299640,2026-09-01 19:54,2026-09-01 21:54,4333.32,4333.63,4328.5,4331.74,14
1788299820,2026-09-01 19:57,2026-09-01 21:57,4331.72,4333.61,4331.23,4331.76,14
1788300000,2026-09-01 20:00,2026-09-01 22:00,4331.66,4332.18,4329.0,4329.66,14
1788300180,2026-09-01 20:03,2026-09-01 22:03,4329.74,4333.97,4329.35,4331.23,14
1788300360,2026-09-01 20:06,2026-09-01 22:06,4331.19,4332.11,4329.75,4331.23,14
1788300540,2026-09-01 20:09,2026-09-01 22:09,4331.17,4335.82,4330.85,4334.13,14
1788300720,2026-09-01 20:12,2026-09-01 22:12,4334.02,4337.24,4333.94,4337.15,14
1788300900,2026-09-01 20:15,2026-09-01 22:15,4337.17,4337.66,4335.31,4336.33,14
1788301080,2026-09-01 20:18,2026-09-01 22:18,4336.29,4336.62,4333.99,4334.16,14
1788301260,2026-09-01 20:21,2026-09-01 22:21,4334.29,4335.77,4333.38,4334.45,14
1788301440,2026-09-01 20:24,2026-09-01 22:24,4334.35,4335.65,4333.59,4334.84,14
1788301620,2026-09-01 20:27,2026-09-01 22:27,4334.83,4335.69,4334.51,4334.75,14
1788301800,2026-09-01 20:30,2026-09-01 22:30,4334.79,4335.0,4328.45,4329.57,14
1788301980,2026-09-01 20:33,2026-09-01 22:33,4329.5,4330.86,4328.67,4330.46,14
1788302160,2026-09-01 20:36,2026-09-01 22:36,4330.42,4330.82,4328.09,4329.26,14
1788302340,2026-09-01 20:39,2026-09-01 22:39,4329.27,4329.43,4322.91,4326.6,14
1788302520,2026-09-01 20:42,2026-09-01 22:42,4326.64,4327.47,4324.96,4326.51,14
1788302700,2026-09-01 20:45,2026-09-01 22:45,4326.57,4328.12,4323.63,4327.28,14
1788302880,2026-09-01 20:48,2026-09-01 22:48,4327.07,4329.7,4326.56,4329.47,14
1788303060,2026-09-01 20:51,2026-09-01 22:51,4329.36,4330.61,4326.28,4327.44,14
1788303240,2026-09-01 20:54,2026-09-01 22:54,4327.46,4329.66,4327.12,4327.2,14
1788303420,2026-09-01 20:57,2026-09-01 22:57,4327.18,4327.42,4324.31,4327.09,14
1788303600,2026-09-01 21:00,2026-09-01 23:00,4327.25,4327.31,4323.6,4326.16,14
1788303780,2026-09-01 21:03,2026-09-01 23:03,4326.12,4330.52,4325.86,4330.43,17
1788303960,2026-09-01 21:06,2026-09-01 23:06,4330.39,4330.46,4327.71,4330.01,17
1788304140,2026-09-01 21:09,2026-09-01 23:09,4330.0,4330.81,4327.77,4328.02,17
1788304320,2026-09-01 21:12,2026-09-01 23:12,4328.24,4328.24,4325.49,4325.53,17
1788304500,2026-09-01 21:15,2026-09-01 23:15,4325.63,4327.14,4324.83,4326.71,17
1788304680,2026-09-01 21:18,2026-09-01 23:18,4326.7,4328.49,4326.7,4327.36,17
1788304860,2026-09-01 21:21,2026-09-01 23:21,4327.3,4328.05,4326.82,4327.63,17
1788305040,2026-09-01 21:24,2026-09-01 23:24,4327.62,4328.98,4327.26,4328.82,17
1788305220,2026-09-01 21:27,2026-09-01 23:27,4328.73,4329.18,4325.29,4326.18,17
1788305400,2026-09-01 21:30,2026-09-01 23:30,4326.17,4327.28,4325.91,4327.04,17
1788305580,2026-09-01 21:33,2026-09-01 23:33,4327.03,4327.08,4325.14,4326.23,17
1788305760,2026-09-01 21:36,2026-09-01 23:36,4326.26,4326.73,4325.49,4326.33,17
1788305940,2026-09-01 21:39,2026-09-01 23:39,4326.32,4328.04,4326.32,4327.91,17
1788306120,2026-09-01 21:42,2026-09-01 23:42,4327.92,4330.53,4327.09,4327.67,17
1788306300,2026-09-01 21:45,2026-09-01 23:45,4327.52,4329.29,4326.76,4328.13,17
1788306480,2026-09-01 21:48,2026-09-01 23:48,4328.28,4329.88,4327.66,4328.84,17
1788306660,2026-09-01 21:51,2026-09-01 23:51,4328.82,4329.41,4327.41,4328.54,17
1788306840,2026-09-01 21:54,2026-09-01 23:54,4328.55,4329.35,4328.09,4328.44,17
1788307020,2026-09-01 21:57,2026-09-01 23:57,4328.66,4329.1,4328.07,4328.29,17
1788310800,2026-09-01 23:00,2026-09-02 01:00,4332.97,4334.23,4330.42,4332.67,20
1788310980,2026-09-01 23:03,2026-09-02 01:03,4332.45,4334.32,4329.02,4329.36,17
1788311160,2026-09-01 23:06,2026-09-02 01:06,4329.43,4330.71,4328.71,4329.96,17
1788311340,2026-09-01 23:09,2026-09-02 01:09,4329.92,4330.51,4328.34,4329.22,17
1788311520,2026-09-01 23:12,2026-09-02 01:12,4329.18,4330.09,4328.65,4329.2,17
1788311700,2026-09-01 23:15,2026-09-02 01:15,4329.27,4329.46,4327.88,4327.93,14
1788311880,2026-09-01 23:18,2026-09-02 01:18,4328.04,4328.84,4327.39,4328.64,14
1788312060,2026-09-01 23:21,2026-09-02 01:21,4328.67,4328.84,4327.71,4328.14,14
1788312240,2026-09-01 23:24,2026-09-02 01:24,4328.13,4328.54,4327.25,4328.18,14
1788312420,2026-09-01 23:27,2026-09-02 01:27,4328.15,4328.51,4327.53,4328.08,14
1788312600,2026-09-01 23:30,2026-09-02 01:30,4328.12,4328.87,4326.98,4327.15,14
1788312780,2026-09-01 23:33,2026-09-02 01:33,4327.04,4329.78,4326.89,4329.3,14
1788312960,2026-09-01 23:36,2026-09-02 01:36,4329.29,4329.77,4327.55,4327.97,14
1788313140,2026-09-01 23:39,2026-09-02 01:39,4328.11,4328.43,4326.28,4326.55,14
1788313320,2026-09-01 23:42,2026-09-02 01:42,4326.58,4328.7,4326.58,4328.19,14
1788313500,2026-09-01 23:45,2026-09-02 01:45,4328.18,4328.59,4327.58,4327.82,14
1788313680,2026-09-01 23:48,2026-09-02 01:48,4327.88,4329.36,4327.68,4329.11,14
1788313860,2026-09-01 23:51,2026-09-02 01:51,4329.24,4331.31,4329.17,4330.16,14
1788314040,2026-09-01 23:54,2026-09-02 01:54,4330.13,4330.13,4329.12,4329.61,14
1788314220,2026-09-01 23:57,2026-09-02 01:57,4329.72,4330.43,4329.16,4329.38,15
1788314400,2026-09-02 00:00,2026-09-02 02:00,4329.36,4329.69,4327.18,4328.11,14
1788314580,2026-09-02 00:03,2026-09-02 02:03,4328.24,4330.04,4328.24,4329.67,14
1788314760,2026-09-02 00:06,2026-09-02 02:06,4329.64,4330.87,4328.32,4330.76,14
1788314940,2026-09-02 00:09,2026-09-02 02:09,4330.79,4331.17,4330.03,4331.09,14
1788315120,2026-09-02 00:12,2026-09-02 02:12,4331.13,4332.48,4330.15,4330.52,14
1788315300,2026-09-02 00:15,2026-09-02 02:15,4330.5,4331.69,4330.46,4330.61,14
1788315480,2026-09-02 00:18,2026-09-02 02:18,4330.62,4331.49,4329.48,4330.46,14
1788315660,2026-09-02 00:21,2026-09-02 02:21,4330.39,4330.61,4326.64,4327.11,14
1788315840,2026-09-02 00:24,2026-09-02 02:24,4327.16,4329.84,4326.19,4329.05,14
1788316020,2026-09-02 00:27,2026-09-02 02:27,4329.03,4330.95,4328.65,4330.8,14
1788316200,2026-09-02 00:30,2026-09-02 02:30,4330.79,4332.55,4330.68,4331.52,14
1788316380,2026-09-02 00:33,2026-09-02 02:33,4331.58,4333.23,4331.01,4332.18,14
1788316560,2026-09-02 00:36,2026-09-02 02:36,4332.34,4335.76,4331.87,4334.25,14
1788316740,2026-09-02 00:39,2026-09-02 02:39,4334.23,4335.6,4334.15,4334.74,14
1788316920,2026-09-02 00:42,2026-09-02 02:42,4334.73,4335.02,4333.3,4333.79,14
1788317100,2026-09-02 00:45,2026-09-02 02:45,4333.85,4333.89,4331.36,4331.87,14
1788317280,2026-09-02 00:48,2026-09-02 02:48,4332.1,4333.01,4331.33,4332.42,14
1788317460,2026-09-02 00:51,2026-09-02 02:51,4332.21,4332.25,4330.39,4330.64,14
1788317640,2026-09-02 00:54,2026-09-02 02:54,4330.58,4330.58,4326.59,4328.52,14
1788317820,2026-09-02 00:57,2026-09-02 02:57,4328.33,4329.4,4323.13,4324.45,14
1788318000,2026-09-02 01:00,2026-09-02 03:00,4324.46,4327.92,4316.14,4321.57,14
1788318180,2026-09-02 01:03,2026-09-02 03:03,4321.59,4330.23,4321.59,4326.01,14
1788318360,2026-09-02 01:06,2026-09-02 03:06,4325.85,4325.85,4318.53,4322.9,14
1788318540,2026-09-02 01:09,2026-09-02 03:09,4322.94,4327.25,4319.93,4321.41,14
1788318720,2026-09-02 01:12,2026-09-02 03:12,4321.4,4328.43,4318.96,4328.43,14
1788318900,2026-09-02 01:15,2026-09-02 03:15,4328.39,4334.54,4327.4,4333.06,14
1788319080,2026-09-02 01:18,2026-09-02 03:18,4333.07,4334.59,4325.36,4325.63,14
1788319260,2026-09-02 01:21,2026-09-02 03:21,4325.58,4334.15,4324.26,4330.26,14
1788319440,2026-09-02 01:24,2026-09-02 03:24,4330.16,4332.38,4325.64,4325.73,14
1788319620,2026-09-02 01:27,2026-09-02 03:27,4325.68,4326.32,4322.87,4326.01,14
1788319800,2026-09-02 01:30,2026-09-02 03:30,4325.87,4326.08,4320.94,4324.12,14
1788319980,2026-09-02 01:33,2026-09-02 03:33,4324.0,4327.54,4320.57,4327.52,14
1788320160,2026-09-02 01:36,2026-09-02 03:36,4327.63,4330.06,4323.83,4327.39,14
1788320340,2026-09-02 01:39,2026-09-02 03:39,4327.38,4327.99,4323.72,4324.93,14
1788320520,2026-09-02 01:42,2026-09-02 03:42,4325.01,4331.6,4324.67,4330.0,14
1788320700,2026-09-02 01:45,2026-09-02 03:45,4330.1,4331.24,4326.03,4326.03,14
1788320880,2026-09-02 01:48,2026-09-02 03:48,4325.99,4326.47,4320.83,4322.34,14
1788321060,2026-09-02 01:51,2026-09-02 03:51,4322.24,4322.63,4319.23,4320.35,14
1788321240,2026-09-02 01:54,2026-09-02 03:54,4320.27,4320.32,4314.54,4317.6,14
1788321420,2026-09-02 01:57,2026-09-02 03:57,4317.56,4320.33,4315.42,4315.99,14
1788321600,2026-09-02 02:00,2026-09-02 04:00,4315.93,4322.85,4307.16,4313.12,14
1788321780,2026-09-02 02:03,2026-09-02 04:03,4313.1,4320.46,4305.25,4305.82,14
1788321960,2026-09-02 02:06,2026-09-02 04:06,4305.91,4312.53,4304.86,4309.05,14
1788322140,2026-09-02 02:09,2026-09-02 04:09,4308.82,4316.65,4308.17,4314.85,14
1788322320,2026-09-02 02:12,2026-09-02 04:12,4314.66,4320.63,4313.52,4317.56,14
1788322500,2026-09-02 02:15,2026-09-02 04:15,4317.5,4326.35,4315.96,4323.47,14
1788322680,2026-09-02 02:18,2026-09-02 04:18,4323.37,4326.08,4317.54,4321.48,14
1788322860,2026-09-02 02:21,2026-09-02 04:21,4321.54,4322.8,4318.66,4321.51,14
1788323040,2026-09-02 02:24,2026-09-02 04:24,4321.43,4324.56,4317.92,4320.79,14
1788323220,2026-09-02 02:27,2026-09-02 04:27,4320.53,4320.54,4315.5,4317.55,14
1788323400,2026-09-02 02:30,2026-09-02 04:30,4317.61,4318.85,4312.94,4314.3,14
1788323580,2026-09-02 02:33,2026-09-02 04:33,4314.17,4314.49,4305.14,4308.65,14
1788323760,2026-09-02 02:36,2026-09-02 04:36,4308.64,4309.82,4305.41,4305.5,14
1788323940,2026-09-02 02:39,2026-09-02 04:39,4305.44,4310.29,4305.18,4309.66,14
1788324120,2026-09-02 02:42,2026-09-02 04:42,4309.62,4311.27,4306.93,4309.13,14
1788324300,2026-09-02 02:45,2026-09-02 04:45,4309.26,4310.09,4304.4,4305.01,14
1788324480,2026-09-02 02:48,2026-09-02 04:48,4305.09,4308.79,4304.57,4305.24,14
1788324660,2026-09-02 02:51,2026-09-02 04:51,4305.18,4305.57,4290.7,4295.77,14
1788324840,2026-09-02 02:54,2026-09-02 04:54,4295.9,4300.13,4294.05,4294.14,14
1788325020,2026-09-02 02:57,2026-09-02 04:57,4294.16,4295.42,4288.39,4291.33,14
1788325200,2026-09-02 03:00,2026-09-02 05:00,4291.42,4295.29,4287.59,4294.92,14
1788325380,2026-09-02 03:03,2026-09-02 05:03,4294.83,4296.99,4294.23,4296.06,14
1788325560,2026-09-02 03:06,2026-09-02 05:06,4296.1,4302.19,4295.89,4298.94,14
1788325740,2026-09-02 03:09,2026-09-02 05:09,4298.97,4299.13,4289.43,4291.98,14
1788325920,2026-09-02 03:12,2026-09-02 05:12,4291.92,4296.95,4291.29,4296.27,14
1788326100,2026-09-02 03:15,2026-09-02 05:15,4296.38,4301.03,4296.27,4300.36,14
1788326280,2026-09-02 03:18,2026-09-02 05:18,4300.29,4304.96,4299.25,4304.96,14
1788326460,2026-09-02 03:21,2026-09-02 05:21,4305.21,4306.9,4300.41,4303.42,14
1788326640,2026-09-02 03:24,2026-09-02 05:24,4303.49,4304.82,4301.43,4302.48,14
1788326820,2026-09-02 03:27,2026-09-02 05:27,4302.5,4305.95,4302.28,4304.27,14
1788327000,2026-09-02 03:30,2026-09-02 05:30,4304.25,4305.94,4299.31,4305.19,14
1788327180,2026-09-02 03:33,2026-09-02 05:33,4305.1,4309.16,4304.78,4308.55,14
1788327360,2026-09-02 03:36,2026-09-02 05:36,4308.54,4314.9,4308.52,4312.32,14
1788327540,2026-09-02 03:39,2026-09-02 05:39,4312.15,4313.7,4311.14,4312.34,14
1788327720,2026-09-02 03:42,2026-09-02 05:42,4312.31,4313.1,4308.9,4309.4,14
1788327900,2026-09-02 03:45,2026-09-02 05:45,4309.48,4310.93,4308.8,4309.59,14
1788328080,2026-09-02 03:48,2026-09-02 05:48,4309.62,4311.09,4308.18,4308.87,14
1788328260,2026-09-02 03:51,2026-09-02 05:51,4308.9,4308.9,4306.57,4308.26,14
1788328440,2026-09-02 03:54,2026-09-02 05:54,4308.3,4308.3,4303.44,4303.83,14
1788328620,2026-09-02 03:57,2026-09-02 05:57,4303.8,4303.89,4299.95,4302.73,17
1788328800,2026-09-02 04:00,2026-09-02 06:00,4302.72,4304.47,4299.14,4299.53,17
1788328980,2026-09-02 04:03,2026-09-02 06:03,4299.56,4301.94,4298.05,4298.1,17
1788329160,2026-09-02 04:06,2026-09-02 06:06,4298.28,4301.3,4297.33,4300.6,14
1788329340,2026-09-02 04:09,2026-09-02 06:09,4300.57,4301.52,4296.88,4300.37,14
1788329520,2026-09-02 04:12,2026-09-02 06:12,4300.5,4301.79,4298.22,4301.0,14
1788329700,2026-09-02 04:15,2026-09-02 06:15,4300.9,4302.83,4297.35,4298.21,14
1788329880,2026-09-02 04:18,2026-09-02 06:18,4298.11,4299.76,4294.1,4294.31,14
1788330060,2026-09-02 04:21,2026-09-02 06:21,4294.32,4295.64,4291.33,4291.55,14
1788330240,2026-09-02 04:24,2026-09-02 06:24,4291.7,4298.84,4289.43,4298.36,14
1788330420,2026-09-02 04:27,2026-09-02 06:27,4298.35,4299.09,4293.6,4293.6,14
1788330600,2026-09-02 04:30,2026-09-02 06:30,4293.7,4294.03,4290.26,4291.01,14
1788330780,2026-09-02 04:33,2026-09-02 06:33,4291.0,4291.2,4282.68,4284.46,14
1788330960,2026-09-02 04:36,2026-09-02 06:36,4284.48,4290.47,4283.79,4290.46,14
1788331140,2026-09-02 04:39,2026-09-02 06:39,4290.47,4291.83,4286.7,4287.09,14
1788331320,2026-09-02 04:42,2026-09-02 06:42,4287.08,4288.81,4285.35,4288.79,14
1788331500,2026-09-02 04:45,2026-09-02 06:45,4288.78,4296.01,4288.62,4295.68,14
1788331680,2026-09-02 04:48,2026-09-02 06:48,4295.6,4299.5,4295.55,4298.3,14
1788331860,2026-09-02 04:51,2026-09-02 06:51,4298.26,4300.16,4296.4,4298.43,14
1788332040,2026-09-02 04:54,2026-09-02 06:54,4298.42,4303.98,4298.42,4302.52,14
1788332220,2026-09-02 04:57,2026-09-02 06:57,4302.5,4303.48,4301.62,4303.35,14
1788332400,2026-09-02 05:00,2026-09-02 07:00,4303.4,4304.16,4302.4,4302.84,14
1788332580,2026-09-02 05:03,2026-09-02 07:03,4302.86,4305.66,4301.96,4304.68,14
1788332760,2026-09-02 05:06,2026-09-02 07:06,4304.7,4306.3,4303.66,4306.12,14
1788332940,2026-09-02 05:09,2026-09-02 07:09,4306.0,4306.79,4304.55,4306.28,14
1788333120,2026-09-02 05:12,2026-09-02 07:12,4306.58,4306.82,4303.7,4304.34,14
1788333300,2026-09-02 05:15,2026-09-02 07:15,4304.33,4305.82,4303.46,4303.76,14
1788333480,2026-09-02 05:18,2026-09-02 07:18,4303.75,4304.52,4301.27,4302.86,14
1788333660,2026-09-02 05:21,2026-09-02 07:21,4302.89,4304.73,4302.23,4302.47,14
1788333840,2026-09-02 05:24,2026-09-02 07:24,4302.6,4304.75,4302.6,4303.4,14
1788334020,2026-09-02 05:27,2026-09-02 07:27,4303.32,4303.52,4301.67,4302.71,14
1788334200,2026-09-02 05:30,2026-09-02 07:30,4302.85,4307.7,4302.6,4307.43,14
1788334380,2026-09-02 05:33,2026-09-02 07:33,4307.46,4307.62,4304.83,4305.4,14
1788334560,2026-09-02 05:36,2026-09-02 07:36,4305.27,4306.69,4304.01,4305.59,14
1788334740,2026-09-02 05:39,2026-09-02 07:39,4305.58,4305.63,4303.84,4304.31,14
1788334920,2026-09-02 05:42,2026-09-02 07:42,4304.28,4306.02,4302.65,4304.73,14
1788335100,2026-09-02 05:45,2026-09-02 07:45,4305.0,4306.1,4303.97,4304.43,14
1788335280,2026-09-02 05:48,2026-09-02 07:48,4304.43,4307.0,4304.05,4306.0,14
1788335460,2026-09-02 05:51,2026-09-02 07:51,4305.96,4306.98,4305.17,4306.33,14
1788335640,2026-09-02 05:54,2026-09-02 07:54,4306.52,4307.06,4305.97,4306.59,14
1788335820,2026-09-02 05:57,2026-09-02 07:57,4306.58,4307.8,4305.83,4307.19,14
1788336000,2026-09-02 06:00,2026-09-02 08:00,4307.15,4308.4,4305.67,4306.16,14
1788336180,2026-09-02 06:03,2026-09-02 08:03,4306.17,4307.26,4304.36,4305.2,14
1788336360,2026-09-02 06:06,2026-09-02 08:06,4305.32,4305.46,4304.11,4305.07,14
1788336540,2026-09-02 06:09,2026-09-02 08:09,4305.03,4306.38,4303.59,4305.15,14
1788336720,2026-09-02 06:12,2026-09-02 08:12,4305.18,4310.2,4305.17,4309.9,14
1788336900,2026-09-02 06:15,2026-09-02 08:15,4310.01,4313.25,4309.82,4313.16,14
1788337080,2026-09-02 06:18,2026-09-02 08:18,4313.18,4313.99,4309.35,4310.35,14
1788337260,2026-09-02 06:21,2026-09-02 08:21,4310.19,4310.19,4306.7,4308.49,14
1788337440,2026-09-02 06:24,2026-09-02 08:24,4308.7,4311.33,4307.02,4311.01,14
1788337620,2026-09-02 06:27,2026-09-02 08:27,4311.03,4313.96,4309.95,4313.19,14
1788337800,2026-09-02 06:30,2026-09-02 08:30,4313.48,4324.21,4313.48,4322.12,14
1788337980,2026-09-02 06:33,2026-09-02 08:33,4322.17,4324.94,4321.28,4322.24,14
1788338160,2026-09-02 06:36,2026-09-02 08:36,4322.06,4322.38,4317.61,4319.88,14
1788338340,2026-09-02 06:39,2026-09-02 08:39,4319.9,4321.4,4317.4,4320.51,14
1788338520,2026-09-02 06:42,2026-09-02 08:42,4320.44,4323.37,4320.0,4323.27,14
1788338700,2026-09-02 06:45,2026-09-02 08:45,4323.29,4325.01,4322.68,4323.46,14
1788338880,2026-09-02 06:48,2026-09-02 08:48,4323.45,4326.68,4321.96,4322.56,14
1788339060,2026-09-02 06:51,2026-09-02 08:51,4322.51,4323.28,4320.74,4320.99,14
1788339240,2026-09-02 06:54,2026-09-02 08:54,4320.77,4322.73,4319.37,4322.14,14
1788339420,2026-09-02 06:57,2026-09-02 08:57,4322.23,4322.63,4319.18,4320.08,14
1788339600,2026-09-02 07:00,2026-09-02 09:00,4320.19,4322.48,4319.82,4321.88,14
1788339780,2026-09-02 07:03,2026-09-02 09:03,4321.93,4322.32,4317.48,4317.82,14
1788339960,2026-09-02 07:06,2026-09-02 09:06,4318.03,4321.15,4317.76,4321.08,14
1788340140,2026-09-02 07:09,2026-09-02 09:09,4320.9,4324.75,4320.54,4322.33,14
1788340320,2026-09-02 07:12,2026-09-02 09:12,4322.25,4329.44,4321.85,4326.73,14
1788340500,2026-09-02 07:15,2026-09-02 09:15,4326.71,4328.61,4321.81,4322.03,14
1788340680,2026-09-02 07:18,2026-09-02 09:18,4322.16,4326.81,4322.09,4324.06,14
1788340860,2026-09-02 07:21,2026-09-02 09:21,4324.07,4324.54,4320.72,4324.53,14
1788341040,2026-09-02 07:24,2026-09-02 09:24,4324.48,4327.77,4324.21,4326.57,14
1788341220,2026-09-02 07:27,2026-09-02 09:27,4326.58,4326.63,4322.28,4322.87,14
1788341400,2026-09-02 07:30,2026-09-02 09:30,4322.84,4324.11,4320.47,4321.38,14
1788341580,2026-09-02 07:33,2026-09-02 09:33,4321.51,4321.58,4318.36,4319.28,14
1788341760,2026-09-02 07:36,2026-09-02 09:36,4319.3,4321.11,4316.75,4320.8,14
1788341940,2026-09-02 07:39,2026-09-02 09:39,4320.97,4326.47,4320.32,4326.18,14
1788342120,2026-09-02 07:42,2026-09-02 09:42,4325.87,4326.33,4323.54,4324.37,14
1788342300,2026-09-02 07:45,2026-09-02 09:45,4324.45,4325.09,4319.57,4319.65,14
1788342480,2026-09-02 07:48,2026-09-02 09:48,4319.69,4320.92,4315.89,4316.16,14
1788342660,2026-09-02 07:51,2026-09-02 09:51,4316.19,4317.59,4314.63,4315.66,14
1788342840,2026-09-02 07:54,2026-09-02 09:54,4315.32,4321.11,4315.32,4321.03,14
1788343020,2026-09-02 07:57,2026-09-02 09:57,4321.02,4322.04,4318.96,4321.73,14
1788343200,2026-09-02 08:00,2026-09-02 10:00,4321.72,4324.5,4319.33,4322.18,14
1788343380,2026-09-02 08:03,2026-09-02 10:03,4322.16,4322.78,4319.39,4319.99,14
1788343560,2026-09-02 08:06,2026-09-02 10:06,4320.03,4327.18,4319.43,4325.98,14
1788343740,2026-09-02 08:09,2026-09-02 10:09,4325.97,4330.95,4325.66,4329.42,14
1788343920,2026-09-02 08:12,2026-09-02 10:12,4329.41,4330.96,4326.42,4326.63,14
1788344100,2026-09-02 08:15,2026-09-02 10:15,4326.6,4327.81,4325.22,4327.47,14
1788344280,2026-09-02 08:18,2026-09-02 10:18,4327.43,4328.4,4325.28,4326.56,14
1788344460,2026-09-02 08:21,2026-09-02 10:21,4326.55,4328.22,4324.81,4327.61,14
1788344640,2026-09-02 08:24,2026-09-02 10:24,4327.73,4329.19,4325.03,4327.28,14
1788344820,2026-09-02 08:27,2026-09-02 10:27,4327.12,4328.89,4325.6,4326.93,14
1788345000,2026-09-02 08:30,2026-09-02 10:30,4326.89,4330.12,4325.18,4329.44,14
1788345180,2026-09-02 08:33,2026-09-02 10:33,4329.41,4329.41,4326.25,4328.11,14
1788345360,2026-09-02 08:36,2026-09-02 10:36,4328.12,4331.45,4327.36,4328.82,14
1788345540,2026-09-02 08:39,2026-09-02 10:39,4328.81,4328.92,4325.51,4325.88,14
1788345720,2026-09-02 08:42,2026-09-02 10:42,4325.85,4326.49,4321.84,4322.83,14
1788345900,2026-09-02 08:45,2026-09-02 10:45,4322.82,4325.19,4321.98,4324.52,14
1788346080,2026-09-02 08:48,2026-09-02 10:48,4324.8,4324.98,4320.42,4321.18,14
1788346260,2026-09-02 08:51,2026-09-02 10:51,4321.23,4323.11,4321.13,4322.33,14
1788346440,2026-09-02 08:54,2026-09-02 10:54,4322.48,4323.98,4320.69,4322.53,14
1788346620,2026-09-02 08:57,2026-09-02 10:57,4322.62,4323.89,4321.62,4323.13,14
1788346800,2026-09-02 09:00,2026-09-02 11:00,4323.23,4326.03,4322.04,4323.8,14
1788346980,2026-09-02 09:03,2026-09-02 11:03,4323.62,4327.6,4323.4,4324.14,14
1788347160,2026-09-02 09:06,2026-09-02 11:06,4324.16,4329.8,4322.83,4328.53,14
1788347340,2026-09-02 09:09,2026-09-02 11:09,4328.52,4331.54,4326.72,4326.87,14
1788347520,2026-09-02 09:12,2026-09-02 11:12,4327.0,4327.8,4324.64,4325.62,14
1788347700,2026-09-02 09:15,2026-09-02 11:15,4325.61,4327.81,4324.79,4325.64,14
1788347880,2026-09-02 09:18,2026-09-02 11:18,4325.66,4327.53,4325.12,4325.44,14
1788348060,2026-09-02 09:21,2026-09-02 11:21,4325.45,4327.14,4324.05,4325.87,14
1788348240,2026-09-02 09:24,2026-09-02 11:24,4325.89,4326.59,4323.55,4323.92,14
1788348420,2026-09-02 09:27,2026-09-02 11:27,4323.93,4325.11,4322.82,4323.35,14
1788348600,2026-09-02 09:30,2026-09-02 11:30,4323.36,4325.87,4321.72,4322.16,14
1788348780,2026-09-02 09:33,2026-09-02 11:33,4322.17,4322.75,4319.64,4320.82,14
1788348960,2026-09-02 09:36,2026-09-02 11:36,4320.7,4325.19,4320.3,4324.73,14
1788349140,2026-09-02 09:39,2026-09-02 11:39,4324.8,4326.81,4324.52,4324.9,14
1788349320,2026-09-02 09:42,2026-09-02 11:42,4324.99,4325.07,4320.41,4322.18,14
1788349500,2026-09-02 09:45,2026-09-02 11:45,4322.34,4322.7,4319.65,4321.31,14
1788349680,2026-09-02 09:48,2026-09-02 11:48,4321.33,4322.64,4319.84,4320.42,14
1788349860,2026-09-02 09:51,2026-09-02 11:51,4320.4,4320.46,4316.03,4316.53,14
1788350040,2026-09-02 09:54,2026-09-02 11:54,4316.48,4317.41,4313.07,4315.99,14
1788350220,2026-09-02 09:57,2026-09-02 11:57,4316.05,4317.02,4312.56,4312.83,14
1788350400,2026-09-02 10:00,2026-09-02 12:00,4312.8,4316.55,4312.24,4315.76,14
1788350580,2026-09-02 10:03,2026-09-02 12:03,4315.54,4320.18,4314.76,4320.04,14
1788350760,2026-09-02 10:06,2026-09-02 12:06,4320.05,4322.31,4317.79,4318.12,14
1788350940,2026-09-02 10:09,2026-09-02 12:09,4318.33,4320.08,4316.68,4316.94,14
1788351120,2026-09-02 10:12,2026-09-02 12:12,4316.95,4317.63,4313.37,4313.73,14
1788351300,2026-09-02 10:15,2026-09-02 12:15,4313.74,4315.2,4313.22,4314.77,14
1788351480,2026-09-02 10:18,2026-09-02 12:18,4314.7,4315.42,4312.08,4312.14,14
1788351660,2026-09-02 10:21,2026-09-02 12:21,4312.15,4312.76,4309.1,4309.36,14
1788351840,2026-09-02 10:24,2026-09-02 12:24,4309.55,4309.89,4305.41,4305.53,14
1788352020,2026-09-02 10:27,2026-09-02 12:27,4305.64,4309.38,4304.96,4309.31,14
1788352200,2026-09-02 10:30,2026-09-02 12:30,4309.11,4310.62,4307.57,4309.97,14
1788352380,2026-09-02 10:33,2026-09-02 12:33,4309.77,4310.94,4308.11,4309.55,14
1788352560,2026-09-02 10:36,2026-09-02 12:36,4309.54,4309.85,4307.58,4308.53,14
1788352740,2026-09-02 10:39,2026-09-02 12:39,4308.85,4311.9,4308.74,4311.79,14
1788352920,2026-09-02 10:42,2026-09-02 12:42,4311.8,4311.86,4308.88,4310.08,14
1788353100,2026-09-02 10:45,2026-09-02 12:45,4310.05,4310.98,4309.77,4310.25,14
1788353280,2026-09-02 10:48,2026-09-02 12:48,4310.31,4311.49,4309.33,4310.26,14
1788353460,2026-09-02 10:51,2026-09-02 12:51,4310.19,4310.36,4307.89,4308.99,14
1788353640,2026-09-02 10:54,2026-09-02 12:54,4309.06,4310.14,4308.32,4309.53,14
1788353820,2026-09-02 10:57,2026-09-02 12:57,4309.64,4310.33,4307.99,4308.47,14
1788354000,2026-09-02 11:00,2026-09-02 13:00,4308.51,4309.73,4306.89,4307.02,14
1788354180,2026-09-02 11:03,2026-09-02 13:03,4306.89,4307.25,4303.77,4305.12,14
1788354360,2026-09-02 11:06,2026-09-02 13:06,4305.11,4305.88,4301.94,4303.31,14
1788354540,2026-09-02 11:09,2026-09-02 13:09,4303.24,4305.03,4301.82,4304.31,14
1788354720,2026-09-02 11:12,2026-09-02 13:12,4304.38,4308.15,4303.22,4306.88,14
1788354900,2026-09-02 11:15,2026-09-02 13:15,4306.83,4308.65,4305.97,4308.63,14
1788355080,2026-09-02 11:18,2026-09-02 13:18,4308.79,4311.13,4307.93,4309.99,14
1788355260,2026-09-02 11:21,2026-09-02 13:21,4309.98,4312.2,4309.44,4310.33,14
1788355440,2026-09-02 11:24,2026-09-02 13:24,4310.34,4312.36,4309.67,4311.24,14
1788355620,2026-09-02 11:27,2026-09-02 13:27,4311.08,4311.34,4309.49,4310.04,14
1788355800,2026-09-02 11:30,2026-09-02 13:30,4310.05,4310.91,4307.63,4307.63,14
1788355980,2026-09-02 11:33,2026-09-02 13:33,4307.75,4309.94,4307.74,4308.6,14
1788356160,2026-09-02 11:36,2026-09-02 13:36,4308.57,4309.37,4307.63,4308.24,14
1788356340,2026-09-02 11:39,2026-09-02 13:39,4308.23,4309.31,4307.28,4307.94,14
1788356520,2026-09-02 11:42,2026-09-02 13:42,4307.95,4310.05,4307.89,4309.55,14
1788356700,2026-09-02 11:45,2026-09-02 13:45,4309.52,4309.68,4307.97,4309.04,14
1788356880,2026-09-02 11:48,2026-09-02 13:48,4308.9,4310.55,4307.18,4307.47,14
1788357060,2026-09-02 11:51,2026-09-02 13:51,4307.57,4307.9,4305.24,4306.94,14
1788357240,2026-09-02 11:54,2026-09-02 13:54,4306.87,4309.02,4306.84,4307.32,14
1788357420,2026-09-02 11:57,2026-09-02 13:57,4307.28,4309.58,4306.55,4309.21,14
1788357600,2026-09-02 12:00,2026-09-02 14:00,4308.94,4312.16,4307.56,4310.37,14
1788357780,2026-09-02 12:03,2026-09-02 14:03,4310.42,4313.2,4309.85,4311.21,14
1788357960,2026-09-02 12:06,2026-09-02 14:06,4311.2,4311.35,4307.99,4309.72,14
1788358140,2026-09-02 12:09,2026-09-02 14:09,4309.75,4315.87,4308.5,4314.3,14
1788358320,2026-09-02 12:12,2026-09-02 14:12,4314.38,4324.47,4313.74,4322.63,14
1788358500,2026-09-02 12:15,2026-09-02 14:15,4322.44,4323.22,4317.69,4318.41,14
1788358680,2026-09-02 12:18,2026-09-02 14:18,4318.71,4319.83,4315.55,4318.34,14
1788358860,2026-09-02 12:21,2026-09-02 14:21,4318.25,4320.1,4316.14,4319.58,14
1788359040,2026-09-02 12:24,2026-09-02 14:24,4319.5,4319.95,4317.01,4319.37,14
1788359220,2026-09-02 12:27,2026-09-02 14:27,4319.35,4323.03,4319.35,4321.95,14
1788359400,2026-09-02 12:30,2026-09-02 14:30,4321.91,4326.56,4321.65,4326.56,14
1788359580,2026-09-02 12:33,2026-09-02 14:33,4326.43,4333.01,4325.7,4330.61,14
1788359760,2026-09-02 12:36,2026-09-02 14:36,4330.68,4332.68,4329.93,4331.68,14
1788359940,2026-09-02 12:39,2026-09-02 14:39,4331.68,4332.8,4327.04,4327.26,14
1788360120,2026-09-02 12:42,2026-09-02 14:42,4327.28,4327.49,4323.98,4324.77,14
1788360300,2026-09-02 12:45,2026-09-02 14:45,4324.76,4327.2,4323.37,4327.01,14
1788360480,2026-09-02 12:48,2026-09-02 14:48,4327.04,4327.43,4324.45,4324.92,14
1788360660,2026-09-02 12:51,2026-09-02 14:51,4324.77,4328.03,4323.51,4327.65,14
1788360840,2026-09-02 12:54,2026-09-02 14:54,4327.6,4332.94,4327.6,4329.58,14
1788361020,2026-09-02 12:57,2026-09-02 14:57,4329.59,4332.46,4329.3,4332.25,14
1788361200,2026-09-02 13:00,2026-09-02 15:00,4332.39,4334.36,4329.08,4329.26,14
1788361380,2026-09-02 13:03,2026-09-02 15:03,4329.25,4336.46,4328.99,4335.62,14
1788361560,2026-09-02 13:06,2026-09-02 15:06,4335.33,4336.07,4330.39,4331.89,14
1788361740,2026-09-02 13:09,2026-09-02 15:09,4331.84,4334.64,4331.35,4331.69,14
1788361920,2026-09-02 13:12,2026-09-02 15:12,4331.72,4333.36,4329.67,4332.99,14
1788362100,2026-09-02 13:15,2026-09-02 15:15,4333.0,4334.34,4330.5,4333.25,14
1788362280,2026-09-02 13:18,2026-09-02 15:18,4333.18,4343.12,4329.82,4342.39,14
1788362460,2026-09-02 13:21,2026-09-02 15:21,4342.48,4344.41,4333.88,4335.48,14
1788362640,2026-09-02 13:24,2026-09-02 15:24,4335.5,4342.54,4334.71,4340.46,14
1788362820,2026-09-02 13:27,2026-09-02 15:27,4340.63,4340.63,4334.06,4336.46,14
1788363000,2026-09-02 13:30,2026-09-02 15:30,4336.45,4337.61,4333.53,4334.55,14
1788363180,2026-09-02 13:33,2026-09-02 15:33,4334.78,4335.76,4329.42,4330.57,14
1788363360,2026-09-02 13:36,2026-09-02 15:36,4330.58,4331.55,4327.41,4330.55,14
1788363540,2026-09-02 13:39,2026-09-02 15:39,4330.56,4334.47,4330.2,4333.97,14
1788363720,2026-09-02 13:42,2026-09-02 15:42,4333.98,4335.03,4332.57,4334.16,14
1788363900,2026-09-02 13:45,2026-09-02 15:45,4334.15,4337.86,4331.57,4337.17,14
1788364080,2026-09-02 13:48,2026-09-02 15:48,4337.46,4339.34,4336.02,4336.78,14
1788364260,2026-09-02 13:51,2026-09-02 15:51,4336.63,4336.81,4332.61,4334.02,14
1788364440,2026-09-02 13:54,2026-09-02 15:54,4334.17,4335.2,4332.9,4333.21,14
1788364620,2026-09-02 13:57,2026-09-02 15:57,4333.2,4333.5,4330.5,4331.36,14
1788364800,2026-09-02 14:00,2026-09-02 16:00,4331.43,4341.41,4330.93,4339.87,14
1788364980,2026-09-02 14:03,2026-09-02 16:03,4339.88,4341.69,4337.42,4340.09,14
1788365160,2026-09-02 14:06,2026-09-02 16:06,4340.05,4344.3,4339.51,4343.32,14
1788365340,2026-09-02 14:09,2026-09-02 16:09,4343.01,4344.44,4341.43,4341.43,14
1788365520,2026-09-02 14:12,2026-09-02 16:12,4341.52,4341.89,4337.41,4339.68,14
1788365700,2026-09-02 14:15,2026-09-02 16:15,4339.67,4344.03,4336.68,4343.33,14
1788365880,2026-09-02 14:18,2026-09-02 16:18,4343.39,4344.3,4341.43,4342.15,14
1788366060,2026-09-02 14:21,2026-09-02 16:21,4342.76,4347.47,4342.05,4346.79,14
1788366240,2026-09-02 14:24,2026-09-02 16:24,4346.72,4357.16,4346.72,4356.53,14
1788366420,2026-09-02 14:27,2026-09-02 16:27,4356.76,4358.32,4353.18,4358.32,14
1788366600,2026-09-02 14:30,2026-09-02 16:30,4358.28,4367.18,4356.66,4363.93,14
1788366780,2026-09-02 14:33,2026-09-02 16:33,4363.89,4367.69,4360.35,4367.09,14
1788366960,2026-09-02 14:36,2026-09-02 16:36,4367.14,4367.14,4362.32,4364.99,14
1788367140,2026-09-02 14:39,2026-09-02 16:39,4365.08,4370.0,4363.73,4369.58,16
1788367320,2026-09-02 14:42,2026-09-02 16:42,4369.59,4379.31,4368.03,4377.81,17
1788367500,2026-09-02 14:45,2026-09-02 16:45,4377.79,4379.11,4372.23,4374.17,17
1788367680,2026-09-02 14:48,2026-09-02 16:48,4374.23,4376.1,4367.64,4371.81,17
1788367860,2026-09-02 14:51,2026-09-02 16:51,4371.9,4378.01,4370.76,4376.01,14
1788368040,2026-09-02 14:54,2026-09-02 16:54,4375.92,4377.5,4371.77,4376.23,14
1788368220,2026-09-02 14:57,2026-09-02 16:57,4376.22,4385.53,4375.9,4385.36,14
1788368400,2026-09-02 15:00,2026-09-02 17:00,4385.4,4385.69,4378.68,4383.93,14
1788368580,2026-09-02 15:03,2026-09-02 17:03,4383.89,4390.49,4381.34,4389.13,14
1788368760,2026-09-02 15:06,2026-09-02 17:06,4389.29,4394.09,4386.65,4392.84,14
1788368940,2026-09-02 15:09,2026-09-02 17:09,4392.68,4397.47,4389.88,4395.23,14
1788369120,2026-09-02 15:12,2026-09-02 17:12,4395.19,4395.77,4386.96,4387.96,14
1788369300,2026-09-02 15:15,2026-09-02 17:15,4388.05,4389.25,4385.93,4387.87,14
1788369480,2026-09-02 15:18,2026-09-02 17:18,4388.0,4395.29,4384.81,4395.27,14
1788369660,2026-09-02 15:21,2026-09-02 17:21,4395.27,4397.49,4387.3,4388.18,14
1788369840,2026-09-02 15:24,2026-09-02 17:24,4388.05,4388.86,4385.39,4386.87,14
1788370020,2026-09-02 15:27,2026-09-02 17:27,4386.95,4390.43,4386.64,4387.55,17
1788370200,2026-09-02 15:30,2026-09-02 17:30,4387.51,4387.89,4382.63,4386.83,17
1788370380,2026-09-02 15:33,2026-09-02 17:33,4386.66,4387.76,4383.93,4385.03,17
1788370560,2026-09-02 15:36,2026-09-02 17:36,4385.02,4385.02,4382.62,4383.9,14
1788370740,2026-09-02 15:39,2026-09-02 17:39,4384.0,4385.24,4381.3,4383.79,14
1788370920,2026-09-02 15:42,2026-09-02 17:42,4383.58,4386.35,4382.78,4385.4,14
1788371100,2026-09-02 15:45,2026-09-02 17:45,4385.48,4386.94,4380.11,4380.47,14
1788371280,2026-09-02 15:48,2026-09-02 17:48,4380.3,4382.63,4379.03,4379.9,14
1788371460,2026-09-02 15:51,2026-09-02 17:51,4379.91,4380.38,4376.08,4377.51,14
1788371640,2026-09-02 15:54,2026-09-02 17:54,4377.52,4378.67,4375.65,4376.97,14
1788371820,2026-09-02 15:57,2026-09-02 17:57,4376.96,4377.42,4374.32,4377.19,14
1788372000,2026-09-02 16:00,2026-09-02 18:00,4377.18,4377.34,4374.26,4376.9,14
1788372180,2026-09-02 16:03,2026-09-02 18:03,4377.53,4381.0,4375.94,4379.07,14
1788372360,2026-09-02 16:06,2026-09-02 18:06,4379.08,4380.92,4373.88,4374.67,14
1788372540,2026-09-02 16:09,2026-09-02 18:09,4374.71,4378.42,4373.66,4378.27,14
1788372720,2026-09-02 16:12,2026-09-02 18:12,4378.26,4378.31,4372.56,4373.11,14
1788372900,2026-09-02 16:15,2026-09-02 18:15,4372.95,4373.05,4370.18,4370.26,14
1788373080,2026-09-02 16:18,2026-09-02 18:18,4370.3,4370.7,4367.14,4367.52,14
1788373260,2026-09-02 16:21,2026-09-02 18:21,4367.3,4371.87,4365.67,4369.72,14
1788373440,2026-09-02 16:24,2026-09-02 18:24,4369.74,4371.61,4368.84,4369.81,14
1788373620,2026-09-02 16:27,2026-09-02 18:27,4369.53,4373.09,4367.39,4372.6,14
1788373800,2026-09-02 16:30,2026-09-02 18:30,4372.67,4374.65,4371.04,4373.61,14
1788373980,2026-09-02 16:33,2026-09-02 18:33,4373.43,4375.3,4370.56,4371.48,14
1788374160,2026-09-02 16:36,2026-09-02 18:36,4371.49,4371.9,4367.55,4369.52,14
1788374340,2026-09-02 16:39,2026-09-02 18:39,4369.38,4372.45,4368.51,4368.63,14
1788374520,2026-09-02 16:42,2026-09-02 18:42,4368.62,4368.77,4366.23,4366.55,14
1788374700,2026-09-02 16:45,2026-09-02 18:45,4366.33,4369.82,4364.69,4369.62,14
1788374880,2026-09-02 16:48,2026-09-02 18:48,4369.51,4369.72,4367.5,4368.84,14
1788375060,2026-09-02 16:51,2026-09-02 18:51,4368.95,4370.04,4367.46,4368.46,14
1788375240,2026-09-02 16:54,2026-09-02 18:54,4368.5,4371.98,4368.1,4371.24,14
1788375420,2026-09-02 16:57,2026-09-02 18:57,4371.25,4374.18,4370.51,4373.43,14
1788375600,2026-09-02 17:00,2026-09-02 19:00,4373.39,4375.05,4371.59,4373.63,14
1788375780,2026-09-02 17:03,2026-09-02 19:03,4373.64,4374.94,4368.94,4369.03,14
1788375960,2026-09-02 17:06,2026-09-02 19:06,4369.0,4371.8,4368.77,4371.3,14
1788376140,2026-09-02 17:09,2026-09-02 19:09,4371.16,4372.11,4369.93,4370.91,14
1788376320,2026-09-02 17:12,2026-09-02 19:12,4370.94,4373.4,4370.56,4372.46,14
1788376500,2026-09-02 17:15,2026-09-02 19:15,4372.45,4372.69,4367.87,4369.86,14
1788376680,2026-09-02 17:18,2026-09-02 19:18,4369.84,4371.16,4369.65,4370.03,14
1788376860,2026-09-02 17:21,2026-09-02 19:21,4369.98,4371.19,4368.69,4369.07,14
1788377040,2026-09-02 17:24,2026-09-02 19:24,4369.2,4370.3,4368.86,4369.56,14
1788377220,2026-09-02 17:27,2026-09-02 19:27,4369.63,4370.38,4367.78,4368.71,14
1788377400,2026-09-02 17:30,2026-09-02 19:30,4368.64,4370.72,4367.78,4369.07,14
1788377580,2026-09-02 17:33,2026-09-02 19:33,4369.12,4369.84,4367.19,4368.36,14
1788377760,2026-09-02 17:36,2026-09-02 19:36,4368.35,4369.0,4366.44,4367.63,14
1788377940,2026-09-02 17:39,2026-09-02 19:39,4367.61,4369.22,4365.41,4366.36,14
1788378120,2026-09-02 17:42,2026-09-02 19:42,4366.47,4367.08,4364.51,4365.1,14
1788378300,2026-09-02 17:45,2026-09-02 19:45,4364.9,4365.94,4364.5,4365.66,14
1788378480,2026-09-02 17:48,2026-09-02 19:48,4365.47,4366.87,4364.84,4366.86,14
1788378660,2026-09-02 17:51,2026-09-02 19:51,4366.76,4370.74,4366.24,4370.73,14
1788378840,2026-09-02 17:54,2026-09-02 19:54,4370.69,4370.69,4368.31,4369.94,14
1788379020,2026-09-02 17:57,2026-09-02 19:57,4369.91,4370.54,4367.81,4367.92,14
1788379200,2026-09-02 18:00,2026-09-02 20:00,4367.98,4369.85,4367.97,4368.67,14
1788379380,2026-09-02 18:03,2026-09-02 20:03,4368.71,4370.81,4367.69,4369.14,14
1788379560,2026-09-02 18:06,2026-09-02 20:06,4369.16,4371.02,4368.7,4370.65,14
1788379740,2026-09-02 18:09,2026-09-02 20:09,4370.66,4370.85,4367.89,4368.19,14
1788379920,2026-09-02 18:12,2026-09-02 20:12,4368.18,4370.46,4367.44,4368.82,14
1788380100,2026-09-02 18:15,2026-09-02 20:15,4368.8,4369.12,4364.95,4365.34,14
1788380280,2026-09-02 18:18,2026-09-02 20:18,4365.32,4365.89,4364.6,4365.32,14
1788380460,2026-09-02 18:21,2026-09-02 20:21,4365.34,4367.09,4364.95,4366.89,14
1788380640,2026-09-02 18:24,2026-09-02 20:24,4366.76,4369.53,4366.16,4368.25,14
1788380820,2026-09-02 18:27,2026-09-02 20:27,4368.22,4369.95,4366.78,4369.73,14
1788381000,2026-09-02 18:30,2026-09-02 20:30,4369.75,4371.62,4368.21,4368.55,14
1788381180,2026-09-02 18:33,2026-09-02 20:33,4368.52,4369.07,4367.41,4368.25,14
1788381360,2026-09-02 18:36,2026-09-02 20:36,4368.36,4369.48,4366.53,4366.9,14
1788381540,2026-09-02 18:39,2026-09-02 20:39,4366.93,4370.14,4366.4,4369.5,14
1788381720,2026-09-02 18:42,2026-09-02 20:42,4369.51,4377.61,4368.73,4376.65,14
1788381900,2026-09-02 18:45,2026-09-02 20:45,4376.61,4380.67,4375.77,4377.47,14
1788382080,2026-09-02 18:48,2026-09-02 20:48,4377.48,4378.2,4375.27,4376.13,14
1788382260,2026-09-02 18:51,2026-09-02 20:51,4376.12,4377.67,4375.55,4375.83,14
1788382440,2026-09-02 18:54,2026-09-02 20:54,4375.83,4377.21,4375.31,4376.3,14
1788382620,2026-09-02 18:57,2026-09-02 20:57,4376.38,4378.59,4376.38,4376.96,14
1788382800,2026-09-02 19:00,2026-09-02 21:00,4376.99,4377.68,4372.23,4373.73,14
1788382980,2026-09-02 19:03,2026-09-02 21:03,4373.74,4376.42,4373.74,4375.08,14
1788383160,2026-09-02 19:06,2026-09-02 21:06,4375.03,4375.82,4373.29,4373.67,14
1788383340,2026-09-02 19:09,2026-09-02 21:09,4374.06,4374.25,4372.54,4372.98,14
1788383520,2026-09-02 19:12,2026-09-02 21:12,4372.94,4373.26,4370.17,4370.32,14
1788383700,2026-09-02 19:15,2026-09-02 21:15,4370.31,4371.45,4369.39,4371.13,14
1788383880,2026-09-02 19:18,2026-09-02 21:18,4371.1,4379.3,4371.03,4378.03,14
1788384060,2026-09-02 19:21,2026-09-02 21:21,4378.08,4379.79,4372.59,4373.22,14
1788384240,2026-09-02 19:24,2026-09-02 21:24,4373.3,4373.96,4372.27,4373.57,14
1788384420,2026-09-02 19:27,2026-09-02 21:27,4373.56,4373.56,4371.95,4373.14,14
1788384600,2026-09-02 19:30,2026-09-02 21:30,4373.12,4376.26,4372.84,4376.03,14
1788384780,2026-09-02 19:33,2026-09-02 21:33,4375.84,4378.26,4375.82,4376.98,14
1788384960,2026-09-02 19:36,2026-09-02 21:36,4376.97,4377.71,4375.22,4376.1,14
1788385140,2026-09-02 19:39,2026-09-02 21:39,4376.16,4376.89,4374.46,4374.52,14
1788385320,2026-09-02 19:42,2026-09-02 21:42,4374.5,4374.86,4372.51,4373.22,14
1788385500,2026-09-02 19:45,2026-09-02 21:45,4373.17,4373.93,4372.52,4373.01,14
1788385680,2026-09-02 19:48,2026-09-02 21:48,4372.99,4375.7,4372.96,4375.18,14
1788385860,2026-09-02 19:51,2026-09-02 21:51,4375.16,4375.96,4374.87,4375.44,14
1788386040,2026-09-02 19:54,2026-09-02 21:54,4375.42,4375.79,4373.99,4374.96,14
1788386220,2026-09-02 19:57,2026-09-02 21:57,4374.95,4374.98,4372.55,4374.26,14
1788386400,2026-09-02 20:00,2026-09-02 22:00,4374.04,4374.7,4371.65,4373.3,14
1788386580,2026-09-02 20:03,2026-09-02 22:03,4373.29,4376.06,4373.29,4375.56,14
1788386760,2026-09-02 20:06,2026-09-02 22:06,4375.54,4376.82,4375.29,4375.92,14
1788386940,2026-09-02 20:09,2026-09-02 22:09,4375.91,4377.62,4375.48,4377.15,14
1788387120,2026-09-02 20:12,2026-09-02 22:12,4377.17,4380.38,4376.89,4379.04,14
1788387300,2026-09-02 20:15,2026-09-02 22:15,4379.05,4380.23,4378.25,4378.64,14
1788387480,2026-09-02 20:18,2026-09-02 22:18,4378.66,4379.83,4378.26,4378.43,14
1788387660,2026-09-02 20:21,2026-09-02 22:21,4378.5,4380.88,4378.35,4379.86,14
1788387840,2026-09-02 20:24,2026-09-02 22:24,4379.87,4383.15,4379.53,4382.13,14
1788388020,2026-09-02 20:27,2026-09-02 22:27,4382.14,4382.26,4380.59,4381.18,14
1788388200,2026-09-02 20:30,2026-09-02 22:30,4381.17,4382.99,4381.17,4382.45,14
1788388380,2026-09-02 20:33,2026-09-02 22:33,4382.47,4384.11,4382.18,4382.4,14
1788388560,2026-09-02 20:36,2026-09-02 22:36,4382.39,4383.49,4381.11,4383.29,14
1788388740,2026-09-02 20:39,2026-09-02 22:39,4383.23,4385.2,4383.05,4385.0,14
1788388920,2026-09-02 20:42,2026-09-02 22:42,4385.0,4388.55,4384.41,4387.79,14
1788389100,2026-09-02 20:45,2026-09-02 22:45,4387.78,4388.7,4384.8,4385.77,14
1788389280,2026-09-02 20:48,2026-09-02 22:48,4385.76,4388.97,4384.76,4388.78,14
1788389460,2026-09-02 20:51,2026-09-02 22:51,4388.85,4389.76,4385.66,4386.01,14
1788389640,2026-09-02 20:54,2026-09-02 22:54,4386.04,4387.54,4385.85,4387.54,14
1788389820,2026-09-02 20:57,2026-09-02 22:57,4387.48,4391.3,4386.57,4391.3,14
1788390000,2026-09-02 21:00,2026-09-02 23:00,4391.12,4391.37,4388.5,4389.34,14
1788390180,2026-09-02 21:03,2026-09-02 23:03,4389.32,4391.07,4388.72,4389.27,17
1788390360,2026-09-02 21:06,2026-09-02 23:06,4389.34,4389.63,4387.81,4387.86,17
1788390540,2026-09-02 21:09,2026-09-02 23:09,4387.92,4388.54,4387.32,4388.19,17
1788390720,2026-09-02 21:12,2026-09-02 23:12,4388.03,4388.32,4385.76,4385.93,17
1788390900,2026-09-02 21:15,2026-09-02 23:15,4386.0,4386.33,4383.9,4385.75,17
1788391080,2026-09-02 21:18,2026-09-02 23:18,4385.81,4386.08,4384.57,4384.7,17
1788391260,2026-09-02 21:21,2026-09-02 23:21,4384.73,4385.6,4384.49,4385.42,17
1788391440,2026-09-02 21:24,2026-09-02 23:24,4385.44,4387.9,4385.2,4387.17,17
1788391620,2026-09-02 21:27,2026-09-02 23:27,4387.2,4387.52,4386.3,4386.45,17
1788391800,2026-09-02 21:30,2026-09-02 23:30,4386.42,4387.95,4385.67,4387.86,17
1788391980,2026-09-02 21:33,2026-09-02 23:33,4387.86,4387.89,4387.27,4387.37,17
1788392160,2026-09-02 21:36,2026-09-02 23:36,4387.38,4387.73,4386.83,4387.44,17
1788392340,2026-09-02 21:39,2026-09-02 23:39,4387.43,4389.11,4387.25,4388.82,17
1788392520,2026-09-02 21:42,2026-09-02 23:42,4388.71,4389.84,4387.77,4387.95,17
1788392700,2026-09-02 21:45,2026-09-02 23:45,4387.96,4388.77,4387.46,4388.77,17
1788392880,2026-09-02 21:48,2026-09-02 23:48,4388.78,4390.76,4388.78,4390.29,17
1788393060,2026-09-02 21:51,2026-09-02 23:51,4390.27,4390.77,4389.24,4389.59,17
1788393240,2026-09-02 21:54,2026-09-02 23:54,4389.7,4389.97,4387.97,4388.12,17
1788393420,2026-09-02 21:57,2026-09-02 23:57,4388.23,4388.54,4387.46,4388.16,17
1788397200,2026-09-02 23:00,2026-09-03 01:00,4386.41,4393.04,4386.41,4392.89,20
1788397380,2026-09-02 23:03,2026-09-03 01:03,4393.06,4393.06,4389.87,4390.57,17
1788397560,2026-09-02 23:06,2026-09-03 01:06,4390.54,4391.81,4390.29,4390.67,17
1788397740,2026-09-02 23:09,2026-09-03 01:09,4390.63,4391.3,4390.36,4391.22,17
1788397920,2026-09-02 23:12,2026-09-03 01:12,4391.11,4391.56,4389.88,4390.14,17
1788398100,2026-09-02 23:15,2026-09-03 01:15,4390.13,4390.16,4388.59,4388.59,14
1788398280,2026-09-02 23:18,2026-09-03 01:18,4388.56,4389.3,4387.84,4388.32,14
1788398460,2026-09-02 23:21,2026-09-03 01:21,4388.33,4389.55,4388.25,4389.38,14
1788398640,2026-09-02 23:24,2026-09-03 01:24,4389.39,4391.03,4389.1,4390.96,14
1788398820,2026-09-02 23:27,2026-09-03 01:27,4390.95,4391.04,4389.13,4389.76,14
1788399000,2026-09-02 23:30,2026-09-03 01:30,4389.77,4389.77,4387.6,4389.0,14
1788399180,2026-09-02 23:33,2026-09-03 01:33,4389.04,4389.52,4387.8,4388.17,14
1788399360,2026-09-02 23:36,2026-09-03 01:36,4388.19,4388.32,4387.38,4387.89,14
1788399540,2026-09-02 23:39,2026-09-03 01:39,4387.94,4388.16,4386.95,4387.04,14
1788399720,2026-09-02 23:42,2026-09-03 01:42,4387.01,4387.39,4384.89,4385.06,14
1788399900,2026-09-02 23:45,2026-09-03 01:45,4385.27,4385.42,4383.54,4384.64,14
1788400080,2026-09-02 23:48,2026-09-03 01:48,4384.66,4385.08,4383.74,4384.86,14
1788400260,2026-09-02 23:51,2026-09-03 01:51,4384.91,4385.35,4384.17,4384.47,14
1788400440,2026-09-02 23:54,2026-09-03 01:54,4384.41,4385.02,4384.15,4384.71,14
1788400620,2026-09-02 23:57,2026-09-03 01:57,4384.72,4385.09,4384.55,4384.85,14
1788400800,2026-09-03 00:00,2026-09-03 02:00,4385.09,4386.1,4384.5,4385.07,14
1788400980,2026-09-03 00:03,2026-09-03 02:03,4385.01,4386.6,4384.18,4385.8,14
1788401160,2026-09-03 00:06,2026-09-03 02:06,4385.85,4386.81,4385.17,4386.81,14
1788401340,2026-09-03 00:09,2026-09-03 02:09,4386.77,4386.77,4385.81,4386.13,14
1788401520,2026-09-03 00:12,2026-09-03 02:12,4386.1,4386.1,4383.91,4384.34,14
1788401700,2026-09-03 00:15,2026-09-03 02:15,4384.19,4384.32,4382.68,4382.85,14
1788401880,2026-09-03 00:18,2026-09-03 02:18,4382.9,4383.38,4382.45,4383.14,14
1788402060,2026-09-03 00:21,2026-09-03 02:21,4383.25,4383.29,4382.39,4382.65,14
1788402240,2026-09-03 00:24,2026-09-03 02:24,4382.71,4383.25,4382.43,4382.6,14
1788402420,2026-09-03 00:27,2026-09-03 02:27,4382.61,4383.12,4382.16,4382.38,14
1788402600,2026-09-03 00:30,2026-09-03 02:30,4382.31,4384.02,4381.82,4383.01,14
1788402780,2026-09-03 00:33,2026-09-03 02:33,4383.0,4383.55,4381.51,4382.11,14
1788402960,2026-09-03 00:36,2026-09-03 02:36,4382.0,4383.67,4381.26,4382.96,14
1788403140,2026-09-03 00:39,2026-09-03 02:39,4382.85,4384.74,4382.85,4384.36,14
1788403320,2026-09-03 00:42,2026-09-03 02:42,4384.36,4385.58,4384.07,4385.22,14
1788403500,2026-09-03 00:45,2026-09-03 02:45,4385.25,4389.0,4384.59,4387.86,14
1788403680,2026-09-03 00:48,2026-09-03 02:48,4387.77,4387.86,4386.07,4387.01,14
1788403860,2026-09-03 00:51,2026-09-03 02:51,4387.02,4387.42,4384.51,4384.95,14
1788404040,2026-09-03 00:54,2026-09-03 02:54,4384.94,4387.18,4384.86,4386.12,14
1788404220,2026-09-03 00:57,2026-09-03 02:57,4386.13,4386.34,4384.69,4385.78,14
1788404400,2026-09-03 01:00,2026-09-03 03:00,4385.75,4388.11,4384.82,4386.12,14
1788404580,2026-09-03 01:03,2026-09-03 03:03,4386.1,4390.75,4386.0,4390.35,14
1788404760,2026-09-03 01:06,2026-09-03 03:06,4390.34,4391.2,4385.96,4386.46,14
1788404940,2026-09-03 01:09,2026-09-03 03:09,4386.5,4392.78,4384.94,4392.4,14
1788405120,2026-09-03 01:12,2026-09-03 03:12,4392.35,4392.35,4389.28,4390.26,14
1788405300,2026-09-03 01:15,2026-09-03 03:15,4390.28,4390.31,4385.56,4387.59,14
1788405480,2026-09-03 01:18,2026-09-03 03:18,4387.6,4389.08,4386.53,4386.75,14
1788405660,2026-09-03 01:21,2026-09-03 03:21,4386.76,4388.08,4385.27,4387.38,14
1788405840,2026-09-03 01:24,2026-09-03 03:24,4387.45,4390.4,4386.2,4389.11,14
1788406020,2026-09-03 01:27,2026-09-03 03:27,4389.14,4389.66,4387.07,4387.25,14
1788406200,2026-09-03 01:30,2026-09-03 03:30,4387.35,4387.4,4385.07,4385.69,14
1788406380,2026-09-03 01:33,2026-09-03 03:33,4385.7,4385.91,4382.55,4384.8,14
1788406560,2026-09-03 01:36,2026-09-03 03:36,4384.66,4389.66,4384.24,4389.12,14
1788406740,2026-09-03 01:39,2026-09-03 03:39,4389.24,4389.84,4387.09,4389.03,14
1788406920,2026-09-03 01:42,2026-09-03 03:42,4389.04,4389.81,4387.12,4387.83,14
1788407100,2026-09-03 01:45,2026-09-03 03:45,4387.87,4388.16,4385.84,4387.66,14
1788407280,2026-09-03 01:48,2026-09-03 03:48,4387.55,4392.39,4387.15,4391.99,14
1788407460,2026-09-03 01:51,2026-09-03 03:51,4391.98,4394.09,4390.64,4391.52,14
1788407640,2026-09-03 01:54,2026-09-03 03:54,4391.5,4392.26,4389.41,4391.47,14
1788407820,2026-09-03 01:57,2026-09-03 03:57,4391.61,4397.89,4391.03,4395.28,14
1788408000,2026-09-03 02:00,2026-09-03 04:00,4395.31,4396.84,4387.22,4394.65,14
1788408180,2026-09-03 02:03,2026-09-03 04:03,4394.71,4396.57,4389.7,4394.85,14
1788408360,2026-09-03 02:06,2026-09-03 04:06,4394.91,4401.57,4394.04,4401.31,14
1788408540,2026-09-03 02:09,2026-09-03 04:09,4401.27,4408.35,4400.26,4408.26,14
1788408720,2026-09-03 02:12,2026-09-03 04:12,4408.23,4409.42,4401.0,4401.33,14
1788408900,2026-09-03 02:15,2026-09-03 04:15,4401.25,4403.74,4398.54,4399.22,14
1788409080,2026-09-03 02:18,2026-09-03 04:18,4399.21,4401.44,4396.71,4400.93,14
1788409260,2026-09-03 02:21,2026-09-03 04:21,4400.88,4403.07,4399.2,4399.45,14
1788409440,2026-09-03 02:24,2026-09-03 04:24,4399.47,4399.51,4394.05,4395.11,14
1788409620,2026-09-03 02:27,2026-09-03 04:27,4395.0,4402.15,4394.24,4401.91,14
1788409800,2026-09-03 02:30,2026-09-03 04:30,4401.92,4409.36,4401.36,4406.94,14
1788409980,2026-09-03 02:33,2026-09-03 04:33,4406.93,4409.5,4404.09,4407.53,14
1788410160,2026-09-03 02:36,2026-09-03 04:36,4407.57,4409.23,4404.77,4406.39,14
1788410340,2026-09-03 02:39,2026-09-03 04:39,4406.38,4408.58,4404.36,4404.93,14
1788410520,2026-09-03 02:42,2026-09-03 04:42,4404.89,4405.54,4400.48,4401.05,14
1788410700,2026-09-03 02:45,2026-09-03 04:45,4400.96,4403.75,4400.29,4401.27,14
1788410880,2026-09-03 02:48,2026-09-03 04:48,4401.15,4408.48,4401.15,4405.45,14
1788411060,2026-09-03 02:51,2026-09-03 04:51,4405.37,4407.94,4404.44,4406.87,14
1788411240,2026-09-03 02:54,2026-09-03 04:54,4406.88,4410.05,4405.47,4408.41,14
1788411420,2026-09-03 02:57,2026-09-03 04:57,4408.66,4412.72,4407.18,4410.27,14
1788411600,2026-09-03 03:00,2026-09-03 05:00,4410.23,4415.63,4409.39,4415.14,14
1788411780,2026-09-03 03:03,2026-09-03 05:03,4414.93,4414.96,4409.71,4412.03,14
1788411960,2026-09-03 03:06,2026-09-03 05:06,4412.08,4413.07,4409.95,4411.14,14
1788412140,2026-09-03 03:09,2026-09-03 05:09,4410.89,4413.52,4409.14,4411.79,14
1788412320,2026-09-03 03:12,2026-09-03 05:12,4411.49,4413.06,4409.7,4411.25,14
1788412500,2026-09-03 03:15,2026-09-03 05:15,4411.09,4413.3,4409.34,4410.09,14
1788412680,2026-09-03 03:18,2026-09-03 05:18,4410.02,4411.33,4409.45,4410.8,14
1788412860,2026-09-03 03:21,2026-09-03 05:21,4410.64,4412.66,4406.63,4408.27,14
1788413040,2026-09-03 03:24,2026-09-03 05:24,4408.3,4410.67,4407.68,4408.13,14
1788413220,2026-09-03 03:27,2026-09-03 05:27,4408.17,4411.76,4407.7,4411.47,14
1788413400,2026-09-03 03:30,2026-09-03 05:30,4411.48,4417.2,4409.49,4414.62,14
1788413580,2026-09-03 03:33,2026-09-03 05:33,4414.63,4417.33,4414.03,4415.12,14
1788413760,2026-09-03 03:36,2026-09-03 05:36,4415.11,4418.14,4414.09,4417.3,14
1788413940,2026-09-03 03:39,2026-09-03 05:39,4417.21,4417.63,4414.13,4414.69,14
1788414120,2026-09-03 03:42,2026-09-03 05:42,4414.72,4415.49,4412.74,4413.76,14
1788414300,2026-09-03 03:45,2026-09-03 05:45,4413.77,4415.88,4411.5,4414.25,14
1788414480,2026-09-03 03:48,2026-09-03 05:48,4414.29,4418.96,4412.45,4418.64,14
1788414660,2026-09-03 03:51,2026-09-03 05:51,4418.61,4418.97,4415.8,4418.18,14
1788414840,2026-09-03 03:54,2026-09-03 05:54,4418.16,4420.69,4418.1,4420.47,14
1788415020,2026-09-03 03:57,2026-09-03 05:57,4420.34,4420.62,4419.11,4420.62,14
1788415200,2026-09-03 04:00,2026-09-03 06:00,4420.6,4421.98,4419.24,4420.61,14
1788415380,2026-09-03 04:03,2026-09-03 06:03,4420.62,4425.46,4420.09,4424.98,14
1788415560,2026-09-03 04:06,2026-09-03 06:06,4424.99,4426.05,4424.27,4425.46,14
1788415740,2026-09-03 04:09,2026-09-03 06:09,4425.48,4425.48,4423.87,4424.98,14
1788415920,2026-09-03 04:12,2026-09-03 06:12,4425.02,4430.36,4424.81,4428.61,14
1788416100,2026-09-03 04:15,2026-09-03 06:15,4428.65,4430.24,4425.91,4426.09,14
1788416280,2026-09-03 04:18,2026-09-03 06:18,4426.01,4427.03,4424.75,4425.17,14
1788416460,2026-09-03 04:21,2026-09-03 06:21,4424.96,4426.07,4424.68,4425.45,14
1788416640,2026-09-03 04:24,2026-09-03 06:24,4425.46,4428.06,4425.08,4426.69,14
1788416820,2026-09-03 04:27,2026-09-03 06:27,4426.71,4431.18,4426.31,4429.52,14
1788417000,2026-09-03 04:30,2026-09-03 06:30,4429.61,4432.34,4429.45,4431.73,14
1788417180,2026-09-03 04:33,2026-09-03 06:33,4431.71,4432.32,4429.47,4429.82,14
1788417360,2026-09-03 04:36,2026-09-03 06:36,4429.84,4431.05,4429.3,4430.45,14
1788417540,2026-09-03 04:39,2026-09-03 06:39,4430.48,4430.87,4428.47,4429.41,14
1788417720,2026-09-03 04:42,2026-09-03 06:42,4429.39,4429.56,4426.65,4426.85,14
1788417900,2026-09-03 04:45,2026-09-03 06:45,4426.84,4427.62,4425.44,4425.75,14
1788418080,2026-09-03 04:48,2026-09-03 06:48,4425.81,4428.77,4425.57,4427.81,14
1788418260,2026-09-03 04:51,2026-09-03 06:51,4427.86,4430.9,4427.05,4429.41,14
1788418440,2026-09-03 04:54,2026-09-03 06:54,4429.39,4432.13,4428.26,4431.98,14
1788418620,2026-09-03 04:57,2026-09-03 06:57,4432.03,4432.62,4431.2,4431.54,14
1788418800,2026-09-03 05:00,2026-09-03 07:00,4431.48,4431.87,4428.46,4428.74,14
1788418980,2026-09-03 05:03,2026-09-03 07:03,4428.79,4428.98,4426.55,4426.96,14
1788419160,2026-09-03 05:06,2026-09-03 07:06,4426.95,4433.23,4425.74,4432.52,14
1788419340,2026-09-03 05:09,2026-09-03 07:09,4432.73,4435.66,4432.2,4434.69,14
1788419520,2026-09-03 05:12,2026-09-03 07:12,4434.79,4434.89,4430.56,4430.97,14
1788419700,2026-09-03 05:15,2026-09-03 07:15,4430.96,4431.51,4429.81,4430.91,14
1788419880,2026-09-03 05:18,2026-09-03 07:18,4430.9,4432.03,4430.27,4431.93,14
1788420060,2026-09-03 05:21,2026-09-03 07:21,4431.92,4432.93,4431.46,4432.65,14
1788420240,2026-09-03 05:24,2026-09-03 07:24,4432.64,4437.09,4432.64,4436.06,14
1788420420,2026-09-03 05:27,2026-09-03 07:27,4436.07,4436.74,4434.57,4436.73,14
1788420600,2026-09-03 05:30,2026-09-03 07:30,4436.74,4437.07,4435.54,4435.89,14
1788420780,2026-09-03 05:33,2026-09-03 07:33,4435.9,4437.6,4435.7,4436.83,14
1788420960,2026-09-03 05:36,2026-09-03 07:36,4436.84,4438.23,4436.01,4437.87,14
1788421140,2026-09-03 05:39,2026-09-03 07:39,4437.74,4438.66,4436.52,4437.34,14
1788421320,2026-09-03 05:42,2026-09-03 07:42,4437.53,4438.45,4437.42,4437.86,14
1788421500,2026-09-03 05:45,2026-09-03 07:45,4437.89,4438.7,4437.42,4437.98,14
1788421680,2026-09-03 05:48,2026-09-03 07:48,4437.97,4437.97,4435.93,4436.26,14
1788421860,2026-09-03 05:51,2026-09-03 07:51,4436.39,4436.42,4435.36,4435.36,14
1788422040,2026-09-03 05:54,2026-09-03 07:54,4435.37,4436.45,4434.14,4435.82,14
1788422220,2026-09-03 05:57,2026-09-03 07:57,4435.85,4437.82,4434.72,4437.27,14
1788422400,2026-09-03 06:00,2026-09-03 08:00,4437.26,4440.33,4436.72,4437.19,14
1788422580,2026-09-03 06:03,2026-09-03 08:03,4437.19,4437.5,4433.62,4434.25,14
1788422760,2026-09-03 06:06,2026-09-03 08:06,4434.01,4434.23,4431.45,4432.25,14
1788422940,2026-09-03 06:09,2026-09-03 08:09,4432.28,4432.93,4430.43,4430.81,14
1788423120,2026-09-03 06:12,2026-09-03 08:12,4430.82,4431.78,4428.92,4429.79,14
1788423300,2026-09-03 06:15,2026-09-03 08:15,4429.72,4430.77,4427.17,4428.46,14
1788423480,2026-09-03 06:18,2026-09-03 08:18,4428.83,4430.71,4426.29,4426.93,14
1788423660,2026-09-03 06:21,2026-09-03 08:21,4427.0,4427.48,4422.77,4423.87,14
1788423840,2026-09-03 06:24,2026-09-03 08:24,4423.8,4426.8,4422.79,4424.64,14
1788424020,2026-09-03 06:27,2026-09-03 08:27,4424.63,4427.48,4423.68,4424.98,14
1788424200,2026-09-03 06:30,2026-09-03 08:30,4424.75,4429.97,4422.61,4429.6,14
1788424380,2026-09-03 06:33,2026-09-03 08:33,4429.7,4432.68,4428.54,4428.96,14
1788424560,2026-09-03 06:36,2026-09-03 08:36,4429.0,4429.72,4425.37,4428.39,14
1788424740,2026-09-03 06:39,2026-09-03 08:39,4428.56,4431.12,4425.72,4427.04,14
1788424920,2026-09-03 06:42,2026-09-03 08:42,4427.02,4432.44,4427.02,4432.17,14
1788425100,2026-09-03 06:45,2026-09-03 08:45,4432.18,4433.9,4428.35,4432.83,14
1788425280,2026-09-03 06:48,2026-09-03 08:48,4432.89,4438.67,4432.89,4438.48,14
1788425460,2026-09-03 06:51,2026-09-03 08:51,4438.51,4439.4,4434.15,4434.42,14
1788425640,2026-09-03 06:54,2026-09-03 08:54,4434.43,4436.42,4432.6,4434.51,14
1788425820,2026-09-03 06:57,2026-09-03 08:57,4434.5,4434.57,4430.44,4431.34,14
1788426000,2026-09-03 07:00,2026-09-03 09:00,4431.14,4434.0,4429.24,4429.73,14
1788426180,2026-09-03 07:03,2026-09-03 09:03,4429.65,4432.16,4428.78,4431.81,14
1788426360,2026-09-03 07:06,2026-09-03 09:06,4431.84,4436.11,4430.85,4434.16,14
1788426540,2026-09-03 07:09,2026-09-03 09:09,4434.29,4434.29,4426.47,4426.47,14
1788426720,2026-09-03 07:12,2026-09-03 09:12,4426.49,4428.57,4425.78,4426.84,14
1788426900,2026-09-03 07:15,2026-09-03 09:15,4426.83,4430.82,4426.21,4427.32,14
1788427080,2026-09-03 07:18,2026-09-03 09:18,4427.45,4430.02,4425.27,4426.12,14
1788427260,2026-09-03 07:21,2026-09-03 09:21,4426.14,4426.14,4420.83,4422.38,14
1788427440,2026-09-03 07:24,2026-09-03 09:24,4422.39,4423.51,4418.91,4422.75,14
1788427620,2026-09-03 07:27,2026-09-03 09:27,4422.77,4424.05,4420.09,4421.49,14
1788427800,2026-09-03 07:30,2026-09-03 09:30,4421.52,4423.23,4420.41,4421.57,14
1788427980,2026-09-03 07:33,2026-09-03 09:33,4421.64,4424.23,4421.51,4423.9,14
1788428160,2026-09-03 07:36,2026-09-03 09:36,4423.8,4425.87,4423.2,4425.44,14
1788428340,2026-09-03 07:39,2026-09-03 09:39,4425.2,4425.35,4422.4,4425.16,14
1788428520,2026-09-03 07:42,2026-09-03 09:42,4425.14,4426.2,4424.25,4425.66,14
1788428700,2026-09-03 07:45,2026-09-03 09:45,4425.59,4428.91,4424.99,4427.26,14
1788428880,2026-09-03 07:48,2026-09-03 09:48,4427.32,4427.89,4423.88,4424.37,14
1788429060,2026-09-03 07:51,2026-09-03 09:51,4424.38,4425.06,4423.08,4423.8,14
1788429240,2026-09-03 07:54,2026-09-03 09:54,4423.72,4424.2,4421.9,4423.17,14
1788429420,2026-09-03 07:57,2026-09-03 09:57,4423.2,4423.69,4420.59,4420.76,14
1788429600,2026-09-03 08:00,2026-09-03 10:00,4420.74,4428.34,4419.07,4427.26,14
1788429780,2026-09-03 08:03,2026-09-03 10:03,4427.24,4431.63,4425.11,4428.67,14
1788429960,2026-09-03 08:06,2026-09-03 10:06,4428.89,4428.99,4423.77,4424.17,14
1788430140,2026-09-03 08:09,2026-09-03 10:09,4424.11,4426.31,4423.41,4424.88,14
1788430320,2026-09-03 08:12,2026-09-03 10:12,4424.93,4425.28,4421.69,4422.17,14
1788430500,2026-09-03 08:15,2026-09-03 10:15,4422.23,4425.34,4421.6,4423.39,14
1788430680,2026-09-03 08:18,2026-09-03 10:18,4423.26,4426.74,4422.33,4425.8,14
1788430860,2026-09-03 08:21,2026-09-03 10:21,4425.77,4430.0,4424.38,4429.76,14
1788431040,2026-09-03 08:24,2026-09-03 10:24,4429.78,4429.98,4425.91,4425.96,14
1788431220,2026-09-03 08:27,2026-09-03 10:27,4426.03,4428.33,4425.35,4426.42,14
1788431400,2026-09-03 08:30,2026-09-03 10:30,4426.36,4428.73,4426.2,4427.51,14
1788431580,2026-09-03 08:33,2026-09-03 10:33,4427.49,4430.59,4423.83,4425.52,14
1788431760,2026-09-03 08:36,2026-09-03 10:36,4425.71,4428.5,4423.69,4427.88,14
1788431940,2026-09-03 08:39,2026-09-03 10:39,4427.88,4430.64,4426.71,4430.21,14
1788432120,2026-09-03 08:42,2026-09-03 10:42,4430.22,4430.22,4426.44,4426.69,14
1788432300,2026-09-03 08:45,2026-09-03 10:45,4426.61,4428.6,4425.58,4425.81,14
1788432480,2026-09-03 08:48,2026-09-03 10:48,4425.82,4428.26,4424.32,4425.87,14
1788432660,2026-09-03 08:51,2026-09-03 10:51,4425.86,4428.93,4424.68,4428.56,14
1788432840,2026-09-03 08:54,2026-09-03 10:54,4428.51,4431.04,4428.01,4429.09,14
1788433020,2026-09-03 08:57,2026-09-03 10:57,4428.94,4430.22,4428.58,4428.68,14
1788433200,2026-09-03 09:00,2026-09-03 11:00,4428.65,4430.31,4427.93,4429.69,14
1788433380,2026-09-03 09:03,2026-09-03 11:03,4429.28,4443.15,4427.97,4439.71,14
1788433560,2026-09-03 09:06,2026-09-03 11:06,4439.97,4443.39,4438.35,4439.44,14
1788433740,2026-09-03 09:09,2026-09-03 11:09,4439.4,4439.45,4433.04,4433.92,14
1788433920,2026-09-03 09:12,2026-09-03 11:12,4433.93,4435.22,4431.04,4431.71,14
1788434100,2026-09-03 09:15,2026-09-03 11:15,4431.75,4436.73,4430.77,4435.83,14
1788434280,2026-09-03 09:18,2026-09-03 11:18,4435.84,4439.28,4434.45,4438.89,14
1788434460,2026-09-03 09:21,2026-09-03 11:21,4438.84,4439.58,4434.99,4435.78,14
1788434640,2026-09-03 09:24,2026-09-03 11:24,4435.75,4438.47,4435.73,4436.67,14
1788434820,2026-09-03 09:27,2026-09-03 11:27,4436.54,4438.86,4434.92,4438.14,14
1788435000,2026-09-03 09:30,2026-09-03 11:30,4438.18,4438.33,4435.83,4437.68,14
1788435180,2026-09-03 09:33,2026-09-03 11:33,4437.69,4439.7,4436.74,4437.1,14
1788435360,2026-09-03 09:36,2026-09-03 11:36,4437.08,4438.43,4435.53,4436.24,14
1788435540,2026-09-03 09:39,2026-09-03 11:39,4436.22,4436.74,4433.09,4433.85,14
1788435720,2026-09-03 09:42,2026-09-03 11:42,4433.95,4434.82,4431.46,4434.26,14
1788435900,2026-09-03 09:45,2026-09-03 11:45,4434.32,4440.05,4434.32,4438.99,14
1788436080,2026-09-03 09:48,2026-09-03 11:48,4438.95,4439.28,4437.25,4437.85,14
1788436260,2026-09-03 09:51,2026-09-03 11:51,4437.78,4437.96,4434.29,4435.24,14
1788436440,2026-09-03 09:54,2026-09-03 11:54,4435.49,4435.96,4433.89,4435.09,14
1788436620,2026-09-03 09:57,2026-09-03 11:57,4435.1,4437.63,4434.88,4435.14,14
1788436800,2026-09-03 10:00,2026-09-03 12:00,4435.23,4438.15,4434.67,4435.54,14
1788436980,2026-09-03 10:03,2026-09-03 12:03,4435.59,4437.89,4434.28,4436.83,14
1788437160,2026-09-03 10:06,2026-09-03 12:06,4436.74,4442.2,4435.3,4440.91,14
1788437340,2026-09-03 10:09,2026-09-03 12:09,4440.89,4441.03,4438.21,4439.02,14
1788437520,2026-09-03 10:12,2026-09-03 12:12,4439.06,4440.22,4437.88,4438.21,14
1788437700,2026-09-03 10:15,2026-09-03 12:15,4438.17,4438.49,4435.95,4437.53,14
1788437880,2026-09-03 10:18,2026-09-03 12:18,4437.57,4437.99,4434.44,4434.97,14
1788438060,2026-09-03 10:21,2026-09-03 12:21,4434.89,4435.25,4432.39,4433.11,14
1788438240,2026-09-03 10:24,2026-09-03 12:24,4433.08,4433.63,4432.32,4433.04,14
1788438420,2026-09-03 10:27,2026-09-03 12:27,4433.06,4435.91,4432.74,4435.36,14
1788438600,2026-09-03 10:30,2026-09-03 12:30,4435.17,4437.36,4433.87,4437.28,14
1788438780,2026-09-03 10:33,2026-09-03 12:33,4437.26,4438.06,4436.11,4437.84,14
1788438960,2026-09-03 10:36,2026-09-03 12:36,4437.85,4437.99,4431.08,4431.85,14
1788439140,2026-09-03 10:39,2026-09-03 12:39,4431.84,4434.43,4430.85,4433.54,14
1788439320,2026-09-03 10:42,2026-09-03 12:42,4433.53,4433.53,4429.69,4430.3,14
1788439500,2026-09-03 10:45,2026-09-03 12:45,4430.23,4430.33,4427.14,4428.46,14
1788439680,2026-09-03 10:48,2026-09-03 12:48,4428.48,4430.53,4428.07,4430.49,14
1788439860,2026-09-03 10:51,2026-09-03 12:51,4430.53,4430.53,4426.69,4427.12,14
1788440040,2026-09-03 10:54,2026-09-03 12:54,4427.08,4427.78,4425.74,4426.16,14
1788440220,2026-09-03 10:57,2026-09-03 12:57,4426.24,4429.43,4426.24,4427.77,14
1788440400,2026-09-03 11:00,2026-09-03 13:00,4427.78,4428.51,4425.7,4426.68,14
1788440580,2026-09-03 11:03,2026-09-03 13:03,4426.66,4428.76,4425.76,4428.64,14
1788440760,2026-09-03 11:06,2026-09-03 13:06,4428.68,4430.14,4426.27,4426.83,14
1788440940,2026-09-03 11:09,2026-09-03 13:09,4426.86,4426.86,4423.43,4424.05,14
1788441120,2026-09-03 11:12,2026-09-03 13:12,4423.81,4425.3,4423.1,4424.81,14
1788441300,2026-09-03 11:15,2026-09-03 13:15,4424.74,4425.94,4423.31,4423.51,14
1788441480,2026-09-03 11:18,2026-09-03 13:18,4423.5,4424.1,4420.84,4421.65,14
1788441660,2026-09-03 11:21,2026-09-03 13:21,4421.73,4423.2,4421.0,4421.13,14
1788441840,2026-09-03 11:24,2026-09-03 13:24,4421.06,4423.31,4419.09,4422.67,14
1788442020,2026-09-03 11:27,2026-09-03 13:27,4422.72,4424.31,4421.4,4422.84,14
1788442200,2026-09-03 11:30,2026-09-03 13:30,4422.61,4423.4,4420.28,4422.14,14
1788442380,2026-09-03 11:33,2026-09-03 13:33,4422.08,4424.49,4421.48,4423.7,14
1788442560,2026-09-03 11:36,2026-09-03 13:36,4423.53,4425.19,4422.22,4423.64,14
1788442740,2026-09-03 11:39,2026-09-03 13:39,4423.65,4426.34,4423.23,4425.86,14
1788442920,2026-09-03 11:42,2026-09-03 13:42,4425.85,4426.58,4424.95,4425.59,14
1788443100,2026-09-03 11:45,2026-09-03 13:45,4425.54,4426.82,4425.42,4425.57,14
1788443280,2026-09-03 11:48,2026-09-03 13:48,4425.61,4425.92,4423.97,4424.63,14
1788443460,2026-09-03 11:51,2026-09-03 13:51,4424.64,4428.22,4424.39,4427.86,14
1788443640,2026-09-03 11:54,2026-09-03 13:54,4427.75,4428.38,4426.7,4427.97,14
1788443820,2026-09-03 11:57,2026-09-03 13:57,4428.01,4428.28,4427.0,4427.18,14
1788444000,2026-09-03 12:00,2026-09-03 14:00,4427.08,4429.24,4424.84,4426.2,14
1788444180,2026-09-03 12:03,2026-09-03 14:03,4426.19,4427.59,4425.36,4427.05,14
1788444360,2026-09-03 12:06,2026-09-03 14:06,4427.0,4429.9,4425.73,4429.24,14
1788444540,2026-09-03 12:09,2026-09-03 14:09,4429.31,4432.37,4429.08,4431.65,14
1788444720,2026-09-03 12:12,2026-09-03 14:12,4431.73,4432.75,4430.92,4432.43,14
1788444900,2026-09-03 12:15,2026-09-03 14:15,4432.44,4435.24,4432.07,4434.01,14
1788445080,2026-09-03 12:18,2026-09-03 14:18,4434.29,4437.96,4431.64,4431.76,14
1788445260,2026-09-03 12:21,2026-09-03 14:21,4431.79,4432.73,4430.64,4430.73,14
1788445440,2026-09-03 12:24,2026-09-03 14:24,4430.82,4435.17,4430.19,4433.36,14
1788445620,2026-09-03 12:27,2026-09-03 14:27,4433.39,4434.58,4431.78,4434.36,14
1788445800,2026-09-03 12:30,2026-09-03 14:30,4434.56,4435.23,4426.87,4432.43,14
1788445980,2026-09-03 12:33,2026-09-03 14:33,4432.55,4435.34,4432.44,4434.43,14
1788446160,2026-09-03 12:36,2026-09-03 14:36,4434.51,4436.89,4434.49,4435.78,14
1788446340,2026-09-03 12:39,2026-09-03 14:39,4435.8,4438.75,4435.38,4437.43,14
1788446520,2026-09-03 12:42,2026-09-03 14:42,4437.23,4439.36,4437.0,4438.81,14
1788446700,2026-09-03 12:45,2026-09-03 14:45,4438.79,4440.76,4437.92,4438.47,14
1788446880,2026-09-03 12:48,2026-09-03 14:48,4438.46,4439.68,4436.49,4438.66,14
1788447060,2026-09-03 12:51,2026-09-03 14:51,4438.68,4441.9,4438.47,4439.12,14
1788447240,2026-09-03 12:54,2026-09-03 14:54,4439.17,4442.14,4439.17,4441.43,14
1788447420,2026-09-03 12:57,2026-09-03 14:57,4441.41,4445.13,4441.25,4444.2,14
1788447600,2026-09-03 13:00,2026-09-03 15:00,4444.14,4445.62,4441.06,4445.35,14
1788447780,2026-09-03 13:03,2026-09-03 15:03,4445.37,4448.93,4445.33,4448.85,14
1788447960,2026-09-03 13:06,2026-09-03 15:06,4448.84,4448.93,4444.9,4446.36,14
1788448140,2026-09-03 13:09,2026-09-03 15:09,4446.44,4450.18,4445.63,4446.86,14
1788448320,2026-09-03 13:12,2026-09-03 15:12,4446.87,4447.12,4443.14,4443.69,14
1788448500,2026-09-03 13:15,2026-09-03 15:15,4443.55,4444.65,4440.84,4442.72,14
1788448680,2026-09-03 13:18,2026-09-03 15:18,4442.82,4443.58,4437.85,4439.09,14
1788448860,2026-09-03 13:21,2026-09-03 15:21,4439.14,4446.25,4438.48,4445.94,14
1788449040,2026-09-03 13:24,2026-09-03 15:24,4446.01,4449.34,4445.99,4448.53,14
1788449220,2026-09-03 13:27,2026-09-03 15:27,4448.65,4448.89,4446.34,4446.63,14
1788449400,2026-09-03 13:30,2026-09-03 15:30,4446.64,4470.15,4446.64,4465.59,14
1788449580,2026-09-03 13:33,2026-09-03 15:33,4465.89,4470.01,4459.4,4461.25,14
1788449760,2026-09-03 13:36,2026-09-03 15:36,4461.23,4478.88,4460.81,4478.45,16
1788449940,2026-09-03 13:39,2026-09-03 15:39,4478.39,4478.56,4465.69,4466.72,14
1788450120,2026-09-03 13:42,2026-09-03 15:42,4466.94,4469.85,4464.89,4468.14,14
1788450300,2026-09-03 13:45,2026-09-03 15:45,4467.95,4477.39,4465.56,4475.24,14
1788450480,2026-09-03 13:48,2026-09-03 15:48,4475.07,4481.51,4475.07,4481.24,14
1788450660,2026-09-03 13:51,2026-09-03 15:51,4481.26,4487.89,4479.38,4486.93,14
1788450840,2026-09-03 13:54,2026-09-03 15:54,4486.96,4494.43,4486.96,4492.68,14
1788451020,2026-09-03 13:57,2026-09-03 15:57,4492.72,4495.12,4490.83,4493.4,14
1788451200,2026-09-03 14:00,2026-09-03 16:00,4493.46,4494.67,4488.11,4490.0,14
1788451380,2026-09-03 14:03,2026-09-03 16:03,4489.92,4495.97,4488.1,4491.33,14
1788451560,2026-09-03 14:06,2026-09-03 16:06,4491.42,4494.06,4485.72,4490.78,14
1788451740,2026-09-03 14:09,2026-09-03 16:09,4490.74,4490.8,4484.92,4489.02,14
1788451920,2026-09-03 14:12,2026-09-03 16:12,4489.03,4489.08,4484.63,4485.71,14
1788452100,2026-09-03 14:15,2026-09-03 16:15,4485.73,4487.92,4480.63,4480.63,14
1788452280,2026-09-03 14:18,2026-09-03 16:18,4480.6,4482.28,4478.34,4479.69,14
1788452460,2026-09-03 14:21,2026-09-03 16:21,4479.77,4484.62,4478.75,4482.4,14
1788452640,2026-09-03 14:24,2026-09-03 16:24,4482.3,4483.83,4477.12,4477.63,14
1788452820,2026-09-03 14:27,2026-09-03 16:27,4477.57,4480.53,4477.54,4479.9,14
1788453000,2026-09-03 14:30,2026-09-03 16:30,4479.96,4481.48,4474.16,4477.97,14
1788453180,2026-09-03 14:33,2026-09-03 16:33,4477.76,4482.6,4475.95,4479.46,14
1788453360,2026-09-03 14:36,2026-09-03 16:36,4479.34,4479.6,4472.63,4474.31,14
1788453540,2026-09-03 14:39,2026-09-03 16:39,4474.32,4477.17,4469.34,4473.64,14
1788453720,2026-09-03 14:42,2026-09-03 16:42,4473.73,4473.97,4468.22,4470.42,14
1788453900,2026-09-03 14:45,2026-09-03 16:45,4470.17,4470.53,4460.19,4460.58,14
1788454080,2026-09-03 14:48,2026-09-03 16:48,4460.52,4462.22,4456.76,4459.87,14
1788454260,2026-09-03 14:51,2026-09-03 16:51,4459.92,4464.82,4458.85,4461.92,14
1788454440,2026-09-03 14:54,2026-09-03 16:54,4462.01,4467.79,4459.93,4466.78,14
1788454620,2026-09-03 14:57,2026-09-03 16:57,4467.06,4471.13,4463.76,4470.66,14
1788454800,2026-09-03 15:00,2026-09-03 17:00,4470.62,4470.62,4459.4,4466.89,14
1788454980,2026-09-03 15:03,2026-09-03 17:03,4467.18,4469.88,4464.77,4467.55,14
1788455160,2026-09-03 15:06,2026-09-03 17:06,4467.64,4473.01,4465.43,4465.57,14
1788455340,2026-09-03 15:09,2026-09-03 17:09,4465.29,4466.26,4461.18,4466.17,14
1788455520,2026-09-03 15:12,2026-09-03 17:12,4466.37,4469.99,4464.63,4469.09,14
1788455700,2026-09-03 15:15,2026-09-03 17:15,4469.11,4476.15,4469.08,4474.55,14
1788455880,2026-09-03 15:18,2026-09-03 17:18,4474.5,4479.99,4473.71,4479.81,14
1788456060,2026-09-03 15:21,2026-09-03 17:21,4479.68,4480.73,4471.85,4476.26,14
1788456240,2026-09-03 15:24,2026-09-03 17:24,4476.45,4478.36,4470.48,4471.18,14
1788456420,2026-09-03 15:27,2026-09-03 17:27,4471.05,4478.07,4470.81,4477.51,14
1788456600,2026-09-03 15:30,2026-09-03 17:30,4477.22,4479.71,4474.93,4477.16,14
1788456780,2026-09-03 15:33,2026-09-03 17:33,4476.93,4477.91,4470.43,4472.91,14
1788456960,2026-09-03 15:36,2026-09-03 17:36,4473.0,4473.97,4468.62,4473.53,14
1788457140,2026-09-03 15:39,2026-09-03 17:39,4473.59,4473.81,4466.06,4469.61,14
1788457320,2026-09-03 15:42,2026-09-03 17:42,4469.62,4474.98,4469.24,4473.2,14
1788457500,2026-09-03 15:45,2026-09-03 17:45,4473.1,4479.82,4473.06,4479.1,14
1788457680,2026-09-03 15:48,2026-09-03 17:48,4478.95,4480.19,4472.86,4478.41,14
1788457860,2026-09-03 15:51,2026-09-03 17:51,4478.42,4478.45,4474.87,4475.89,14
1788458040,2026-09-03 15:54,2026-09-03 17:54,4476.11,4479.69,4470.72,4475.42,14
1788458220,2026-09-03 15:57,2026-09-03 17:57,4475.45,4485.27,4475.3,4485.05,14
1788458400,2026-09-03 16:00,2026-09-03 18:00,4485.49,4493.59,4484.0,4491.12,14
1788458580,2026-09-03 16:03,2026-09-03 18:03,4490.93,4500.23,4490.67,4499.15,14
1788458760,2026-09-03 16:06,2026-09-03 18:06,4499.44,4503.93,4496.39,4501.42,14
1788458940,2026-09-03 16:09,2026-09-03 18:09,4501.48,4501.94,4495.4,4497.39,14
1788459120,2026-09-03 16:12,2026-09-03 18:12,4497.34,4503.97,4496.05,4503.4,14
1788459300,2026-09-03 16:15,2026-09-03 18:15,4503.3,4505.9,4501.5,4505.19,14
1788459480,2026-09-03 16:18,2026-09-03 18:18,4505.26,4510.92,4504.8,4509.09,14
1788459660,2026-09-03 16:21,2026-09-03 18:21,4509.17,4509.63,4503.55,4506.72,14
1788459840,2026-09-03 16:24,2026-09-03 18:24,4506.92,4508.86,4504.02,4507.02,14
1788460020,2026-09-03 16:27,2026-09-03 18:27,4506.97,4507.44,4503.71,4506.06,14
1788460200,2026-09-03 16:30,2026-09-03 18:30,4506.05,4509.48,4501.33,4502.7,14
1788460380,2026-09-03 16:33,2026-09-03 18:33,4502.73,4505.07,4499.89,4501.98,14
1788460560,2026-09-03 16:36,2026-09-03 18:36,4501.94,4503.01,4497.58,4497.64,14
1788460740,2026-09-03 16:39,2026-09-03 18:39,4497.83,4498.61,4495.41,4497.09,14
1788460920,2026-09-03 16:42,2026-09-03 18:42,4497.1,4498.18,4494.9,4494.98,14
1788461100,2026-09-03 16:45,2026-09-03 18:45,4495.09,4495.78,4490.11,4490.41,14
1788461280,2026-09-03 16:48,2026-09-03 18:48,4490.45,4490.47,4487.38,4490.16,14
1788461460,2026-09-03 16:51,2026-09-03 18:51,4490.03,4491.97,4488.68,4491.58,14
1788461640,2026-09-03 16:54,2026-09-03 18:54,4491.55,4492.11,4488.86,4490.25,14
1788461820,2026-09-03 16:57,2026-09-03 18:57,4490.26,4493.43,4486.12,4493.27,14
1788462000,2026-09-03 17:00,2026-09-03 19:00,4493.29,4493.66,4490.37,4492.36,14
1788462180,2026-09-03 17:03,2026-09-03 19:03,4492.22,4493.07,4489.2,4489.97,14
1788462360,2026-09-03 17:06,2026-09-03 19:06,4489.96,4493.44,4487.67,4492.39,14
1788462540,2026-09-03 17:09,2026-09-03 19:09,4492.44,4494.88,4491.86,4494.59,14
1788462720,2026-09-03 17:12,2026-09-03 19:12,4494.76,4495.6,4492.64,4494.06,14
1788462900,2026-09-03 17:15,2026-09-03 19:15,4494.07,4494.97,4492.87,4494.33,14
1788463080,2026-09-03 17:18,2026-09-03 19:18,4494.31,4494.4,4491.28,4492.32,14
1788463260,2026-09-03 17:21,2026-09-03 19:21,4492.45,4493.77,4491.0,4492.93,14
1788463440,2026-09-03 17:24,2026-09-03 19:24,4492.97,4493.88,4491.52,4491.85,14
1788463620,2026-09-03 17:27,2026-09-03 19:27,4491.86,4494.51,4490.77,4493.39,14
1788463800,2026-09-03 17:30,2026-09-03 19:30,4493.45,4495.69,4489.37,4490.93,14
1788463980,2026-09-03 17:33,2026-09-03 19:33,4491.06,4492.34,4490.0,4490.81,14
1788464160,2026-09-03 17:36,2026-09-03 19:36,4490.77,4491.89,4490.53,4491.83,14
1788464340,2026-09-03 17:39,2026-09-03 19:39,4491.81,4492.01,4487.87,4488.83,14
1788464520,2026-09-03 17:42,2026-09-03 19:42,4488.79,4489.02,4486.76,4488.09,14
1788464700,2026-09-03 17:45,2026-09-03 19:45,4488.07,4491.26,4487.9,4489.62,14
1788464880,2026-09-03 17:48,2026-09-03 19:48,4489.67,4490.37,4487.43,4489.15,14
1788465060,2026-09-03 17:51,2026-09-03 19:51,4489.14,4489.14,4485.51,4487.38,14
1788465240,2026-09-03 17:54,2026-09-03 19:54,4487.4,4488.65,4486.75,4487.44,14
1788465420,2026-09-03 17:57,2026-09-03 19:57,4487.54,4487.81,4485.94,4486.46,14
1788465600,2026-09-03 18:00,2026-09-03 20:00,4486.5,4487.71,4483.63,4483.71,14
1788465780,2026-09-03 18:03,2026-09-03 20:03,4483.69,4488.47,4483.28,4488.25,14
1788465960,2026-09-03 18:06,2026-09-03 20:06,4488.29,4488.89,4486.23,4486.33,14
1788466140,2026-09-03 18:09,2026-09-03 20:09,4486.22,4487.57,4485.71,4486.11,14
1788466320,2026-09-03 18:12,2026-09-03 20:12,4486.06,4488.5,4485.91,4487.83,14
1788466500,2026-09-03 18:15,2026-09-03 20:15,4487.87,4488.39,4485.1,4486.44,14
1788466680,2026-09-03 18:18,2026-09-03 20:18,4486.43,4489.13,4486.09,4488.23,14
1788466860,2026-09-03 18:21,2026-09-03 20:21,4488.09,4491.34,4487.97,4490.73,14
1788467040,2026-09-03 18:24,2026-09-03 20:24,4490.81,4491.39,4489.53,4490.15,14
1788467220,2026-09-03 18:27,2026-09-03 20:27,4490.1,4493.85,4490.09,4492.9,14
1788467400,2026-09-03 18:30,2026-09-03 20:30,4493.0,4494.16,4491.2,4491.65,14
1788467580,2026-09-03 18:33,2026-09-03 20:33,4491.68,4493.34,4490.68,4493.31,14
1788467760,2026-09-03 18:36,2026-09-03 20:36,4493.29,4494.11,4491.9,4493.24,14
1788467940,2026-09-03 18:39,2026-09-03 20:39,4493.44,4493.79,4492.49,4492.55,14
1788468120,2026-09-03 18:42,2026-09-03 20:42,4492.37,4492.96,4491.66,4491.96,14
1788468300,2026-09-03 18:45,2026-09-03 20:45,4492.01,4494.62,4491.2,4493.04,14
1788468480,2026-09-03 18:48,2026-09-03 20:48,4493.02,4493.02,4489.88,4490.65,14
1788468660,2026-09-03 18:51,2026-09-03 20:51,4490.66,4490.71,4488.18,4490.09,14
1788468840,2026-09-03 18:54,2026-09-03 20:54,4490.1,4490.63,4487.81,4488.16,14
1788469020,2026-09-03 18:57,2026-09-03 20:57,4488.26,4489.01,4486.57,4486.87,14
1788469200,2026-09-03 19:00,2026-09-03 21:00,4486.93,4490.03,4486.77,4488.46,14
1788469380,2026-09-03 19:03,2026-09-03 21:03,4488.42,4489.77,4484.75,4485.03,14
1788469560,2026-09-03 19:06,2026-09-03 21:06,4485.0,4486.83,4484.63,4486.45,14
1788469740,2026-09-03 19:09,2026-09-03 21:09,4486.46,4489.52,4485.64,4487.05,14
1788469920,2026-09-03 19:12,2026-09-03 21:12,4487.06,4487.22,4484.0,4484.0,14
1788470100,2026-09-03 19:15,2026-09-03 21:15,4484.08,4486.49,4483.96,4485.29,14
1788470280,2026-09-03 19:18,2026-09-03 21:18,4485.22,4487.38,4485.16,4486.67,14
1788470460,2026-09-03 19:21,2026-09-03 21:21,4486.62,4488.24,4482.91,4483.29,14
1788470640,2026-09-03 19:24,2026-09-03 21:24,4483.19,4484.33,4482.07,4483.88,14
1788470820,2026-09-03 19:27,2026-09-03 21:27,4483.87,4484.81,4479.75,4479.86,14
1788471000,2026-09-03 19:30,2026-09-03 21:30,4479.87,4480.85,4476.0,4478.36,14
1788471180,2026-09-03 19:33,2026-09-03 21:33,4478.32,4480.79,4477.07,4479.98,14
1788471360,2026-09-03 19:36,2026-09-03 21:36,4479.95,4483.04,4479.95,4481.83,14
1788471540,2026-09-03 19:39,2026-09-03 21:39,4481.79,4482.85,4481.26,4481.59,14
1788471720,2026-09-03 19:42,2026-09-03 21:42,4481.61,4482.48,4480.95,4481.52,14
1788471900,2026-09-03 19:45,2026-09-03 21:45,4481.38,4483.03,4481.08,4482.52,14
1788472080,2026-09-03 19:48,2026-09-03 21:48,4482.58,4482.64,4477.35,4477.95,14
1788472260,2026-09-03 19:51,2026-09-03 21:51,4477.96,4479.49,4476.13,4476.47,14
1788472440,2026-09-03 19:54,2026-09-03 21:54,4476.46,4476.61,4473.92,4474.84,14
1788472620,2026-09-03 19:57,2026-09-03 21:57,4474.92,4475.91,4474.32,4475.34,14
1788472800,2026-09-03 20:00,2026-09-03 22:00,4475.42,4476.68,4474.17,4474.85,14
1788472980,2026-09-03 20:03,2026-09-03 22:03,4474.83,4476.09,4474.32,4475.63,14
1788473160,2026-09-03 20:06,2026-09-03 22:06,4475.61,4476.56,4474.18,4474.37,14
1788473340,2026-09-03 20:09,2026-09-03 22:09,4474.42,4477.18,4473.98,4475.79,14
1788473520,2026-09-03 20:12,2026-09-03 22:12,4475.8,4476.04,4472.88,4474.49,14
1788473700,2026-09-03 20:15,2026-09-03 22:15,4474.48,4476.43,4473.97,4474.41,14
1788473880,2026-09-03 20:18,2026-09-03 22:18,4474.17,4476.9,4474.14,4475.25,14
1788474060,2026-09-03 20:21,2026-09-03 22:21,4475.24,4476.27,4474.16,4474.92,14
1788474240,2026-09-03 20:24,2026-09-03 22:24,4474.88,4475.82,4472.61,4473.88,14
1788474420,2026-09-03 20:27,2026-09-03 22:27,4473.87,4475.86,4473.6,4475.79,14
1788474600,2026-09-03 20:30,2026-09-03 22:30,4475.76,4477.93,4474.93,4475.87,14
1788474780,2026-09-03 20:33,2026-09-03 22:33,4475.78,4476.15,4473.93,4474.96,14
1788474960,2026-09-03 20:36,2026-09-03 22:36,4474.97,4476.32,4474.54,4475.99,14
1788475140,2026-09-03 20:39,2026-09-03 22:39,4475.97,4478.5,4474.28,4478.27,14
1788475320,2026-09-03 20:42,2026-09-03 22:42,4478.29,4478.93,4477.29,4477.61,14
1788475500,2026-09-03 20:45,2026-09-03 22:45,4477.63,4480.79,4477.59,4479.43,14
1788475680,2026-09-03 20:48,2026-09-03 22:48,4479.45,4480.33,4477.47,4478.47,14
1788475860,2026-09-03 20:51,2026-09-03 22:51,4478.45,4479.57,4476.56,4477.07,14
1788476040,2026-09-03 20:54,2026-09-03 22:54,4477.19,4478.78,4476.89,4477.55,14
1788476220,2026-09-03 20:57,2026-09-03 22:57,4477.57,4478.67,4473.31,4475.33,14
1788476400,2026-09-03 21:00,2026-09-03 23:00,4475.43,4475.84,4471.95,4472.46,14
1788476580,2026-09-03 21:03,2026-09-03 23:03,4472.47,4472.7,4471.67,4472.7,17
1788476760,2026-09-03 21:06,2026-09-03 23:06,4472.68,4473.75,4471.73,4473.58,17
1788476940,2026-09-03 21:09,2026-09-03 23:09,4473.74,4473.84,4472.24,4472.27,17
1788477120,2026-09-03 21:12,2026-09-03 23:12,4472.26,4473.14,4471.7,4471.77,17
1788477300,2026-09-03 21:15,2026-09-03 23:15,4471.7,4472.11,4470.4,4470.92,17
1788477480,2026-09-03 21:18,2026-09-03 23:18,4470.93,4471.96,4470.72,4470.97,17
1788477660,2026-09-03 21:21,2026-09-03 23:21,4470.98,4471.35,4470.63,4471.3,17
1788477840,2026-09-03 21:24,2026-09-03 23:24,4471.28,4472.54,4470.66,4471.88,17
1788478020,2026-09-03 21:27,2026-09-03 23:27,4471.89,4472.62,4471.55,4471.76,17
1788478200,2026-09-03 21:30,2026-09-03 23:30,4471.75,4472.54,4471.26,4472.34,17
1788478380,2026-09-03 21:33,2026-09-03 23:33,4472.32,4472.67,4471.62,4471.9,17
1788478560,2026-09-03 21:36,2026-09-03 23:36,4471.92,4472.78,4471.06,4471.73,17
1788478740,2026-09-03 21:39,2026-09-03 23:39,4471.74,4472.19,4471.21,4472.09,17
1788478920,2026-09-03 21:42,2026-09-03 23:42,4472.1,4472.92,4471.94,4472.53,18
1788479100,2026-09-03 21:45,2026-09-03 23:45,4472.5,4472.5,4471.78,4472.23,17
1788479280,2026-09-03 21:48,2026-09-03 23:48,4472.29,4473.79,4472.29,4473.11,17
1788479460,2026-09-03 21:51,2026-09-03 23:51,4473.06,4474.23,4472.75,4473.13,17
1788479640,2026-09-03 21:54,2026-09-03 23:54,4473.05,4473.91,4473.04,4473.46,18
1788479820,2026-09-03 21:57,2026-09-03 23:57,4473.57,4473.76,4472.98,4473.31,17
1788483600,2026-09-03 23:00,2026-09-04 01:00,4473.1,4477.01,4473.1,4476.71,17
1788483780,2026-09-03 23:03,2026-09-04 01:03,4476.66,4477.23,4475.52,4476.66,17
1788483960,2026-09-03 23:06,2026-09-04 01:06,4476.61,4476.98,4475.25,4475.35,17
1788484140,2026-09-03 23:09,2026-09-04 01:09,4475.33,4475.88,4474.14,4474.22,17
1788484320,2026-09-03 23:12,2026-09-04 01:12,4474.23,4478.13,4474.12,4477.92,17
1788484500,2026-09-03 23:15,2026-09-04 01:15,4477.86,4478.41,4476.87,4477.23,14
1788484680,2026-09-03 23:18,2026-09-04 01:18,4477.32,4478.65,4475.49,4475.85,14
1788484860,2026-09-03 23:21,2026-09-04 01:21,4475.8,4476.31,4475.17,4475.22,14
1788485040,2026-09-03 23:24,2026-09-04 01:24,4475.21,4475.76,4474.75,4475.5,14
1788485220,2026-09-03 23:27,2026-09-04 01:27,4475.58,4475.84,4474.06,4474.96,14
1788485400,2026-09-03 23:30,2026-09-04 01:30,4475.18,4476.74,4474.39,4474.87,14
1788485580,2026-09-03 23:33,2026-09-04 01:33,4474.92,4475.36,4473.91,4474.62,14
1788485760,2026-09-03 23:36,2026-09-04 01:36,4474.68,4475.19,4473.11,4474.52,14
1788485940,2026-09-03 23:39,2026-09-04 01:39,4474.53,4476.34,4472.75,4475.24,14
1788486120,2026-09-03 23:42,2026-09-04 01:42,4475.37,4475.52,4472.57,4473.91,14
1788486300,2026-09-03 23:45,2026-09-04 01:45,4473.92,4474.45,4473.11,4473.79,14
1788486480,2026-09-03 23:48,2026-09-04 01:48,4473.75,4475.14,4471.4,4473.94,14
1788486660,2026-09-03 23:51,2026-09-04 01:51,4473.96,4475.9,4473.64,4474.33,14
1788486840,2026-09-03 23:54,2026-09-04 01:54,4474.4,4474.83,4472.16,4474.24,14
1788487020,2026-09-03 23:57,2026-09-04 01:57,4474.25,4475.34,4473.84,4474.53,14
1788487200,2026-09-04 00:00,2026-09-04 02:00,4474.52,4476.81,4474.41,4476.6,14
1788487380,2026-09-04 00:03,2026-09-04 02:03,4476.54,4476.79,4475.78,4476.47,14
1788487560,2026-09-04 00:06,2026-09-04 02:06,4476.45,4476.95,4472.69,4476.71,14
1788487740,2026-09-04 00:09,2026-09-04 02:09,4476.69,4477.81,4475.32,4475.76,14
1788487920,2026-09-04 00:12,2026-09-04 02:12,4475.83,4475.83,4473.94,4474.39,14
1788488100,2026-09-04 00:15,2026-09-04 02:15,4474.41,4475.33,4471.63,4473.0,14
1788488280,2026-09-04 00:18,2026-09-04 02:18,4473.01,4473.51,4471.89,4472.75,14
1788488460,2026-09-04 00:21,2026-09-04 02:21,4472.54,4473.38,4472.25,4472.86,14
1788488640,2026-09-04 00:24,2026-09-04 02:24,4472.87,4473.19,4472.28,4473.19,14
1788488820,2026-09-04 00:27,2026-09-04 02:27,4473.2,4474.77,4472.55,4473.91,14
1788489000,2026-09-04 00:30,2026-09-04 02:30,4473.93,4476.29,4473.61,4474.61,14
1788489180,2026-09-04 00:33,2026-09-04 02:33,4474.62,4475.21,4473.74,4475.05,14
1788489360,2026-09-04 00:36,2026-09-04 02:36,4475.07,4478.4,4475.05,4477.19,14
1788489540,2026-09-04 00:39,2026-09-04 02:39,4477.17,4478.44,4476.99,4477.18,14
1788489720,2026-09-04 00:42,2026-09-04 02:42,4477.19,4477.34,4476.45,4477.34,14
1788489900,2026-09-04 00:45,2026-09-04 02:45,4477.26,4477.36,4475.41,4475.79,14
1788490080,2026-09-04 00:48,2026-09-04 02:48,4475.83,4479.14,4474.97,4478.78,14
1788490260,2026-09-04 00:51,2026-09-04 02:51,4478.81,4479.67,4475.47,4475.77,14
1788490440,2026-09-04 00:54,2026-09-04 02:54,4475.75,4479.67,4475.4,4478.44,14
1788490620,2026-09-04 00:57,2026-09-04 02:57,4478.66,4480.43,4478.66,4480.07,14
1788490800,2026-09-04 01:00,2026-09-04 03:00,4480.11,4480.51,4478.41,4479.36,14
1788490980,2026-09-04 01:03,2026-09-04 03:03,4479.34,4482.44,4478.01,4482.2,14
1788491160,2026-09-04 01:06,2026-09-04 03:06,4482.17,4483.1,4479.62,4480.53,14
1788491340,2026-09-04 01:09,2026-09-04 03:09,4480.57,4481.59,4479.41,4480.61,14
1788491520,2026-09-04 01:12,2026-09-04 03:12,4480.54,4483.3,4479.59,4480.93,14
1788491700,2026-09-04 01:15,2026-09-04 03:15,4480.83,4481.0,4476.81,4477.58,14
1788491880,2026-09-04 01:18,2026-09-04 03:18,4477.64,4479.1,4476.33,4478.26,14
1788492060,2026-09-04 01:21,2026-09-04 03:21,4478.04,4479.97,4476.41,4478.89,14
1788492240,2026-09-04 01:24,2026-09-04 03:24,4478.88,4479.01,4474.3,4476.85,14
1788492420,2026-09-04 01:27,2026-09-04 03:27,4476.84,4476.89,4474.46,4474.82,14
1788492600,2026-09-04 01:30,2026-09-04 03:30,4474.79,4475.33,4472.81,4475.01,14
1788492780,2026-09-04 01:33,2026-09-04 03:33,4474.96,4479.76,4474.96,4479.26,14
1788492960,2026-09-04 01:36,2026-09-04 03:36,4479.12,4479.27,4476.3,4476.65,14
1788493140,2026-09-04 01:39,2026-09-04 03:39,4476.69,4478.47,4475.82,4478.03,14
1788493320,2026-09-04 01:42,2026-09-04 03:42,4478.19,4482.39,4478.19,4482.35,14
1788493500,2026-09-04 01:45,2026-09-04 03:45,4482.37,4484.71,4481.5,4484.61,14
1788493680,2026-09-04 01:48,2026-09-04 03:48,4484.68,4484.75,4480.71,4481.48,14
1788493860,2026-09-04 01:51,2026-09-04 03:51,4481.63,4484.48,4481.03,4481.4,14
1788494040,2026-09-04 01:54,2026-09-04 03:54,4481.41,4486.67,4480.71,4484.87,14
1788494220,2026-09-04 01:57,2026-09-04 03:57,4485.08,4487.27,4484.48,4486.32,14
1788494400,2026-09-04 02:00,2026-09-04 04:00,4486.35,4487.14,4480.59,4481.18,14
1788494580,2026-09-04 02:03,2026-09-04 04:03,4481.01,4481.47,4475.67,4475.78,14
1788494760,2026-09-04 02:06,2026-09-04 04:06,4475.83,4479.02,4475.02,4477.63,14
1788494940,2026-09-04 02:09,2026-09-04 04:09,4477.56,4482.43,4476.86,4481.78,14
1788495120,2026-09-04 02:12,2026-09-04 04:12,4481.79,4483.04,4474.29,4475.12,14
1788495300,2026-09-04 02:15,2026-09-04 04:15,4475.1,4479.1,4474.42,4477.7,14
1788495480,2026-09-04 02:18,2026-09-04 04:18,4477.82,4478.87,4474.5,4475.83,14
1788495660,2026-09-04 02:21,2026-09-04 04:21,4475.86,4479.09,4475.47,4477.72,14
1788495840,2026-09-04 02:24,2026-09-04 04:24,4477.73,4478.25,4469.94,4470.43,14
1788496020,2026-09-04 02:27,2026-09-04 04:27,4470.4,4472.03,4467.84,4471.01,14
1788496200,2026-09-04 02:30,2026-09-04 04:30,4471.0,4473.29,4469.76,4470.79,14
1788496380,2026-09-04 02:33,2026-09-04 04:33,4470.71,4473.13,4468.45,4473.13,14
1788496560,2026-09-04 02:36,2026-09-04 04:36,4473.16,4476.9,4471.7,4474.84,14
1788496740,2026-09-04 02:39,2026-09-04 04:39,4474.78,4477.14,4472.95,4473.79,14
1788496920,2026-09-04 02:42,2026-09-04 04:42,4473.84,4475.09,4471.06,4473.96,14
1788497100,2026-09-04 02:45,2026-09-04 04:45,4473.79,4473.92,4467.14,4469.06,14
1788497280,2026-09-04 02:48,2026-09-04 04:48,4468.66,4470.07,4468.15,4469.98,14
1788497460,2026-09-04 02:51,2026-09-04 04:51,4470.09,4472.2,4468.36,4471.95,14
1788497640,2026-09-04 02:54,2026-09-04 04:54,4471.94,4476.69,4471.54,4476.52,14
1788497820,2026-09-04 02:57,2026-09-04 04:57,4476.48,4480.65,4476.15,4478.73,14
1788498000,2026-09-04 03:00,2026-09-04 05:00,4478.67,4481.86,4478.31,4481.51,14
1788498180,2026-09-04 03:03,2026-09-04 05:03,4481.47,4482.54,4477.68,4478.1,14
1788498360,2026-09-04 03:06,2026-09-04 05:06,4478.09,4480.2,4477.37,4479.03,14
1788498540,2026-09-04 03:09,2026-09-04 05:09,4479.07,4480.07,4477.26,4477.77,14
1788498720,2026-09-04 03:12,2026-09-04 05:12,4477.79,4480.5,4477.27,4479.54,14
1788498900,2026-09-04 03:15,2026-09-04 05:15,4479.51,4480.16,4478.05,4478.33,14
1788499080,2026-09-04 03:18,2026-09-04 05:18,4478.39,4478.79,4476.51,4476.81,14
1788499260,2026-09-04 03:21,2026-09-04 05:21,4476.83,4477.06,4473.9,4476.02,14
1788499440,2026-09-04 03:24,2026-09-04 05:24,4475.98,4477.86,4472.09,4473.62,14
1788499620,2026-09-04 03:27,2026-09-04 05:27,4473.51,4474.62,4471.51,4474.12,14
1788499800,2026-09-04 03:30,2026-09-04 05:30,4474.15,4476.4,4471.42,4472.77,14
1788499980,2026-09-04 03:33,2026-09-04 05:33,4472.82,4473.96,4470.25,4473.12,14
1788500160,2026-09-04 03:36,2026-09-04 05:36,4473.18,4475.34,4471.94,4475.2,14
1788500340,2026-09-04 03:39,2026-09-04 05:39,4475.17,4477.44,4475.1,4476.73,14
1788500520,2026-09-04 03:42,2026-09-04 05:42,4476.47,4476.47,4471.02,4471.02,14
1788500700,2026-09-04 03:45,2026-09-04 05:45,4471.0,4475.2,4470.38,4474.61,14
1788500880,2026-09-04 03:48,2026-09-04 05:48,4474.67,4477.48,4474.46,4477.27,14
1788501060,2026-09-04 03:51,2026-09-04 05:51,4477.18,4478.55,4475.92,4477.4,14
1788501240,2026-09-04 03:54,2026-09-04 05:54,4477.36,4480.89,4477.28,4477.57,14
1788501420,2026-09-04 03:57,2026-09-04 05:57,4477.61,4477.71,4475.86,4477.53,14
1788501600,2026-09-04 04:00,2026-09-04 06:00,4477.6,4478.79,4475.76,4475.79,14
1788501780,2026-09-04 04:03,2026-09-04 06:03,4475.82,4476.89,4472.1,4473.71,14
1788501960,2026-09-04 04:06,2026-09-04 06:06,4473.81,4475.23,4472.98,4473.99,14
1788502140,2026-09-04 04:09,2026-09-04 06:09,4474.03,4474.32,4470.84,4471.28,14
1788502320,2026-09-04 04:12,2026-09-04 06:12,4471.49,4473.72,4470.24,4473.44,14
1788502500,2026-09-04 04:15,2026-09-04 06:15,4473.43,4474.51,4471.55,4473.16,14
1788502680,2026-09-04 04:18,2026-09-04 06:18,4473.17,4474.44,4472.09,4474.19,14
1788502860,2026-09-04 04:21,2026-09-04 06:21,4474.17,4474.91,4472.74,4473.68,14
1788503040,2026-09-04 04:24,2026-09-04 06:24,4473.7,4474.56,4473.18,4474.5,14
1788503220,2026-09-04 04:27,2026-09-04 06:27,4474.49,4474.69,4471.91,4472.35,14
1788503400,2026-09-04 04:30,2026-09-04 06:30,4472.31,4474.4,4472.01,4473.72,14
1788503580,2026-09-04 04:33,2026-09-04 06:33,4473.87,4475.41,4473.87,4474.77,14
1788503760,2026-09-04 04:36,2026-09-04 06:36,4474.64,4475.1,4473.73,4474.04,14
1788503940,2026-09-04 04:39,2026-09-04 06:39,4474.05,4474.17,4472.3,4472.49,14
1788504120,2026-09-04 04:42,2026-09-04 06:42,4472.43,4472.77,4469.0,4469.54,14
1788504300,2026-09-04 04:45,2026-09-04 06:45,4469.52,4470.23,4468.98,4469.14,14
1788504480,2026-09-04 04:48,2026-09-04 06:48,4469.17,4470.27,4468.93,4469.81,14
1788504660,2026-09-04 04:51,2026-09-04 06:51,4469.8,4469.87,4467.53,4469.48,14
1788504840,2026-09-04 04:54,2026-09-04 06:54,4469.49,4470.04,4469.15,4469.8,14
1788505020,2026-09-04 04:57,2026-09-04 06:57,4469.9,4469.9,4466.99,4467.01,14
1788505200,2026-09-04 05:00,2026-09-04 07:00,4466.98,4469.0,4465.44,4467.18,14
1788505380,2026-09-04 05:03,2026-09-04 07:03,4467.15,4469.74,4466.1,4468.67,14
1788505560,2026-09-04 05:06,2026-09-04 07:06,4468.62,4468.99,4467.22,4468.54,14
1788505740,2026-09-04 05:09,2026-09-04 07:09,4468.52,4469.9,4467.99,4469.19,14
1788505920,2026-09-04 05:12,2026-09-04 07:12,4469.05,4470.25,4467.73,4469.27,14
1788506100,2026-09-04 05:15,2026-09-04 07:15,4469.25,4469.63,4468.43,4468.96,14
1788506280,2026-09-04 05:18,2026-09-04 07:18,4469.05,4469.86,4468.68,4469.51,14
1788506460,2026-09-04 05:21,2026-09-04 07:21,4469.5,4470.43,4469.09,4469.69,14
1788506640,2026-09-04 05:24,2026-09-04 07:24,4469.71,4470.38,4468.9,4470.11,14
1788506820,2026-09-04 05:27,2026-09-04 07:27,4470.12,4472.46,4469.39,4471.77,14
1788507000,2026-09-04 05:30,2026-09-04 07:30,4471.78,4474.87,4471.58,4472.87,14
1788507180,2026-09-04 05:33,2026-09-04 07:33,4472.91,4473.07,4471.79,4472.97,14
1788507360,2026-09-04 05:36,2026-09-04 07:36,4473.05,4475.11,4472.81,4473.95,14
1788507540,2026-09-04 05:39,2026-09-04 07:39,4473.94,4474.95,4473.46,4474.57,14
1788507720,2026-09-04 05:42,2026-09-04 07:42,4474.46,4474.93,4473.36,4474.09,14
1788507900,2026-09-04 05:45,2026-09-04 07:45,4473.72,4474.51,4472.68,4472.89,14
1788508080,2026-09-04 05:48,2026-09-04 07:48,4472.93,4474.83,4472.6,4474.06,14
1788508260,2026-09-04 05:51,2026-09-04 07:51,4474.07,4474.82,4473.63,4474.04,14
1788508440,2026-09-04 05:54,2026-09-04 07:54,4474.05,4474.6,4473.9,4474.36,14
1788508620,2026-09-04 05:57,2026-09-04 07:57,4474.3,4474.55,4473.68,4473.75,14
1788508800,2026-09-04 06:00,2026-09-04 08:00,4473.73,4474.68,4471.51,4472.61,14
1788508980,2026-09-04 06:03,2026-09-04 08:03,4472.73,4472.93,4468.8,4468.8,14
1788509160,2026-09-04 06:06,2026-09-04 08:06,4468.87,4471.98,4468.36,4471.78,14
1788509340,2026-09-04 06:09,2026-09-04 08:09,4471.75,4471.88,4467.55,4468.27,14
1788509520,2026-09-04 06:12,2026-09-04 08:12,4468.26,4469.68,4467.95,4469.62,14
1788509700,2026-09-04 06:15,2026-09-04 08:15,4469.59,4473.15,4468.73,4472.98,14
1788509880,2026-09-04 06:18,2026-09-04 08:18,4473.09,4475.45,4472.32,4473.43,14
1788510060,2026-09-04 06:21,2026-09-04 08:21,4473.41,4473.66,4470.26,4470.69,14
1788510240,2026-09-04 06:24,2026-09-04 08:24,4470.75,4471.55,4469.88,4470.51,14
1788510420,2026-09-04 06:27,2026-09-04 08:27,4470.54,4471.06,4467.66,4467.84,14
1788510600,2026-09-04 06:30,2026-09-04 08:30,4467.87,4475.13,4467.15,4474.47,14
1788510780,2026-09-04 06:33,2026-09-04 08:33,4474.55,4475.09,4469.88,4470.05,14
1788510960,2026-09-04 06:36,2026-09-04 08:36,4470.16,4472.8,4469.26,4472.42,14
1788511140,2026-09-04 06:39,2026-09-04 08:39,4472.4,4477.87,4472.25,4475.0,14
1788511320,2026-09-04 06:42,2026-09-04 08:42,4474.95,4475.94,4470.42,4471.29,14
1788511500,2026-09-04 06:45,2026-09-04 08:45,4471.24,4472.95,4470.83,4472.45,14
1788511680,2026-09-04 06:48,2026-09-04 08:48,4472.44,4472.83,4467.92,4468.8,14
1788511860,2026-09-04 06:51,2026-09-04 08:51,4468.69,4470.65,4468.0,4468.34,14
1788512040,2026-09-04 06:54,2026-09-04 08:54,4468.33,4470.08,4467.32,4469.43,14
1788512220,2026-09-04 06:57,2026-09-04 08:57,4469.65,4472.3,4468.57,4471.96,14
1788512400,2026-09-04 07:00,2026-09-04 09:00,4472.02,4473.49,4470.29,4471.16,14
1788512580,2026-09-04 07:03,2026-09-04 09:03,4471.14,4471.82,4469.25,4470.96,14
1788512760,2026-09-04 07:06,2026-09-04 09:06,4471.09,4471.95,4468.11,4468.89,14
1788512940,2026-09-04 07:09,2026-09-04 09:09,4468.88,4471.66,4467.48,4467.84,14
1788513120,2026-09-04 07:12,2026-09-04 09:12,4467.87,4469.14,4466.84,4468.88,14
1788513300,2026-09-04 07:15,2026-09-04 09:15,4468.86,4469.48,4467.24,4468.16,14
1788513480,2026-09-04 07:18,2026-09-04 09:18,4468.23,4471.4,4467.4,4471.02,14
1788513660,2026-09-04 07:21,2026-09-04 09:21,4470.95,4471.56,4467.62,4469.13,14
1788513840,2026-09-04 07:24,2026-09-04 09:24,4469.12,4470.88,4466.82,4470.64,14
1788514020,2026-09-04 07:27,2026-09-04 09:27,4470.62,4472.03,4468.36,4469.06,14
1788514200,2026-09-04 07:30,2026-09-04 09:30,4468.98,4470.03,4466.76,4469.74,14
1788514380,2026-09-04 07:33,2026-09-04 09:33,4469.67,4470.16,4464.46,4465.84,14
1788514560,2026-09-04 07:36,2026-09-04 09:36,4465.85,4466.6,4463.2,4466.32,14
1788514740,2026-09-04 07:39,2026-09-04 09:39,4466.4,4468.83,4464.97,4468.83,14
1788514920,2026-09-04 07:42,2026-09-04 09:42,4468.84,4468.91,4464.08,4464.29,14
1788515100,2026-09-04 07:45,2026-09-04 09:45,4464.12,4464.55,4462.04,4463.7,14
1788515280,2026-09-04 07:48,2026-09-04 09:48,4463.77,4464.68,4461.37,4464.13,14
1788515460,2026-09-04 07:51,2026-09-04 09:51,4464.09,4464.35,4462.29,4463.18,14
1788515640,2026-09-04 07:54,2026-09-04 09:54,4463.19,4463.73,4460.94,4461.45,14
1788515820,2026-09-04 07:57,2026-09-04 09:57,4461.39,4463.62,4460.07,4463.23,14
1788516000,2026-09-04 08:00,2026-09-04 10:00,4463.14,4464.3,4461.52,4464.08,14
1788516180,2026-09-04 08:03,2026-09-04 10:03,4464.18,4467.85,4463.89,4466.23,14
1788516360,2026-09-04 08:06,2026-09-04 10:06,4466.19,4468.65,4465.5,4468.61,14
1788516540,2026-09-04 08:09,2026-09-04 10:09,4468.59,4470.84,4467.72,4470.11,14
1788516720,2026-09-04 08:12,2026-09-04 10:12,4470.12,4471.68,4467.89,4467.89,14
1788516900,2026-09-04 08:15,2026-09-04 10:15,4467.88,4468.25,4466.65,4468.03,14
1788517080,2026-09-04 08:18,2026-09-04 10:18,4467.96,4469.76,4467.1,4468.07,14
1788517260,2026-09-04 08:21,2026-09-04 10:21,4467.98,4468.66,4466.93,4468.34,14
1788517440,2026-09-04 08:24,2026-09-04 10:24,4468.3,4470.47,4468.3,4468.95,14
1788517620,2026-09-04 08:27,2026-09-04 10:27,4468.88,4473.03,4468.36,4472.81,14
1788517800,2026-09-04 08:30,2026-09-04 10:30,4472.93,4475.3,4472.55,4473.52,14
1788517980,2026-09-04 08:33,2026-09-04 10:33,4473.47,4475.41,4472.67,4474.93,14
1788518160,2026-09-04 08:36,2026-09-04 10:36,4474.97,4476.55,4474.48,4474.97,14
1788518340,2026-09-04 08:39,2026-09-04 10:39,4475.01,4477.9,4474.54,4477.9,14
1788518520,2026-09-04 08:42,2026-09-04 10:42,4477.95,4486.27,4477.72,4485.7,14
1788518700,2026-09-04 08:45,2026-09-04 10:45,4485.76,4488.86,4484.48,4488.4,14
1788518880,2026-09-04 08:48,2026-09-04 10:48,4488.51,4490.5,4484.75,4484.84,14
1788519060,2026-09-04 08:51,2026-09-04 10:51,4484.67,4485.11,4482.47,4483.12,14
1788519240,2026-09-04 08:54,2026-09-04 10:54,4483.34,4486.3,4482.86,4485.47,14
1788519420,2026-09-04 08:57,2026-09-04 10:57,4485.41,4485.63,4481.47,4483.5,14
1788519600,2026-09-04 09:00,2026-09-04 11:00,4483.43,4486.47,4483.35,4484.73,14
1788519780,2026-09-04 09:03,2026-09-04 11:03,4484.71,4485.17,4481.26,4482.02,14
1788519960,2026-09-04 09:06,2026-09-04 11:06,4482.03,4484.0,4481.44,4482.5,14
1788520140,2026-09-04 09:09,2026-09-04 11:09,4482.41,4482.7,4479.31,4480.64,14
1788520320,2026-09-04 09:12,2026-09-04 11:12,4480.57,4483.76,4480.55,4481.91,14
1788520500,2026-09-04 09:15,2026-09-04 11:15,4482.08,4484.07,4481.42,4483.79,14
1788520680,2026-09-04 09:18,2026-09-04 11:18,4484.04,4484.19,4481.3,4483.67,14
1788520860,2026-09-04 09:21,2026-09-04 11:21,4483.66,4484.14,4481.25,4481.46,14
1788521040,2026-09-04 09:24,2026-09-04 11:24,4481.47,4482.08,4479.38,4481.49,14
1788521220,2026-09-04 09:27,2026-09-04 11:27,4481.43,4482.38,4480.69,4481.01,14
1788521400,2026-09-04 09:30,2026-09-04 11:30,4481.03,4482.62,4478.08,4479.44,14
1788521580,2026-09-04 09:33,2026-09-04 11:33,4479.57,4481.64,4479.29,4480.59,14
1788521760,2026-09-04 09:36,2026-09-04 11:36,4480.54,4481.37,4477.65,4477.82,14
1788521940,2026-09-04 09:39,2026-09-04 11:39,4477.97,4478.86,4477.38,4477.99,14
1788522120,2026-09-04 09:42,2026-09-04 11:42,4477.98,4479.14,4477.28,4477.64,14
1788522300,2026-09-04 09:45,2026-09-04 11:45,4477.58,4478.59,4476.85,4477.2,14
1788522480,2026-09-04 09:48,2026-09-04 11:48,4477.18,4477.2,4474.63,4475.01,17
1788522660,2026-09-04 09:51,2026-09-04 11:51,4474.96,4476.7,4474.35,4476.7,17
1788522840,2026-09-04 09:54,2026-09-04 11:54,4476.72,4479.75,4475.87,4478.87,14
1788523020,2026-09-04 09:57,2026-09-04 11:57,4479.17,4479.59,4477.28,4477.9,14
1788523200,2026-09-04 10:00,2026-09-04 12:00,4477.88,4479.21,4476.62,4478.77,14
1788523380,2026-09-04 10:03,2026-09-04 12:03,4478.8,4479.31,4475.83,4476.5,14
1788523560,2026-09-04 10:06,2026-09-04 12:06,4476.47,4476.71,4473.77,4474.7,14
1788523740,2026-09-04 10:09,2026-09-04 12:09,4474.69,4475.63,4471.81,4471.81,14
1788523920,2026-09-04 10:12,2026-09-04 12:12,4471.76,4472.44,4469.11,4470.3,14
1788524100,2026-09-04 10:15,2026-09-04 12:15,4470.27,4470.84,4468.08,4468.94,14
1788524280,2026-09-04 10:18,2026-09-04 12:18,4468.88,4469.11,4464.74,4466.74,14
1788524460,2026-09-04 10:21,2026-09-04 12:21,4466.71,4467.7,4464.06,4467.07,14
1788524640,2026-09-04 10:24,2026-09-04 12:24,4467.01,4467.23,4463.9,4465.41,14
1788524820,2026-09-04 10:27,2026-09-04 12:27,4465.48,4466.84,4464.0,4466.64,14
1788525000,2026-09-04 10:30,2026-09-04 12:30,4466.63,4470.08,4464.67,4469.87,14
1788525180,2026-09-04 10:33,2026-09-04 12:33,4469.86,4470.37,4466.21,4468.2,14
1788525360,2026-09-04 10:36,2026-09-04 12:36,4468.21,4469.8,4467.87,4468.04,14
1788525540,2026-09-04 10:39,2026-09-04 12:39,4468.13,4468.81,4467.04,4467.28,14
1788525720,2026-09-04 10:42,2026-09-04 12:42,4467.27,4467.76,4465.66,4467.35,14
1788525900,2026-09-04 10:45,2026-09-04 12:45,4467.42,4469.66,4467.29,4469.0,14
1788526080,2026-09-04 10:48,2026-09-04 12:48,4468.98,4469.62,4468.06,4469.07,14
1788526260,2026-09-04 10:51,2026-09-04 12:51,4469.09,4469.48,4467.72,4468.78,14
1788526440,2026-09-04 10:54,2026-09-04 12:54,4468.67,4468.88,4465.93,4468.26,14
1788526620,2026-09-04 10:57,2026-09-04 12:57,4468.34,4469.69,4465.43,4465.46,14
1788526800,2026-09-04 11:00,2026-09-04 13:00,4465.57,4467.64,4465.52,4466.26,14
1788526980,2026-09-04 11:03,2026-09-04 13:03,4466.37,4470.14,4466.15,4469.5,14
1788527160,2026-09-04 11:06,2026-09-04 13:06,4469.29,4470.8,4468.9,4470.52,14
1788527340,2026-09-04 11:09,2026-09-04 13:09,4470.54,4470.74,4468.97,4469.93,14
1788527520,2026-09-04 11:12,2026-09-04 13:12,4469.98,4473.06,4469.82,4472.85,14
1788527700,2026-09-04 11:15,2026-09-04 13:15,4472.95,4473.49,4470.96,4472.01,14
1788527880,2026-09-04 11:18,2026-09-04 13:18,4472.01,4472.13,4471.43,4471.59,14
1788528060,2026-09-04 11:21,2026-09-04 13:21,4471.72,4472.04,4468.64,4469.23,14
1788528240,2026-09-04 11:24,2026-09-04 13:24,4469.28,4473.59,4468.15,4469.11,14
1788528420,2026-09-04 11:27,2026-09-04 13:27,4469.13,4471.12,4469.1,4471.11,14
1788528600,2026-09-04 11:30,2026-09-04 13:30,4471.15,4474.75,4470.86,4474.47,14
1788528780,2026-09-04 11:33,2026-09-04 13:33,4474.35,4475.33,4471.83,4472.19,14
1788528960,2026-09-04 11:36,2026-09-04 13:36,4472.18,4472.3,4469.9,4471.13,14
1788529140,2026-09-04 11:39,2026-09-04 13:39,4471.12,4473.95,4471.1,4473.82,14
1788529320,2026-09-04 11:42,2026-09-04 13:42,4473.81,4474.11,4472.74,4473.66,14
1788529500,2026-09-04 11:45,2026-09-04 13:45,4473.66,4476.51,4473.43,4476.01,14
1788529680,2026-09-04 11:48,2026-09-04 13:48,4475.92,4476.32,4474.15,4475.26,14
1788529860,2026-09-04 11:51,2026-09-04 13:51,4475.16,4475.64,4473.49,4473.64,14
1788530040,2026-09-04 11:54,2026-09-04 13:54,4473.67,4475.06,4473.64,4474.39,14
1788530220,2026-09-04 11:57,2026-09-04 13:57,4474.61,4474.76,4472.7,4472.7,14
1788530400,2026-09-04 12:00,2026-09-04 14:00,4472.74,4473.5,4470.45,4472.41,14
1788530580,2026-09-04 12:03,2026-09-04 14:03,4472.45,4472.91,4471.28,4472.22,14
1788530760,2026-09-04 12:06,2026-09-04 14:06,4472.31,4472.31,4469.48,4470.09,14
1788530940,2026-09-04 12:09,2026-09-04 14:09,4470.09,4471.42,4470.02,4470.21,14
1788531120,2026-09-04 12:12,2026-09-04 14:12,4470.16,4471.21,4469.65,4470.24,14
1788531300,2026-09-04 12:15,2026-09-04 14:15,4470.27,4470.82,4467.96,4468.65,14
1788531480,2026-09-04 12:18,2026-09-04 14:18,4468.66,4468.86,4466.31,4468.45,14
1788531660,2026-09-04 12:21,2026-09-04 14:21,4468.46,4470.8,4467.59,4469.78,14
1788531840,2026-09-04 12:24,2026-09-04 14:24,4469.8,4469.8,4466.31,4467.42,14
1788532020,2026-09-04 12:27,2026-09-04 14:27,4467.4,4467.9,4465.45,4465.76,14
1788532200,2026-09-04 12:30,2026-09-04 14:30,4465.8,4468.57,4465.43,4468.11,14
1788532380,2026-09-04 12:33,2026-09-04 14:33,4468.13,4468.28,4465.96,4467.51,14
1788532560,2026-09-04 12:36,2026-09-04 14:36,4467.43,4469.55,4467.02,4469.18,14
1788532740,2026-09-04 12:39,2026-09-04 14:39,4469.17,4470.31,4467.43,4469.13,14
1788532920,2026-09-04 12:42,2026-09-04 14:42,4469.12,4469.25,4466.02,4468.41,14
1788533100,2026-09-04 12:45,2026-09-04 14:45,4468.44,4470.52,4468.09,4470.34,14
1788533280,2026-09-04 12:48,2026-09-04 14:48,4470.3,4470.34,4467.08,4468.69,14
1788533460,2026-09-04 12:51,2026-09-04 14:51,4468.91,4470.59,4467.51,4468.65,14
1788533640,2026-09-04 12:54,2026-09-04 14:54,4468.63,4469.78,4468.21,4468.85,14
1788533820,2026-09-04 12:57,2026-09-04 14:57,4468.8,4469.03,4465.02,4466.95,14
1788534000,2026-09-04 13:00,2026-09-04 15:00,4467.13,4469.18,4464.97,4465.8,14
1788534180,2026-09-04 13:03,2026-09-04 15:03,4465.84,4470.46,4465.84,4469.13,14
1788534360,2026-09-04 13:06,2026-09-04 15:06,4469.17,4470.07,4468.1,4469.06,14
1788534540,2026-09-04 13:09,2026-09-04 15:09,4468.93,4469.55,4466.38,4467.85,14
1788534720,2026-09-04 13:12,2026-09-04 15:12,4467.82,4468.35,4464.62,4464.95,14
1788534900,2026-09-04 13:15,2026-09-04 15:15,4464.93,4467.69,4464.77,4465.92,14
1788535080,2026-09-04 13:18,2026-09-04 15:18,4465.68,4468.32,4464.15,4465.64,14
1788535260,2026-09-04 13:21,2026-09-04 15:21,4465.6,4469.75,4464.67,4466.89,14
1788535440,2026-09-04 13:24,2026-09-04 15:24,4466.84,4470.17,4466.76,4469.49,14
1788535620,2026-09-04 13:27,2026-09-04 15:27,4469.37,4476.26,4469.18,4473.02,17
1788535800,2026-09-04 13:30,2026-09-04 15:30,4472.93,4473.43,4377.02,4383.76,23
1788535980,2026-09-04 13:33,2026-09-04 15:33,4383.86,4412.94,4380.35,4389.89,20
1788536160,2026-09-04 13:36,2026-09-04 15:36,4389.73,4399.04,4383.14,4392.7,14
1788536340,2026-09-04 13:39,2026-09-04 15:39,4392.69,4402.13,4387.14,4401.98,14
1788536520,2026-09-04 13:42,2026-09-04 15:42,4402.09,4406.77,4393.85,4393.85,14
1788536700,2026-09-04 13:45,2026-09-04 15:45,4393.82,4393.82,4380.24,4382.75,16
1788536880,2026-09-04 13:48,2026-09-04 15:48,4382.9,4400.13,4382.55,4397.9,14
1788537060,2026-09-04 13:51,2026-09-04 15:51,4397.8,4408.56,4395.28,4408.08,14
1788537240,2026-09-04 13:54,2026-09-04 15:54,4408.15,4409.95,4403.03,4405.07,14
1788537420,2026-09-04 13:57,2026-09-04 15:57,4405.08,4405.16,4392.84,4394.13,14
1788537600,2026-09-04 14:00,2026-09-04 16:00,4394.14,4394.86,4365.42,4385.52,16
1788537780,2026-09-04 14:03,2026-09-04 16:03,4385.72,4387.87,4376.0,4379.33,14
1788537960,2026-09-04 14:06,2026-09-04 16:06,4379.24,4386.86,4377.77,4385.84,14
1788538140,2026-09-04 14:09,2026-09-04 16:09,4385.42,4390.41,4382.33,4388.7,14
1788538320,2026-09-04 14:12,2026-09-04 16:12,4388.76,4394.38,4387.05,4394.14,14
1788538500,2026-09-04 14:15,2026-09-04 16:15,4394.15,4399.71,4391.94,4391.94,14
1788538680,2026-09-04 14:18,2026-09-04 16:18,4391.71,4400.9,4391.18,4400.28,14
1788538860,2026-09-04 14:21,2026-09-04 16:21,4400.18,4403.95,4396.66,4403.39,14
1788539040,2026-09-04 14:24,2026-09-04 16:24,4403.48,4407.73,4402.11,4406.55,14
1788539220,2026-09-04 14:27,2026-09-04 16:27,4406.4,4414.68,4406.25,4412.68,14
1788539400,2026-09-04 14:30,2026-09-04 16:30,4412.54,4420.18,4411.94,4417.97,16
1788539580,2026-09-04 14:33,2026-09-04 16:33,4417.99,4420.36,4411.17,4411.8,14
1788539760,2026-09-04 14:36,2026-09-04 16:36,4411.79,4416.47,4408.06,4412.76,14
1788539940,2026-09-04 14:39,2026-09-04 16:39,4412.7,4413.59,4405.33,4410.68,14
1788540120,2026-09-04 14:42,2026-09-04 16:42,4410.72,4424.1,4409.8,4423.83,14
1788540300,2026-09-04 14:45,2026-09-04 16:45,4423.68,4432.49,4418.33,4432.06,14
1788540480,2026-09-04 14:48,2026-09-04 16:48,4432.08,4434.46,4427.19,4429.08,14
1788540660,2026-09-04 14:51,2026-09-04 16:51,4429.04,4431.54,4421.68,4421.89,14
1788540840,2026-09-04 14:54,2026-09-04 16:54,4421.92,4427.15,4421.03,4425.04,14
1788541020,2026-09-04 14:57,2026-09-04 16:57,4425.0,4425.76,4413.35,4413.56,14
1788541200,2026-09-04 15:00,2026-09-04 17:00,4413.49,4420.22,4412.57,4414.94,14
1788541380,2026-09-04 15:03,2026-09-04 17:03,4414.99,4422.94,4412.14,4421.49,14
1788541560,2026-09-04 15:06,2026-09-04 17:06,4421.67,4426.63,4415.88,4426.54,14
1788541740,2026-09-04 15:09,2026-09-04 17:09,4426.59,4427.09,4418.99,4419.71,14
1788541920,2026-09-04 15:12,2026-09-04 17:12,4419.54,4435.03,4419.39,4433.64,14
1788542100,2026-09-04 15:15,2026-09-04 17:15,4433.53,4436.99,4429.86,4430.15,14
1788542280,2026-09-04 15:18,2026-09-04 17:18,4429.84,4434.9,4428.71,4431.27,14
1788542460,2026-09-04 15:21,2026-09-04 17:21,4431.41,4435.64,4428.91,4429.4,14
1788542640,2026-09-04 15:24,2026-09-04 17:24,4429.54,4437.49,4426.71,4432.24,14
1788542820,2026-09-04 15:27,2026-09-04 17:27,4432.25,4433.54,4429.02,4429.06,14
1788543000,2026-09-04 15:30,2026-09-04 17:30,4429.04,4439.26,4429.04,4435.05,14
1788543180,2026-09-04 15:33,2026-09-04 17:33,4435.01,4442.63,4433.6,4441.43,14
1788543360,2026-09-04 15:36,2026-09-04 17:36,4441.44,4441.44,4429.25,4431.63,14
1788543540,2026-09-04 15:39,2026-09-04 17:39,4431.66,4431.78,4427.88,4430.14,14
1788543720,2026-09-04 15:42,2026-09-04 17:42,4430.27,4432.77,4425.4,4429.06,14
1788543900,2026-09-04 15:45,2026-09-04 17:45,4429.12,4432.07,4422.83,4425.57,14
1788544080,2026-09-04 15:48,2026-09-04 17:48,4425.37,4430.15,4424.91,4428.17,14
1788544260,2026-09-04 15:51,2026-09-04 17:51,4427.94,4428.86,4421.02,4422.85,14
1788544440,2026-09-04 15:54,2026-09-04 17:54,4422.72,4424.2,4417.35,4422.89,14
1788544620,2026-09-04 15:57,2026-09-04 17:57,4422.85,4430.04,4422.71,4427.62,14
1788544800,2026-09-04 16:00,2026-09-04 18:00,4427.75,4427.98,4422.68,4424.44,14
1788544980,2026-09-04 16:03,2026-09-04 18:03,4424.51,4433.89,4423.15,4433.76,14
1788545160,2026-09-04 16:06,2026-09-04 18:06,4433.59,4439.28,4431.72,4434.57,14
1788545340,2026-09-04 16:09,2026-09-04 18:09,4434.62,4438.05,4434.02,4436.1,14
1788545520,2026-09-04 16:12,2026-09-04 18:12,4436.06,4443.81,4435.51,4443.75,14
1788545700,2026-09-04 16:15,2026-09-04 18:15,4443.73,4446.51,4441.27,4445.24,14
1788545880,2026-09-04 16:18,2026-09-04 18:18,4445.26,4448.7,4444.85,4447.14,14
1788546060,2026-09-04 16:21,2026-09-04 18:21,4447.15,4448.8,4441.22,4441.47,14
1788546240,2026-09-04 16:24,2026-09-04 18:24,4441.53,4446.38,4440.34,4442.57,14
1788546420,2026-09-04 16:27,2026-09-04 18:27,4442.53,4443.24,4439.6,4439.85,14
1788546600,2026-09-04 16:30,2026-09-04 18:30,4440.08,4444.31,4439.02,4439.34,14
1788546780,2026-09-04 16:33,2026-09-04 18:33,4439.46,4442.62,4438.19,4438.98,14
1788546960,2026-09-04 16:36,2026-09-04 18:36,4439.02,4440.27,4437.22,4439.44,14
1788547140,2026-09-04 16:39,2026-09-04 18:39,4439.5,4443.94,4436.64,4443.75,14
1788547320,2026-09-04 16:42,2026-09-04 18:42,4443.77,4446.64,4441.45,4442.79,14
1788547500,2026-09-04 16:45,2026-09-04 18:45,4442.7,4444.13,4442.03,4442.82,14
1788547680,2026-09-04 16:48,2026-09-04 18:48,4442.83,4445.27,4441.67,4444.89,14
1788547860,2026-09-04 16:51,2026-09-04 18:51,4444.84,4446.08,4439.35,4441.52,14
1788548040,2026-09-04 16:54,2026-09-04 18:54,4441.46,4441.66,4437.09,4437.53,14
1788548220,2026-09-04 16:57,2026-09-04 18:57,4437.58,4438.1,4435.81,4436.65,14
1788548400,2026-09-04 17:00,2026-09-04 19:00,4436.63,4440.35,4436.38,4438.46,14
1788548580,2026-09-04 17:03,2026-09-04 19:03,4438.35,4440.58,4437.02,4440.08,14
1788548760,2026-09-04 17:06,2026-09-04 19:06,4440.1,4440.19,4434.8,4435.9,14
1788548940,2026-09-04 17:09,2026-09-04 19:09,4435.89,4436.23,4432.16,4434.72,14
1788549120,2026-09-04 17:12,2026-09-04 19:12,4434.79,4439.63,4432.43,4439.01,14
1788549300,2026-09-04 17:15,2026-09-04 19:15,4438.89,4441.14,4437.49,4440.77,14
1788549480,2026-09-04 17:18,2026-09-04 19:18,4440.78,4443.79,4440.54,4440.87,14
1788549660,2026-09-04 17:21,2026-09-04 19:21,4440.82,4442.11,4435.8,4436.81,14
1788549840,2026-09-04 17:24,2026-09-04 19:24,4436.77,4438.54,4433.77,4434.27,14
1788550020,2026-09-04 17:27,2026-09-04 19:27,4434.26,4435.33,4433.28,4434.52,14
1788550200,2026-09-04 17:30,2026-09-04 19:30,4434.53,4437.18,4433.25,4436.75,14
1788550380,2026-09-04 17:33,2026-09-04 19:33,4436.81,4439.15,4436.15,4437.83,14
1788550560,2026-09-04 17:36,2026-09-04 19:36,4437.85,4437.94,4436.29,4437.1,14
1788550740,2026-09-04 17:39,2026-09-04 19:39,4437.29,4438.32,4436.55,4437.74,14
1788550920,2026-09-04 17:42,2026-09-04 19:42,4437.79,4439.8,4435.67,4438.11,14
1788551100,2026-09-04 17:45,2026-09-04 19:45,4438.55,4439.83,4437.33,4438.94,14
1788551280,2026-09-04 17:48,2026-09-04 19:48,4438.72,4440.55,4437.48,4439.33,14
1788551460,2026-09-04 17:51,2026-09-04 19:51,4439.3,4439.45,4436.53,4436.55,14
1788551640,2026-09-04 17:54,2026-09-04 19:54,4436.52,4437.82,4435.28,4435.66,14
1788551820,2026-09-04 17:57,2026-09-04 19:57,4435.68,4438.18,4434.83,4436.57,14
1788552000,2026-09-04 18:00,2026-09-04 20:00,4436.52,4436.76,4430.2,4431.14,14
1788552180,2026-09-04 18:03,2026-09-04 20:03,4431.13,4433.04,4430.23,4432.19,14
1788552360,2026-09-04 18:06,2026-09-04 20:06,4432.08,4433.99,4431.0,4432.35,14
1788552540,2026-09-04 18:09,2026-09-04 20:09,4432.45,4433.69,4432.0,4432.75,14
1788552720,2026-09-04 18:12,2026-09-04 20:12,4432.72,4434.96,4431.88,4433.88,14
1788552900,2026-09-04 18:15,2026-09-04 20:15,4433.98,4435.66,4433.32,4435.46,14
1788553080,2026-09-04 18:18,2026-09-04 20:18,4435.52,4440.54,4435.24,4439.13,14
1788553260,2026-09-04 18:21,2026-09-04 20:21,4439.05,4439.84,4433.03,4433.06,14
1788553440,2026-09-04 18:24,2026-09-04 20:24,4432.75,4433.99,4429.78,4429.98,14
1788553620,2026-09-04 18:27,2026-09-04 20:27,4430.0,4432.21,4427.69,4428.68,14
1788553800,2026-09-04 18:30,2026-09-04 20:30,4428.64,4430.0,4425.26,4425.3,14
1788553980,2026-09-04 18:33,2026-09-04 20:33,4425.27,4425.8,4422.79,4424.97,14
1788554160,2026-09-04 18:36,2026-09-04 20:36,4424.95,4425.11,4423.18,4424.6,14
1788554340,2026-09-04 18:39,2026-09-04 20:39,4424.7,4424.81,4419.7,4419.95,14
1788554520,2026-09-04 18:42,2026-09-04 20:42,4420.03,4420.03,4416.44,4417.22,14
1788554700,2026-09-04 18:45,2026-09-04 20:45,4417.27,4419.99,4415.79,4419.15,14
1788554880,2026-09-04 18:48,2026-09-04 20:48,4419.14,4421.05,4418.99,4420.47,14
1788555060,2026-09-04 18:51,2026-09-04 20:51,4420.5,4421.55,4419.58,4420.55,14
1788555240,2026-09-04 18:54,2026-09-04 20:54,4420.46,4420.72,4416.91,4417.13,14
1788555420,2026-09-04 18:57,2026-09-04 20:57,4417.19,4418.37,4415.99,4416.47,14
1788555600,2026-09-04 19:00,2026-09-04 21:00,4416.81,4417.66,4412.0,4413.88,14
1788555780,2026-09-04 19:03,2026-09-04 21:03,4413.83,4414.48,4412.14,4413.72,14
1788555960,2026-09-04 19:06,2026-09-04 21:06,4413.82,4415.93,4413.53,4415.62,14
1788556140,2026-09-04 19:09,2026-09-04 21:09,4415.94,4419.12,4415.86,4416.4,14
1788556320,2026-09-04 19:12,2026-09-04 21:12,4416.43,4419.89,4416.33,4419.7,14
1788556500,2026-09-04 19:15,2026-09-04 21:15,4419.7,4422.55,4419.51,4421.45,14
1788556680,2026-09-04 19:18,2026-09-04 21:18,4421.34,4421.38,4419.03,4420.0,14
1788556860,2026-09-04 19:21,2026-09-04 21:21,4420.0,4424.68,4419.53,4423.6,14
1788557040,2026-09-04 19:24,2026-09-04 21:24,4423.61,4426.74,4423.41,4425.49,14
1788557220,2026-09-04 19:27,2026-09-04 21:27,4425.72,4426.4,4423.58,4424.73,14
1788557400,2026-09-04 19:30,2026-09-04 21:30,4424.89,4425.0,4423.01,4423.27,14
1788557580,2026-09-04 19:33,2026-09-04 21:33,4423.42,4425.22,4423.39,4423.77,14
1788557760,2026-09-04 19:36,2026-09-04 21:36,4423.79,4423.96,4421.36,4422.57,14
1788557940,2026-09-04 19:39,2026-09-04 21:39,4422.65,4425.61,4421.97,4422.51,14
1788558120,2026-09-04 19:42,2026-09-04 21:42,4422.5,4423.25,4422.16,4422.94,14
1788558300,2026-09-04 19:45,2026-09-04 21:45,4422.9,4424.43,4421.88,4424.07,14
1788558480,2026-09-04 19:48,2026-09-04 21:48,4424.04,4424.65,4423.47,4424.61,14
1788558660,2026-09-04 19:51,2026-09-04 21:51,4424.59,4425.51,4423.9,4425.1,14
1788558840,2026-09-04 19:54,2026-09-04 21:54,4425.05,4425.99,4423.98,4424.07,14
1788559020,2026-09-04 19:57,2026-09-04 21:57,4424.08,4424.88,4422.94,4423.94,14
1788559200,2026-09-04 20:00,2026-09-04 22:00,4423.95,4425.2,4422.44,4423.8,14
1788559380,2026-09-04 20:03,2026-09-04 22:03,4423.83,4424.13,4422.6,4423.88,14
1788559560,2026-09-04 20:06,2026-09-04 22:06,4423.89,4425.54,4423.22,4425.29,14
1788559740,2026-09-04 20:09,2026-09-04 22:09,4425.34,4427.49,4424.52,4427.35,14
1788559920,2026-09-04 20:12,2026-09-04 22:12,4427.34,4429.97,4427.14,4429.21,14
1788560100,2026-09-04 20:15,2026-09-04 22:15,4429.21,4432.08,4428.38,4430.13,14
1788560280,2026-09-04 20:18,2026-09-04 22:18,4430.13,4430.23,4426.86,4427.52,14
1788560460,2026-09-04 20:21,2026-09-04 22:21,4427.54,4430.78,4427.21,4430.25,14
1788560640,2026-09-04 20:24,2026-09-04 22:24,4430.28,4432.13,4430.02,4431.96,14
1788560820,2026-09-04 20:27,2026-09-04 22:27,4432.13,4435.86,4432.12,4435.68,14
1788561000,2026-09-04 20:30,2026-09-04 22:30,4435.68,4436.52,4434.44,4434.52,14
1788561180,2026-09-04 20:33,2026-09-04 22:33,4434.51,4438.2,4434.02,4435.67,14
1788561360,2026-09-04 20:36,2026-09-04 22:36,4435.79,4437.43,4434.92,4435.1,14
1788561540,2026-09-04 20:39,2026-09-04 22:39,4435.07,4437.32,4435.06,4436.19,14
1788561720,2026-09-04 20:42,2026-09-04 22:42,4436.17,4436.88,4434.82,4436.88,14
1788561900,2026-09-04 20:45,2026-09-04 22:45,4436.85,4437.19,4433.43,4434.4,14
1788562080,2026-09-04 20:48,2026-09-04 22:48,4434.41,4436.15,4433.31,4435.07,14
1788562260,2026-09-04 20:51,2026-09-04 22:51,4435.05,4435.64,4433.91,4435.38,14
1788562440,2026-09-04 20:54,2026-09-04 22:54,4435.37,4436.23,4433.13,4433.28,14
1788562620,2026-09-04 20:57,2026-09-04 22:57,4433.27,4435.56,4432.54,4434.68,14
1788562800,2026-09-04 21:00,2026-09-04 23:00,4434.72,4435.03,4433.05,4434.34,14
1788562980,2026-09-04 21:03,2026-09-04 23:03,4434.29,4434.39,4431.94,4432.48,17
1788563160,2026-09-04 21:06,2026-09-04 23:06,4432.42,4432.56,4430.94,4431.42,17
1788563340,2026-09-04 21:09,2026-09-04 23:09,4431.52,4432.17,4431.12,4431.14,17
1788563520,2026-09-04 21:12,2026-09-04 23:12,4431.19,4432.36,4430.81,4431.56,17
1788563700,2026-09-04 21:15,2026-09-04 23:15,4431.59,4431.71,4429.87,4430.46,17
1788563880,2026-09-04 21:18,2026-09-04 23:18,4430.36,4431.22,4430.34,4431.0,17
1788564060,2026-09-04 21:21,2026-09-04 23:21,4431.06,4431.47,4430.46,4430.55,17
1788564240,2026-09-04 21:24,2026-09-04 23:24,4430.53,4431.0,4429.97,4430.25,17
1788564420,2026-09-04 21:27,2026-09-04 23:27,4430.26,4430.78,4429.49,4430.17,17
1788564600,2026-09-04 21:30,2026-09-04 23:30,4430.14,4430.14,4429.09,4429.19,17
1788564780,2026-09-04 21:33,2026-09-04 23:33,4429.3,4430.81,4429.25,4430.81,17
1788564960,2026-09-04 21:36,2026-09-04 23:36,4430.8,4431.01,4429.91,4430.55,17
1788565140,2026-09-04 21:39,2026-09-04 23:39,4430.46,4430.84,4429.52,4429.6,17
1788565320,2026-09-04 21:42,2026-09-04 23:42,4429.6,4431.03,4429.42,4430.53,17
1788565500,2026-09-04 21:45,2026-09-04 23:45,4430.55,4430.82,4428.78,4428.98,17
1788565680,2026-09-04 21:48,2026-09-04 23:48,4428.96,4429.46,4428.63,4429.11,17
1788565860,2026-09-04 21:51,2026-09-04 23:51,4429.09,4430.82,4429.02,4430.78,17
1788566040,2026-09-04 21:54,2026-09-04 23:54,4430.57,4431.84,4429.83,4431.52,17
1788566220,2026-09-04 21:57,2026-09-04 23:57,4431.0,4431.0,4429.72,4430.21,17
1788742800,2026-09-06 23:00,2026-09-07 01:00,4426.05,4428.14,4418.54,4420.19,17
1788742980,2026-09-06 23:03,2026-09-07 01:03,4420.05,4424.8,4417.46,4423.89,17
1788743160,2026-09-06 23:06,2026-09-07 01:06,4423.9,4425.99,4422.04,4424.57,17
1788743340,2026-09-06 23:09,2026-09-07 01:09,4424.43,4426.24,4424.05,4426.11,17
1788743520,2026-09-06 23:12,2026-09-07 01:12,4426.21,4429.12,4425.88,4428.92,17
1788743700,2026-09-06 23:15,2026-09-07 01:15,4428.77,4430.14,4428.0,4428.06,15
1788743880,2026-09-06 23:18,2026-09-07 01:18,4427.74,4429.0,4427.31,4427.73,14
1788744060,2026-09-06 23:21,2026-09-07 01:21,4427.7,4429.85,4427.7,4428.28,14
1788744240,2026-09-06 23:24,2026-09-07 01:24,4428.27,4429.5,4426.98,4428.41,14
1788744420,2026-09-06 23:27,2026-09-07 01:27,4428.19,4430.05,4428.09,4428.74,14
1788744600,2026-09-06 23:30,2026-09-07 01:30,4428.51,4430.93,4428.02,4429.94,14
1788744780,2026-09-06 23:33,2026-09-07 01:33,4429.95,4429.95,4428.01,4428.97,14
1788744960,2026-09-06 23:36,2026-09-07 01:36,4428.96,4429.62,4427.61,4429.34,14
1788745140,2026-09-06 23:39,2026-09-07 01:39,4429.16,4430.43,4428.9,4429.92,15
1788745320,2026-09-06 23:42,2026-09-07 01:42,4429.93,4431.37,4429.79,4430.71,14
1788745500,2026-09-06 23:45,2026-09-07 01:45,4430.72,4433.57,4430.56,4433.06,14
1788745680,2026-09-06 23:48,2026-09-07 01:48,4433.07,4435.17,4433.07,4433.87,14
1788745860,2026-09-06 23:51,2026-09-07 01:51,4433.65,4433.89,4431.53,4432.1,14
1788746040,2026-09-06 23:54,2026-09-07 01:54,4432.09,4433.3,4431.08,4431.29,14
1788746220,2026-09-06 23:57,2026-09-07 01:57,4431.3,4431.3,4429.02,4429.44,14
1788746400,2026-09-07 00:00,2026-09-07 02:00,4429.31,4431.26,4429.29,4430.76,14
1788746580,2026-09-07 00:03,2026-09-07 02:03,4430.71,4431.49,4429.86,4431.05,15
1788746760,2026-09-07 00:06,2026-09-07 02:06,4431.03,4431.31,4429.65,4430.83,14
1788746940,2026-09-07 00:09,2026-09-07 02:09,4430.82,4430.82,4429.68,4430.55,14
1788747120,2026-09-07 00:12,2026-09-07 02:12,4430.35,4430.44,4429.51,4430.02,14
1788747300,2026-09-07 00:15,2026-09-07 02:15,4430.0,4430.15,4428.81,4429.17,15
1788747480,2026-09-07 00:18,2026-09-07 02:18,4429.23,4430.03,4428.54,4428.78,14
1788747660,2026-09-07 00:21,2026-09-07 02:21,4428.89,4428.89,4426.79,4427.04,14
1788747840,2026-09-07 00:24,2026-09-07 02:24,4426.95,4427.1,4425.23,4426.16,14
1788748020,2026-09-07 00:27,2026-09-07 02:27,4426.11,4427.69,4425.86,4427.27,14
1788748200,2026-09-07 00:30,2026-09-07 02:30,4427.2,4428.03,4425.24,4427.34,14
1788748380,2026-09-07 00:33,2026-09-07 02:33,4427.35,4430.16,4427.18,4429.94,14
1788748560,2026-09-07 00:36,2026-09-07 02:36,4429.95,4430.31,4427.72,4428.23,14
1788748740,2026-09-07 00:39,2026-09-07 02:39,4428.27,4428.29,4425.13,4426.79,14
1788748920,2026-09-07 00:42,2026-09-07 02:42,4426.75,4429.24,4426.03,4429.22,14
1788749100,2026-09-07 00:45,2026-09-07 02:45,4429.26,4433.99,4427.89,4428.69,14
1788749280,2026-09-07 00:48,2026-09-07 02:48,4428.73,4429.93,4426.57,4426.61,14
1788749460,2026-09-07 00:51,2026-09-07 02:51,4426.69,4426.73,4422.6,4424.32,14
1788749640,2026-09-07 00:54,2026-09-07 02:54,4424.24,4424.91,4421.63,4421.91,14
1788749820,2026-09-07 00:57,2026-09-07 02:57,4421.87,4424.44,4421.32,4423.62,14
1788750000,2026-09-07 01:00,2026-09-07 03:00,4423.59,4426.86,4422.4,4423.92,14
1788750180,2026-09-07 01:03,2026-09-07 03:03,4423.92,4424.88,4422.0,4424.22,14
1788750360,2026-09-07 01:06,2026-09-07 03:06,4424.23,4425.74,4421.1,4422.55,14
1788750540,2026-09-07 01:09,2026-09-07 03:09,4422.57,4427.36,4421.19,4426.88,14
1788750720,2026-09-07 01:12,2026-09-07 03:12,4426.83,4427.7,4423.22,4425.27,14
1788750900,2026-09-07 01:15,2026-09-07 03:15,4425.36,4428.48,4423.88,4427.89,14
1788751080,2026-09-07 01:18,2026-09-07 03:18,4427.96,4427.99,4424.66,4427.17,14
1788751260,2026-09-07 01:21,2026-09-07 03:21,4427.33,4427.33,4424.6,4425.11,14
1788751440,2026-09-07 01:24,2026-09-07 03:24,4425.15,4426.63,4424.65,4425.75,14
1788751620,2026-09-07 01:27,2026-09-07 03:27,4425.76,4427.15,4422.17,4422.21,14
1788751800,2026-09-07 01:30,2026-09-07 03:30,4422.4,4422.8,4418.94,4419.63,14
1788751980,2026-09-07 01:33,2026-09-07 03:33,4419.57,4422.44,4418.56,4419.96,14
1788752160,2026-09-07 01:36,2026-09-07 03:36,4419.98,4422.51,4418.63,4422.49,14
1788752340,2026-09-07 01:39,2026-09-07 03:39,4422.55,4424.16,4421.12,4423.03,14
1788752520,2026-09-07 01:42,2026-09-07 03:42,4423.1,4425.26,4422.78,4424.08,14
1788752700,2026-09-07 01:45,2026-09-07 03:45,4424.07,4426.83,4424.0,4426.72,14
1788752880,2026-09-07 01:48,2026-09-07 03:48,4426.68,4429.45,4422.5,4423.27,14
1788753060,2026-09-07 01:51,2026-09-07 03:51,4423.31,4425.13,4422.96,4423.27,14
1788753240,2026-09-07 01:54,2026-09-07 03:54,4423.29,4423.69,4417.49,4417.81,14
1788753420,2026-09-07 01:57,2026-09-07 03:57,4417.83,4417.83,4410.07,4412.67,14
1788753600,2026-09-07 02:00,2026-09-07 04:00,4412.71,4416.22,4407.42,4413.99,14
1788753780,2026-09-07 02:03,2026-09-07 04:03,4414.01,4414.96,4409.03,4410.29,14
1788753960,2026-09-07 02:06,2026-09-07 04:06,4410.24,4410.52,4402.98,4405.37,14
1788754140,2026-09-07 02:09,2026-09-07 04:09,4405.21,4407.1,4401.81,4402.47,14
1788754320,2026-09-07 02:12,2026-09-07 04:12,4402.5,4402.5,4395.7,4400.09,14
1788754500,2026-09-07 02:15,2026-09-07 04:15,4400.12,4400.38,4394.25,4395.88,14
1788754680,2026-09-07 02:18,2026-09-07 04:18,4395.96,4395.98,4391.17,4391.88,14
1788754860,2026-09-07 02:21,2026-09-07 04:21,4391.89,4396.19,4389.68,4394.61,14
1788755040,2026-09-07 02:24,2026-09-07 04:24,4394.59,4399.17,4393.7,4399.12,14
1788755220,2026-09-07 02:27,2026-09-07 04:27,4399.24,4403.58,4398.93,4403.24,14
1788755400,2026-09-07 02:30,2026-09-07 04:30,4403.26,4408.92,4403.0,4408.92,14
1788755580,2026-09-07 02:33,2026-09-07 04:33,4408.93,4411.24,4407.6,4407.92,14
1788755760,2026-09-07 02:36,2026-09-07 04:36,4408.02,4411.88,4406.83,4411.43,14
1788755940,2026-09-07 02:39,2026-09-07 04:39,4411.44,4413.42,4408.78,4408.91,14
1788756120,2026-09-07 02:42,2026-09-07 04:42,4408.97,4410.89,4408.47,4410.51,14
1788756300,2026-09-07 02:45,2026-09-07 04:45,4410.45,4413.56,4409.7,4411.57,14
1788756480,2026-09-07 02:48,2026-09-07 04:48,4411.65,4411.67,4408.77,4410.65,14
1788756660,2026-09-07 02:51,2026-09-07 04:51,4410.47,4416.77,4409.77,4416.34,14
1788756840,2026-09-07 02:54,2026-09-07 04:54,4416.28,4416.69,4411.62,4411.79,14
1788757020,2026-09-07 02:57,2026-09-07 04:57,4411.77,4412.86,4408.79,4409.16,14
1788757200,2026-09-07 03:00,2026-09-07 05:00,4409.11,4410.91,4405.26,4406.8,14
1788757380,2026-09-07 03:03,2026-09-07 05:03,4406.73,4408.32,4405.44,4406.76,14
1788757560,2026-09-07 03:06,2026-09-07 05:06,4406.77,4407.58,4404.18,4404.67,14
1788757740,2026-09-07 03:09,2026-09-07 05:09,4404.68,4406.24,4403.07,4405.6,14
1788757920,2026-09-07 03:12,2026-09-07 05:12,4405.55,4406.13,4403.09,4404.1,14
1788758100,2026-09-07 03:15,2026-09-07 05:15,4404.09,4406.32,4403.49,4405.87,14
1788758280,2026-09-07 03:18,2026-09-07 05:18,4405.88,4408.49,4405.88,4407.96,14
1788758460,2026-09-07 03:21,2026-09-07 05:21,4408.0,4408.93,4406.29,4408.79,14
1788758640,2026-09-07 03:24,2026-09-07 05:24,4408.78,4409.49,4407.7,4408.67,14
1788758820,2026-09-07 03:27,2026-09-07 05:27,4408.66,4408.78,4407.11,4407.73,14
1788759000,2026-09-07 03:30,2026-09-07 05:30,4407.72,4414.72,4406.91,4410.85,14
1788759180,2026-09-07 03:33,2026-09-07 05:33,4410.83,4415.34,4410.76,4414.36,14
1788759360,2026-09-07 03:36,2026-09-07 05:36,4414.17,4418.03,4412.84,4416.07,14
1788759540,2026-09-07 03:39,2026-09-07 05:39,4416.33,4418.61,4416.01,4417.6,14
1788759720,2026-09-07 03:42,2026-09-07 05:42,4417.59,4418.01,4413.68,4415.04,14
1788759900,2026-09-07 03:45,2026-09-07 05:45,4415.05,4419.18,4413.63,4419.17,14
1788760080,2026-09-07 03:48,2026-09-07 05:48,4419.17,4419.17,4415.58,4417.17,14
1788760260,2026-09-07 03:51,2026-09-07 05:51,4417.18,4417.56,4414.12,4414.42,14
1788760440,2026-09-07 03:54,2026-09-07 05:54,4414.39,4414.83,4410.95,4411.23,14
1788760620,2026-09-07 03:57,2026-09-07 05:57,4411.26,4412.18,4407.69,4408.95,14
1788760800,2026-09-07 04:00,2026-09-07 06:00,4408.96,4409.54,4407.21,4407.92,14
1788760980,2026-09-07 04:03,2026-09-07 06:03,4407.88,4410.69,4407.77,4408.97,14
1788761160,2026-09-07 04:06,2026-09-07 06:06,4408.98,4408.98,4405.42,4406.11,14
1788761340,2026-09-07 04:09,2026-09-07 06:09,4406.1,4407.65,4405.55,4407.51,14
1788761520,2026-09-07 04:12,2026-09-07 06:12,4407.39,4408.74,4406.8,4407.87,14
1788761700,2026-09-07 04:15,2026-09-07 06:15,4407.88,4408.14,4406.57,4406.93,14
1788761880,2026-09-07 04:18,2026-09-07 06:18,4407.29,4409.1,4404.61,4408.44,14
1788762060,2026-09-07 04:21,2026-09-07 06:21,4408.51,4410.11,4407.95,4409.43,14
1788762240,2026-09-07 04:24,2026-09-07 06:24,4409.42,4409.82,4408.18,4409.69,14
1788762420,2026-09-07 04:27,2026-09-07 06:27,4409.61,4409.76,4408.52,4408.72,14
1788762600,2026-09-07 04:30,2026-09-07 06:30,4408.67,4409.06,4406.19,4408.68,14
1788762780,2026-09-07 04:33,2026-09-07 06:33,4408.66,4409.01,4407.12,4407.55,14
1788762960,2026-09-07 04:36,2026-09-07 06:36,4407.64,4408.18,4404.85,4405.16,14
1788763140,2026-09-07 04:39,2026-09-07 06:39,4405.19,4406.02,4404.94,4404.98,14
1788763320,2026-09-07 04:42,2026-09-07 06:42,4405.01,4405.13,4401.69,4402.02,14
1788763500,2026-09-07 04:45,2026-09-07 06:45,4401.8,4404.71,4401.73,4404.56,14
1788763680,2026-09-07 04:48,2026-09-07 06:48,4404.57,4405.11,4402.99,4403.73,14
1788763860,2026-09-07 04:51,2026-09-07 06:51,4403.72,4403.72,4401.31,4401.72,14
1788764040,2026-09-07 04:54,2026-09-07 06:54,4401.71,4402.92,4401.61,4402.69,14
1788764220,2026-09-07 04:57,2026-09-07 06:57,4402.64,4404.72,4402.3,4403.97,14
1788764400,2026-09-07 05:00,2026-09-07 07:00,4404.06,4405.19,4402.23,4404.43,14
1788764580,2026-09-07 05:03,2026-09-07 07:03,4404.31,4404.84,4401.48,4403.22,14
1788764760,2026-09-07 05:06,2026-09-07 07:06,4403.19,4403.95,4402.07,4403.6,14
1788764940,2026-09-07 05:09,2026-09-07 07:09,4403.72,4406.2,4403.72,4405.7,14
1788765120,2026-09-07 05:12,2026-09-07 07:12,4405.89,4407.43,4405.58,4406.79,14
1788765300,2026-09-07 05:15,2026-09-07 07:15,4406.8,4406.89,4403.21,4403.21,14
1788765480,2026-09-07 05:18,2026-09-07 07:18,4403.25,4403.93,4401.69,4402.11,14
1788765660,2026-09-07 05:21,2026-09-07 07:21,4401.77,4402.13,4400.64,4400.96,14
1788765840,2026-09-07 05:24,2026-09-07 07:24,4400.93,4402.05,4400.13,4401.21,14
1788766020,2026-09-07 05:27,2026-09-07 07:27,4401.17,4402.6,4400.83,4402.2,14
1788766200,2026-09-07 05:30,2026-09-07 07:30,4402.31,4402.61,4399.46,4400.42,14
1788766380,2026-09-07 05:33,2026-09-07 07:33,4400.41,4400.62,4396.86,4396.93,14
1788766560,2026-09-07 05:36,2026-09-07 07:36,4396.94,4397.36,4395.16,4397.17,14
1788766740,2026-09-07 05:39,2026-09-07 07:39,4396.95,4396.98,4394.46,4396.0,14
1788766920,2026-09-07 05:42,2026-09-07 07:42,4396.22,4397.47,4396.22,4396.87,14
1788767100,2026-09-07 05:45,2026-09-07 07:45,4396.75,4397.66,4396.18,4396.5,14
1788767280,2026-09-07 05:48,2026-09-07 07:48,4396.6,4397.73,4395.53,4397.07,14
1788767460,2026-09-07 05:51,2026-09-07 07:51,4397.09,4397.94,4395.88,4396.03,14
1788767640,2026-09-07 05:54,2026-09-07 07:54,4396.02,4397.79,4395.56,4397.48,14
1788767820,2026-09-07 05:57,2026-09-07 07:57,4397.46,4399.0,4397.32,4397.92,14
1788768000,2026-09-07 06:00,2026-09-07 08:00,4397.96,4400.57,4397.57,4398.68,14
1788768180,2026-09-07 06:03,2026-09-07 08:03,4398.63,4403.13,4397.93,4402.67,14
1788768360,2026-09-07 06:06,2026-09-07 08:06,4402.77,4404.31,4401.09,4401.13,14
1788768540,2026-09-07 06:09,2026-09-07 08:09,4401.15,4402.51,4398.43,4398.84,14
1788768720,2026-09-07 06:12,2026-09-07 08:12,4398.69,4402.8,4398.63,4402.8,14
1788768900,2026-09-07 06:15,2026-09-07 08:15,4402.82,4403.97,4402.01,4403.69,14
1788769080,2026-09-07 06:18,2026-09-07 08:18,4403.94,4405.68,4403.62,4404.31,14
1788769260,2026-09-07 06:21,2026-09-07 08:21,4404.24,4404.37,4402.5,4403.15,14
1788769440,2026-09-07 06:24,2026-09-07 08:24,4403.28,4406.95,4402.82,4406.25,14
1788769620,2026-09-07 06:27,2026-09-07 08:27,4406.26,4411.55,4406.26,4411.02,14
1788769800,2026-09-07 06:30,2026-09-07 08:30,4411.03,4413.26,4405.75,4408.33,14
1788769980,2026-09-07 06:33,2026-09-07 08:33,4408.31,4410.3,4404.61,4410.2,14
1788770160,2026-09-07 06:36,2026-09-07 08:36,4410.23,4410.5,4405.71,4407.12,14
1788770340,2026-09-07 06:39,2026-09-07 08:39,4407.27,4407.28,4401.47,4402.35,14
1788770520,2026-09-07 06:42,2026-09-07 08:42,4402.37,4405.02,4402.37,4404.12,14
1788770700,2026-09-07 06:45,2026-09-07 08:45,4404.41,4406.41,4402.23,4403.44,14
1788770880,2026-09-07 06:48,2026-09-07 08:48,4403.46,4404.04,4398.37,4398.48,14
1788771060,2026-09-07 06:51,2026-09-07 08:51,4399.02,4400.37,4396.37,4397.2,14
1788771240,2026-09-07 06:54,2026-09-07 08:54,4397.17,4397.95,4393.52,4395.37,14
1788771420,2026-09-07 06:57,2026-09-07 08:57,4395.32,4398.0,4392.94,4393.98,14
1788771600,2026-09-07 07:00,2026-09-07 09:00,4394.08,4394.75,4389.7,4392.68,14
1788771780,2026-09-07 07:03,2026-09-07 09:03,4392.67,4392.97,4385.57,4389.53,14
1788771960,2026-09-07 07:06,2026-09-07 09:06,4389.37,4390.3,4385.6,4387.61,14
1788772140,2026-09-07 07:09,2026-09-07 09:09,4387.33,4391.06,4386.73,4391.06,14
1788772320,2026-09-07 07:12,2026-09-07 09:12,4391.56,4393.88,4391.53,4391.86,14
1788772500,2026-09-07 07:15,2026-09-07 09:15,4391.88,4394.63,4391.79,4394.04,14
1788772680,2026-09-07 07:18,2026-09-07 09:18,4394.05,4395.96,4392.05,4393.5,14
1788772860,2026-09-07 07:21,2026-09-07 09:21,4393.52,4394.99,4389.89,4394.77,14
1788773040,2026-09-07 07:24,2026-09-07 09:24,4394.82,4398.05,4394.7,4396.65,14
1788773220,2026-09-07 07:27,2026-09-07 09:27,4396.71,4397.14,4393.58,4394.62,14
1788773400,2026-09-07 07:30,2026-09-07 09:30,4394.73,4395.72,4393.84,4395.32,14
1788773580,2026-09-07 07:33,2026-09-07 09:33,4395.31,4398.81,4395.31,4396.94,14
1788773760,2026-09-07 07:36,2026-09-07 09:36,4397.01,4397.56,4394.01,4394.97,14
1788773940,2026-09-07 07:39,2026-09-07 09:39,4395.03,4399.25,4394.94,4398.78,14
1788774120,2026-09-07 07:42,2026-09-07 09:42,4398.79,4399.77,4396.16,4396.46,14
1788774300,2026-09-07 07:45,2026-09-07 09:45,4396.48,4399.07,4396.11,4398.23,14
1788774480,2026-09-07 07:48,2026-09-07 09:48,4398.26,4398.75,4396.21,4396.48,14
1788774660,2026-09-07 07:51,2026-09-07 09:51,4396.44,4397.9,4395.93,4397.8,14
1788774840,2026-09-07 07:54,2026-09-07 09:54,4397.78,4398.06,4393.26,4393.88,14
1788775020,2026-09-07 07:57,2026-09-07 09:57,4393.86,4393.93,4391.14,4392.79,14
1788775200,2026-09-07 08:00,2026-09-07 10:00,4392.9,4396.57,4392.0,4396.57,14
1788775380,2026-09-07 08:03,2026-09-07 10:03,4396.58,4401.43,4396.31,4399.55,14
1788775560,2026-09-07 08:06,2026-09-07 10:06,4399.53,4401.91,4397.86,4400.21,14
1788775740,2026-09-07 08:09,2026-09-07 10:09,4400.24,4401.57,4397.13,4397.52,14
1788775920,2026-09-07 08:12,2026-09-07 10:12,4397.52,4401.72,4395.58,4401.72,14
1788776100,2026-09-07 08:15,2026-09-07 10:15,4401.75,4402.43,4397.98,4398.8,14
1788776280,2026-09-07 08:18,2026-09-07 10:18,4398.82,4400.05,4397.04,4399.94,14
1788776460,2026-09-07 08:21,2026-09-07 10:21,4399.92,4400.97,4395.84,4397.65,14
1788776640,2026-09-07 08:24,2026-09-07 10:24,4397.54,4399.54,4397.26,4399.08,14
1788776820,2026-09-07 08:27,2026-09-07 10:27,4399.02,4399.74,4394.75,4395.37,14
1788777000,2026-09-07 08:30,2026-09-07 10:30,4395.42,4396.99,4395.06,4396.81,14
1788777180,2026-09-07 08:33,2026-09-07 10:33,4397.03,4397.8,4393.63,4397.8,14
1788777360,2026-09-07 08:36,2026-09-07 10:36,4397.75,4399.31,4396.27,4396.94,14
1788777540,2026-09-07 08:39,2026-09-07 10:39,4396.68,4396.9,4393.41,4393.78,14
1788777720,2026-09-07 08:42,2026-09-07 10:42,4393.64,4396.23,4392.39,4396.23,14
1788777900,2026-09-07 08:45,2026-09-07 10:45,4396.24,4398.34,4394.95,4396.28,14
1788778080,2026-09-07 08:48,2026-09-07 10:48,4396.25,4399.53,4396.02,4397.96,14
1788778260,2026-09-07 08:51,2026-09-07 10:51,4397.92,4402.13,4397.92,4401.87,14
1788778440,2026-09-07 08:54,2026-09-07 10:54,4402.01,4406.16,4398.44,4402.61,14
1788778620,2026-09-07 08:57,2026-09-07 10:57,4402.35,4406.6,4401.66,4406.11,14
1788778800,2026-09-07 09:00,2026-09-07 11:00,4406.07,4413.58,4404.99,4413.21,14
1788778980,2026-09-07 09:03,2026-09-07 11:03,4413.48,4416.75,4411.53,4412.17,14
1788779160,2026-09-07 09:06,2026-09-07 11:06,4412.16,4414.32,4409.72,4411.34,14
1788779340,2026-09-07 09:09,2026-09-07 11:09,4411.33,4415.14,4411.04,4414.55,14
1788779520,2026-09-07 09:12,2026-09-07 11:12,4414.69,4417.68,4412.74,4417.29,14
1788779700,2026-09-07 09:15,2026-09-07 11:15,4417.38,4420.48,4416.97,4419.92,14
1788779880,2026-09-07 09:18,2026-09-07 11:18,4420.03,4423.41,4419.71,4422.34,14
1788780060,2026-09-07 09:21,2026-09-07 11:21,4422.25,4422.63,4418.43,4419.13,14
1788780240,2026-09-07 09:24,2026-09-07 11:24,4419.18,4419.99,4416.21,4417.39,14
1788780420,2026-09-07 09:27,2026-09-07 11:27,4417.32,4420.28,4417.01,4419.75,14
1788780600,2026-09-07 09:30,2026-09-07 11:30,4419.76,4423.95,4418.26,4423.58,14
1788780780,2026-09-07 09:33,2026-09-07 11:33,4423.51,4423.67,4419.33,4419.33,14
1788780960,2026-09-07 09:36,2026-09-07 11:36,4419.3,4420.22,4417.92,4417.99,14
1788781140,2026-09-07 09:39,2026-09-07 11:39,4418.01,4418.52,4413.38,4415.04,14
1788781320,2026-09-07 09:42,2026-09-07 11:42,4415.03,4416.53,4414.33,4414.89,14
1788781500,2026-09-07 09:45,2026-09-07 11:45,4414.97,4415.42,4413.17,4414.94,14
1788781680,2026-09-07 09:48,2026-09-07 11:48,4414.95,4415.35,4412.56,4412.74,14
1788781860,2026-09-07 09:51,2026-09-07 11:51,4412.78,4413.38,4410.6,4412.04,14
1788782040,2026-09-07 09:54,2026-09-07 11:54,4412.03,4412.7,4409.88,4410.36,14
1788782220,2026-09-07 09:57,2026-09-07 11:57,4410.0,4411.78,4409.66,4411.17,14
1788782400,2026-09-07 10:00,2026-09-07 12:00,4411.11,4413.85,4411.11,4411.99,14
1788782580,2026-09-07 10:03,2026-09-07 12:03,4411.97,4413.24,4411.66,4412.22,14
1788782760,2026-09-07 10:06,2026-09-07 12:06,4412.13,4412.91,4411.44,4412.51,14
1788782940,2026-09-07 10:09,2026-09-07 12:09,4412.53,4413.54,4412.0,4413.4,14
1788783120,2026-09-07 10:12,2026-09-07 12:12,4413.35,4413.35,4410.7,4411.28,14
1788783300,2026-09-07 10:15,2026-09-07 12:15,4411.27,4412.02,4409.27,4409.41,14
1788783480,2026-09-07 10:18,2026-09-07 12:18,4409.26,4409.48,4406.65,4408.03,14
1788783660,2026-09-07 10:21,2026-09-07 12:21,4408.02,4409.37,4407.7,4408.55,14
1788783840,2026-09-07 10:24,2026-09-07 12:24,4408.75,4409.55,4408.33,4408.97,14
1788784020,2026-09-07 10:27,2026-09-07 12:27,4409.01,4409.63,4405.37,4405.69,14
1788784200,2026-09-07 10:30,2026-09-07 12:30,4406.07,4406.69,4403.59,4405.7,14
1788784380,2026-09-07 10:33,2026-09-07 12:33,4405.69,4406.55,4404.54,4405.15,14
1788784560,2026-09-07 10:36,2026-09-07 12:36,4405.14,4407.89,4405.01,4407.83,14
1788784740,2026-09-07 10:39,2026-09-07 12:39,4407.9,4410.16,4407.56,4408.59,14
1788784920,2026-09-07 10:42,2026-09-07 12:42,4408.53,4409.6,4408.29,4409.55,14
1788785100,2026-09-07 10:45,2026-09-07 12:45,4409.77,4409.89,4408.88,4409.59,14
1788785280,2026-09-07 10:48,2026-09-07 12:48,4409.66,4410.39,4409.1,4410.09,14
1788785460,2026-09-07 10:51,2026-09-07 12:51,4409.87,4410.19,4408.4,4408.58,14
1788785640,2026-09-07 10:54,2026-09-07 12:54,4408.55,4409.0,4406.37,4406.53,14
1788785820,2026-09-07 10:57,2026-09-07 12:57,4406.52,4406.72,4404.87,4405.83,15
1788786000,2026-09-07 11:00,2026-09-07 13:00,4405.84,4406.42,4404.77,4405.02,14
1788786180,2026-09-07 11:03,2026-09-07 13:03,4405.07,4405.66,4404.61,4405.17,14
1788786360,2026-09-07 11:06,2026-09-07 13:06,4405.18,4405.31,4402.76,4403.44,14
1788786540,2026-09-07 11:09,2026-09-07 13:09,4403.42,4405.18,4402.87,4403.26,14
1788786720,2026-09-07 11:12,2026-09-07 13:12,4403.24,4404.1,4402.36,4403.43,14
1788786900,2026-09-07 11:15,2026-09-07 13:15,4403.29,4404.24,4402.58,4403.55,14
1788787080,2026-09-07 11:18,2026-09-07 13:18,4403.56,4404.75,4400.66,4401.28,14
1788787260,2026-09-07 11:21,2026-09-07 13:21,4401.26,4401.31,4398.36,4398.8,14
1788787440,2026-09-07 11:24,2026-09-07 13:24,4398.77,4399.18,4397.55,4398.78,14
1788787620,2026-09-07 11:27,2026-09-07 13:27,4398.74,4399.12,4395.92,4396.17,14
1788787800,2026-09-07 11:30,2026-09-07 13:30,4396.19,4397.02,4394.8,4395.4,14
1788787980,2026-09-07 11:33,2026-09-07 13:33,4395.38,4396.11,4392.81,4392.95,14
1788788160,2026-09-07 11:36,2026-09-07 13:36,4392.97,4394.64,4392.07,4393.09,14
1788788340,2026-09-07 11:39,2026-09-07 13:39,4393.08,4396.58,4392.62,4395.48,14
1788788520,2026-09-07 11:42,2026-09-07 13:42,4395.52,4399.24,4395.49,4398.26,14
1788788700,2026-09-07 11:45,2026-09-07 13:45,4398.31,4398.74,4395.06,4395.27,14
1788788880,2026-09-07 11:48,2026-09-07 13:48,4395.23,4395.57,4393.03,4393.09,14
1788789060,2026-09-07 11:51,2026-09-07 13:51,4393.41,4396.55,4391.9,4396.24,14
1788789240,2026-09-07 11:54,2026-09-07 13:54,4396.26,4396.26,4387.94,4390.64,14
1788789420,2026-09-07 11:57,2026-09-07 13:57,4390.7,4392.59,4390.51,4391.87,14
1788789600,2026-09-07 12:00,2026-09-07 14:00,4392.08,4392.59,4389.04,4390.63,14
1788789780,2026-09-07 12:03,2026-09-07 14:03,4390.64,4392.97,4389.8,4392.97,14
1788789960,2026-09-07 12:06,2026-09-07 14:06,4393.17,4393.8,4391.03,4391.85,14
1788790140,2026-09-07 12:09,2026-09-07 14:09,4391.84,4393.69,4390.35,4392.71,14
1788790320,2026-09-07 12:12,2026-09-07 14:12,4392.69,4394.38,4391.98,4393.84,14
1788790500,2026-09-07 12:15,2026-09-07 14:15,4393.83,4394.32,4392.36,4394.01,14
1788790680,2026-09-07 12:18,2026-09-07 14:18,4394.0,4394.74,4391.91,4394.72,14
1788790860,2026-09-07 12:21,2026-09-07 14:21,4394.69,4395.07,4388.77,4389.97,14
1788791040,2026-09-07 12:24,2026-09-07 14:24,4390.0,4390.91,4387.32,4390.03,14
1788791220,2026-09-07 12:27,2026-09-07 14:27,4390.02,4390.75,4388.38,4389.65,14
1788791400,2026-09-07 12:30,2026-09-07 14:30,4389.46,4389.93,4381.66,4385.31,14
1788791580,2026-09-07 12:33,2026-09-07 14:33,4385.32,4385.6,4381.31,4382.87,14
1788791760,2026-09-07 12:36,2026-09-07 14:36,4382.81,4388.54,4382.37,4387.39,14
1788791940,2026-09-07 12:39,2026-09-07 14:39,4387.35,4389.28,4386.42,4387.75,14
1788792120,2026-09-07 12:42,2026-09-07 14:42,4387.84,4388.73,4386.15,4386.82,14
1788792300,2026-09-07 12:45,2026-09-07 14:45,4386.81,4391.04,4386.01,4390.82,14
1788792480,2026-09-07 12:48,2026-09-07 14:48,4390.85,4392.27,4390.64,4391.74,14
1788792660,2026-09-07 12:51,2026-09-07 14:51,4391.66,4392.15,4388.47,4388.67,14
1788792840,2026-09-07 12:54,2026-09-07 14:54,4388.76,4389.28,4386.6,4386.93,14
1788793020,2026-09-07 12:57,2026-09-07 14:57,4386.76,4386.94,4385.25,4385.47,14
1788793200,2026-09-07 13:00,2026-09-07 15:00,4385.72,4389.73,4385.58,4387.8,14
1788793380,2026-09-07 13:03,2026-09-07 15:03,4387.6,4388.5,4385.8,4388.41,14
1788793560,2026-09-07 13:06,2026-09-07 15:06,4388.42,4391.7,4388.42,4390.71,14
1788793740,2026-09-07 13:09,2026-09-07 15:09,4390.7,4393.25,4389.47,4391.26,14
1788793920,2026-09-07 13:12,2026-09-07 15:12,4391.19,4393.06,4390.73,4390.89,14
1788794100,2026-09-07 13:15,2026-09-07 15:15,4390.73,4392.7,4390.73,4392.07,14
1788794280,2026-09-07 13:18,2026-09-07 15:18,4392.08,4392.85,4390.5,4392.15,14
1788794460,2026-09-07 13:21,2026-09-07 15:21,4392.17,4393.77,4390.97,4393.6,14
1788794640,2026-09-07 13:24,2026-09-07 15:24,4393.57,4394.71,4393.08,4394.01,14
1788794820,2026-09-07 13:27,2026-09-07 15:27,4394.0,4395.46,4393.29,4395.23,14
1788795000,2026-09-07 13:30,2026-09-07 15:30,4395.24,4397.28,4394.88,4396.25,14
1788795180,2026-09-07 13:33,2026-09-07 15:33,4396.24,4396.41,4392.87,4393.15,14
1788795360,2026-09-07 13:36,2026-09-07 15:36,4393.29,4395.69,4392.36,4395.38,14
1788795540,2026-09-07 13:39,2026-09-07 15:39,4395.44,4397.29,4394.79,4396.93,14
1788795720,2026-09-07 13:42,2026-09-07 15:42,4396.96,4397.59,4395.07,4396.8,14
1788795900,2026-09-07 13:45,2026-09-07 15:45,4396.77,4397.53,4395.96,4396.53,14
1788796080,2026-09-07 13:48,2026-09-07 15:48,4396.54,4398.09,4395.76,4397.05,14
1788796260,2026-09-07 13:51,2026-09-07 15:51,4397.07,4397.23,4394.69,4395.69,14
1788796440,2026-09-07 13:54,2026-09-07 15:54,4395.72,4395.77,4394.31,4395.32,14
1788796620,2026-09-07 13:57,2026-09-07 15:57,4395.29,4397.35,4394.8,4396.83,14
1788796800,2026-09-07 14:00,2026-09-07 16:00,4396.96,4400.17,4395.56,4397.51,14
1788796980,2026-09-07 14:03,2026-09-07 16:03,4397.87,4402.06,4395.73,4402.06,14
1788797160,2026-09-07 14:06,2026-09-07 16:06,4402.07,4402.32,4399.46,4400.79,16
1788797340,2026-09-07 14:09,2026-09-07 16:09,4400.78,4404.16,4400.42,4401.67,14
1788797520,2026-09-07 14:12,2026-09-07 16:12,4401.71,4404.97,4401.06,4404.07,14
1788797700,2026-09-07 14:15,2026-09-07 16:15,4403.95,4404.27,4401.61,4402.75,14
1788797880,2026-09-07 14:18,2026-09-07 16:18,4402.7,4403.62,4401.39,4403.61,14
1788798060,2026-09-07 14:21,2026-09-07 16:21,4403.63,4404.68,4403.0,4403.59,14
1788798240,2026-09-07 14:24,2026-09-07 16:24,4403.51,4405.0,4402.74,4404.3,14
1788798420,2026-09-07 14:27,2026-09-07 16:27,4404.31,4404.62,4402.78,4403.69,14
1788798600,2026-09-07 14:30,2026-09-07 16:30,4403.7,4407.6,4403.1,4406.71,14
1788798780,2026-09-07 14:33,2026-09-07 16:33,4406.72,4407.18,4405.19,4405.48,14
1788798960,2026-09-07 14:36,2026-09-07 16:36,4405.47,4405.47,4402.38,4402.79,14
1788799140,2026-09-07 14:39,2026-09-07 16:39,4402.75,4403.46,4401.43,4402.89,14
1788799320,2026-09-07 14:42,2026-09-07 16:42,4402.94,4404.21,4402.21,4403.6,14
1788799500,2026-09-07 14:45,2026-09-07 16:45,4403.67,4407.9,4403.63,4407.01,14
1788799680,2026-09-07 14:48,2026-09-07 16:48,4407.07,4407.08,4402.77,4403.59,14
1788799860,2026-09-07 14:51,2026-09-07 16:51,4403.61,4404.11,4402.54,4403.86,14
1788800040,2026-09-07 14:54,2026-09-07 16:54,4403.88,4405.05,4402.7,4402.89,14
1788800220,2026-09-07 14:57,2026-09-07 16:57,4402.91,4403.19,4401.27,4402.54,14
1788800400,2026-09-07 15:00,2026-09-07 17:00,4402.45,4408.15,4401.18,4407.04,14
1788800580,2026-09-07 15:03,2026-09-07 17:03,4407.06,4407.81,4405.5,4405.99,14
1788800760,2026-09-07 15:06,2026-09-07 17:06,4406.03,4408.67,4406.03,4408.02,14
1788800940,2026-09-07 15:09,2026-09-07 17:09,4408.1,4408.14,4406.72,4407.3,14
1788801120,2026-09-07 15:12,2026-09-07 17:12,4407.01,4408.97,4406.91,4407.19,14
1788801300,2026-09-07 15:15,2026-09-07 17:15,4407.2,4409.1,4406.85,4407.97,14
1788801480,2026-09-07 15:18,2026-09-07 17:18,4407.96,4408.12,4406.91,4407.76,14
1788801660,2026-09-07 15:21,2026-09-07 17:21,4407.77,4407.91,4406.17,4406.66,14
1788801840,2026-09-07 15:24,2026-09-07 17:24,4406.64,4408.76,4404.92,4407.86,14
1788802020,2026-09-07 15:27,2026-09-07 17:27,4407.87,4408.9,4406.76,4407.19,14
1788802200,2026-09-07 15:30,2026-09-07 17:30,4407.21,4407.42,4405.66,4406.32,14
1788802380,2026-09-07 15:33,2026-09-07 17:33,4406.35,4407.81,4404.98,4405.82,14
1788802560,2026-09-07 15:36,2026-09-07 17:36,4405.83,4408.04,4405.12,4405.96,14
1788802740,2026-09-07 15:39,2026-09-07 17:39,4405.98,4407.16,4404.79,4405.66,14
1788802920,2026-09-07 15:42,2026-09-07 17:42,4405.67,4412.19,4405.65,4411.73,14
1788803100,2026-09-07 15:45,2026-09-07 17:45,4411.71,4416.79,4410.56,4415.79,14
1788803280,2026-09-07 15:48,2026-09-07 17:48,4415.81,4419.3,4413.16,4413.35,15
1788803460,2026-09-07 15:51,2026-09-07 17:51,4413.26,4417.76,4411.97,4417.76,14
1788803640,2026-09-07 15:54,2026-09-07 17:54,4417.74,4419.53,4415.91,4416.71,14
1788803820,2026-09-07 15:57,2026-09-07 17:57,4416.72,4417.26,4415.33,4416.11,14
1788804000,2026-09-07 16:00,2026-09-07 18:00,4416.05,4416.86,4413.88,4413.91,14
1788804180,2026-09-07 16:03,2026-09-07 18:03,4413.93,4414.79,4410.89,4411.23,14
1788804360,2026-09-07 16:06,2026-09-07 18:06,4411.34,4411.39,4409.5,4410.65,14
1788804540,2026-09-07 16:09,2026-09-07 18:09,4410.6,4414.03,4410.55,4412.41,14
1788804720,2026-09-07 16:12,2026-09-07 18:12,4412.38,4414.94,4412.25,4414.86,14
1788804900,2026-09-07 16:15,2026-09-07 18:15,4414.79,4415.3,4413.69,4414.07,14
1788805080,2026-09-07 16:18,2026-09-07 18:18,4414.15,4415.2,4413.48,4414.34,14
1788805260,2026-09-07 16:21,2026-09-07 18:21,4414.37,4415.27,4413.68,4413.98,14
1788805440,2026-09-07 16:24,2026-09-07 18:24,4414.11,4414.78,4411.76,4412.45,14
1788805620,2026-09-07 16:27,2026-09-07 18:27,4412.46,4414.02,4411.86,4413.34,14
1788805800,2026-09-07 16:30,2026-09-07 18:30,4413.27,4413.99,4411.65,4411.78,14
1788805980,2026-09-07 16:33,2026-09-07 18:33,4411.68,4413.97,4411.19,4413.64,14
1788806160,2026-09-07 16:36,2026-09-07 18:36,4413.61,4414.24,4411.48,4412.15,14
1788806340,2026-09-07 16:39,2026-09-07 18:39,4412.18,4413.06,4409.78,4409.79,14
1788806520,2026-09-07 16:42,2026-09-07 18:42,4409.78,4412.05,4408.86,4411.82,14
1788806700,2026-09-07 16:45,2026-09-07 18:45,4411.83,4413.4,4411.35,4412.52,14
1788806880,2026-09-07 16:48,2026-09-07 18:48,4412.6,4413.51,4412.2,4413.2,14
1788807060,2026-09-07 16:51,2026-09-07 18:51,4413.27,4413.56,4412.05,4412.28,14
1788807240,2026-09-07 16:54,2026-09-07 18:54,4412.28,4413.69,4412.26,4412.77,14
1788807420,2026-09-07 16:57,2026-09-07 18:57,4412.71,4415.03,4412.23,4414.24,14
1788807600,2026-09-07 17:00,2026-09-07 19:00,4414.28,4414.93,4413.12,4413.36,16
1788807780,2026-09-07 17:03,2026-09-07 19:03,4413.37,4414.1,4412.74,4413.89,16
1788807960,2026-09-07 17:06,2026-09-07 19:06,4413.9,4415.36,4413.57,4414.51,14
1788808140,2026-09-07 17:09,2026-09-07 19:09,4414.49,4416.68,4414.49,4416.42,14
1788808320,2026-09-07 17:12,2026-09-07 19:12,4416.43,4417.31,4415.18,4415.38,14
1788808500,2026-09-07 17:15,2026-09-07 19:15,4415.34,4415.79,4413.5,4413.5,14
1788808680,2026-09-07 17:18,2026-09-07 19:18,4413.51,4414.04,4412.65,4413.82,14
1788808860,2026-09-07 17:21,2026-09-07 19:21,4413.8,4413.86,4413.15,4413.86,14
1788809040,2026-09-07 17:24,2026-09-07 19:24,4413.85,4414.41,4412.94,4414.0,14
1788809220,2026-09-07 17:27,2026-09-07 19:27,4414.1,4414.51,4413.49,4413.6,14
1788809400,2026-09-07 17:30,2026-09-07 19:30,4413.58,4413.97,4413.25,4413.63,14
1788809580,2026-09-07 17:33,2026-09-07 19:33,4413.56,4414.05,4412.6,4413.63,14
1788809760,2026-09-07 17:36,2026-09-07 19:36,4413.62,4413.63,4412.23,4412.63,14
1788809940,2026-09-07 17:39,2026-09-07 19:39,4412.65,4413.93,4411.85,4413.84,14
1788810120,2026-09-07 17:42,2026-09-07 19:42,4413.79,4414.22,4413.09,4413.94,14
1788810300,2026-09-07 17:45,2026-09-07 19:45,4413.99,4414.58,4412.91,4412.98,14
1788810480,2026-09-07 17:48,2026-09-07 19:48,4412.96,4414.56,4412.95,4414.56,14
1788810660,2026-09-07 17:51,2026-09-07 19:51,4414.34,4414.51,4413.51,4414.01,15
1788810840,2026-09-07 17:54,2026-09-07 19:54,4413.72,4413.72,4412.9,4413.14,14
1788811020,2026-09-07 17:57,2026-09-07 19:57,4413.13,4414.54,4413.01,4414.44,14
1788811200,2026-09-07 18:00,2026-09-07 20:00,4414.45,4415.15,4413.63,4413.81,14
1788811380,2026-09-07 18:03,2026-09-07 20:03,4413.82,4414.66,4413.34,4414.32,14
1788811560,2026-09-07 18:06,2026-09-07 20:06,4414.13,4414.18,4412.38,4413.63,14
1788811740,2026-09-07 18:09,2026-09-07 20:09,4413.47,4413.69,4412.5,4412.68,14
1788811920,2026-09-07 18:12,2026-09-07 20:12,4412.67,4412.78,4411.77,4412.19,14
1788812100,2026-09-07 18:15,2026-09-07 20:15,4411.97,4413.76,4411.97,4413.68,14
1788812280,2026-09-07 18:18,2026-09-07 20:18,4413.69,4413.94,4412.9,4413.41,14
1788812460,2026-09-07 18:21,2026-09-07 20:21,4413.33,4413.41,4412.36,4412.36,14
1788812640,2026-09-07 18:24,2026-09-07 20:24,4412.35,4413.12,4412.19,4412.48,14
1788812820,2026-09-07 18:27,2026-09-07 20:27,4412.49,4412.81,4412.24,4412.42,14
1788813000,2026-09-07 18:30,2026-09-07 20:30,4412.52,4412.9,4411.02,4411.06,14
1788813180,2026-09-07 18:33,2026-09-07 20:33,4411.07,4411.24,4410.07,4410.28,14
1788813360,2026-09-07 18:36,2026-09-07 20:36,4410.29,4411.09,4410.28,4410.49,15
1788813540,2026-09-07 18:39,2026-09-07 20:39,4410.48,4411.04,4410.2,4410.93,14
1788813720,2026-09-07 18:42,2026-09-07 20:42,4410.92,4411.19,4410.79,4411.01,16
1788813900,2026-09-07 18:45,2026-09-07 20:45,4410.96,4410.98,4409.77,4410.91,14
1788814080,2026-09-07 18:48,2026-09-07 20:48,4410.87,4411.11,4410.52,4410.91,14
1788814260,2026-09-07 18:51,2026-09-07 20:51,4410.8,4411.21,4409.06,4409.37,14
1788814440,2026-09-07 18:54,2026-09-07 20:54,4409.33,4409.82,4407.45,4407.89,14
1788814620,2026-09-07 18:57,2026-09-07 20:57,4407.67,4409.04,4407.18,4407.42,14
1788814800,2026-09-07 19:00,2026-09-07 21:00,4407.43,4407.9,4405.9,4407.7,14
1788814980,2026-09-07 19:03,2026-09-07 21:03,4407.72,4408.91,4406.87,4407.86,14
1788815160,2026-09-07 19:06,2026-09-07 21:06,4407.87,4409.5,4407.85,4408.81,14
1788815340,2026-09-07 19:09,2026-09-07 21:09,4408.69,4409.28,4407.44,4407.93,14
1788815520,2026-09-07 19:12,2026-09-07 21:12,4408.15,4408.23,4404.62,4405.1,14
1788815700,2026-09-07 19:15,2026-09-07 21:15,4405.19,4405.49,4403.65,4404.15,14
1788815880,2026-09-07 19:18,2026-09-07 21:18,4404.26,4405.5,4403.97,4404.67,14
1788816060,2026-09-07 19:21,2026-09-07 21:21,4404.74,4406.53,4404.52,4405.48,14
1788816240,2026-09-07 19:24,2026-09-07 21:24,4405.6,4405.95,4403.31,4404.38,16
1788816420,2026-09-07 19:27,2026-09-07 21:27,4404.39,4406.7,4404.19,4406.24,14
1788816600,2026-09-07 19:30,2026-09-07 21:30,4406.44,4406.45,4406.44,4406.45,16
1788829200,2026-09-07 23:00,2026-09-08 01:00,4413.44,4414.26,4410.09,4411.4,18
1788829380,2026-09-07 23:03,2026-09-08 01:03,4411.39,4413.19,4410.28,4412.1,17
1788829560,2026-09-07 23:06,2026-09-08 01:06,4412.15,4413.45,4411.83,4411.91,17
1788829740,2026-09-07 23:09,2026-09-08 01:09,4412.02,4413.31,4411.92,4412.95,17
1788829920,2026-09-07 23:12,2026-09-08 01:12,4412.87,4413.23,4412.14,4412.6,17
1788830100,2026-09-07 23:15,2026-09-08 01:15,4412.61,4413.15,4412.56,4412.65,15
1788830280,2026-09-07 23:18,2026-09-08 01:18,4412.66,4413.44,4412.57,4413.24,15
1788830460,2026-09-07 23:21,2026-09-08 01:21,4413.24,4413.24,4411.37,4411.42,14
1788830640,2026-09-07 23:24,2026-09-08 01:24,4411.43,4411.73,4409.74,4409.94,15
1788830820,2026-09-07 23:27,2026-09-08 01:27,4409.98,4410.39,4409.52,4409.69,14
1788831000,2026-09-07 23:30,2026-09-08 01:30,4409.6,4409.8,4408.94,4409.09,14
1788831180,2026-09-07 23:33,2026-09-08 01:33,4409.18,4409.76,4408.6,4408.98,14
1788831360,2026-09-07 23:36,2026-09-08 01:36,4408.93,4410.16,4408.85,4409.44,14
1788831540,2026-09-07 23:39,2026-09-08 01:39,4409.31,4409.71,4408.54,4408.86,14
1788831720,2026-09-07 23:42,2026-09-08 01:42,4409.0,4409.0,4407.81,4408.48,14
1788831900,2026-09-07 23:45,2026-09-08 01:45,4408.49,4408.73,4406.81,4406.84,14
1788832080,2026-09-07 23:48,2026-09-08 01:48,4406.94,4407.34,4406.21,4406.95,14
1788832260,2026-09-07 23:51,2026-09-08 01:51,4406.98,4407.45,4406.71,4407.12,14
1788832440,2026-09-07 23:54,2026-09-08 01:54,4407.23,4408.33,4407.13,4407.96,14
1788832620,2026-09-07 23:57,2026-09-08 01:57,4407.91,4407.92,4407.22,4407.74,14
1788832800,2026-09-08 00:00,2026-09-08 02:00,4407.38,4409.55,4407.37,4409.3,14
1788832980,2026-09-08 00:03,2026-09-08 02:03,4409.35,4412.49,4409.35,4411.52,14
1788833160,2026-09-08 00:06,2026-09-08 02:06,4411.57,4412.24,4410.86,4411.4,14
1788833340,2026-09-08 00:09,2026-09-08 02:09,4411.38,4411.59,4410.35,4410.61,14
1788833520,2026-09-08 00:12,2026-09-08 02:12,4410.73,4411.44,4410.13,4410.95,14
1788833700,2026-09-08 00:15,2026-09-08 02:15,4410.89,4411.73,4408.76,4410.02,14
1788833880,2026-09-08 00:18,2026-09-08 02:18,4410.08,4412.0,4409.3,4411.67,14
1788834060,2026-09-08 00:21,2026-09-08 02:21,4411.64,4412.76,4410.59,4410.9,14
1788834240,2026-09-08 00:24,2026-09-08 02:24,4410.96,4412.63,4409.38,4412.43,14
1788834420,2026-09-08 00:27,2026-09-08 02:27,4412.44,4412.7,4409.8,4410.92,14
1788834600,2026-09-08 00:30,2026-09-08 02:30,4410.91,4413.1,4410.89,4412.35,14
1788834780,2026-09-08 00:33,2026-09-08 02:33,4412.34,4420.76,4412.34,4420.47,14
1788834960,2026-09-08 00:36,2026-09-08 02:36,4420.39,4422.59,4417.37,4420.1,14
1788835140,2026-09-08 00:39,2026-09-08 02:39,4420.16,4421.73,4418.3,4421.15,14
1788835320,2026-09-08 00:42,2026-09-08 02:42,4421.18,4428.13,4421.16,4427.53,14
1788835500,2026-09-08 00:45,2026-09-08 02:45,4427.6,4428.15,4423.1,4425.73,14
1788835680,2026-09-08 00:48,2026-09-08 02:48,4425.76,4427.03,4424.22,4425.74,14
1788835860,2026-09-08 00:51,2026-09-08 02:51,4426.02,4426.45,4421.69,4422.47,14
1788836040,2026-09-08 00:54,2026-09-08 02:54,4422.49,4422.72,4420.06,4421.99,14
1788836220,2026-09-08 00:57,2026-09-08 02:57,4422.01,4423.88,4420.02,4422.9,14
1788836400,2026-09-08 01:00,2026-09-08 03:00,4422.99,4424.66,4418.27,4421.31,14
1788836580,2026-09-08 01:03,2026-09-08 03:03,4421.33,4423.37,4418.1,4420.08,14
1788836760,2026-09-08 01:06,2026-09-08 03:06,4420.07,4420.43,4417.28,4418.4,14
1788836940,2026-09-08 01:09,2026-09-08 03:09,4418.39,4420.69,4417.96,4419.17,14
1788837120,2026-09-08 01:12,2026-09-08 03:12,4419.13,4419.18,4415.14,4417.37,14
1788837300,2026-09-08 01:15,2026-09-08 03:15,4417.24,4426.12,4416.14,4425.95,14
1788837480,2026-09-08 01:18,2026-09-08 03:18,4425.98,4430.38,4424.78,4427.33,14
1788837660,2026-09-08 01:21,2026-09-08 03:21,4427.34,4430.0,4421.88,4421.95,14
1788837840,2026-09-08 01:24,2026-09-08 03:24,4421.9,4422.68,4419.56,4420.54,14
1788838020,2026-09-08 01:27,2026-09-08 03:27,4420.81,4423.49,4417.88,4421.41,14
1788838200,2026-09-08 01:30,2026-09-08 03:30,4421.42,4424.16,4420.71,4423.91,14
1788838380,2026-09-08 01:33,2026-09-08 03:33,4424.0,4426.11,4422.45,4424.85,14
1788838560,2026-09-08 01:36,2026-09-08 03:36,4424.86,4425.76,4422.25,4422.25,14
1788838740,2026-09-08 01:39,2026-09-08 03:39,4422.44,4426.5,4421.16,4424.03,14
1788838920,2026-09-08 01:42,2026-09-08 03:42,4424.0,4424.04,4418.84,4421.85,14
1788839100,2026-09-08 01:45,2026-09-08 03:45,4421.78,4422.79,4419.98,4420.24,14
1788839280,2026-09-08 01:48,2026-09-08 03:48,4420.28,4420.56,4416.95,4419.0,14
1788839460,2026-09-08 01:51,2026-09-08 03:51,4418.99,4420.69,4415.42,4418.54,14
1788839640,2026-09-08 01:54,2026-09-08 03:54,4418.52,4424.74,4417.06,4423.27,14
1788839820,2026-09-08 01:57,2026-09-08 03:57,4423.31,4427.49,4422.6,4425.93,14
1788840000,2026-09-08 02:00,2026-09-08 04:00,4425.99,4428.64,4422.5,4425.36,14
1788840180,2026-09-08 02:03,2026-09-08 04:03,4425.86,4426.05,4417.42,4421.48,14
1788840360,2026-09-08 02:06,2026-09-08 04:06,4421.46,4422.34,4418.15,4419.9,14
1788840540,2026-09-08 02:09,2026-09-08 04:09,4419.87,4428.64,4419.51,4426.99,14
1788840720,2026-09-08 02:12,2026-09-08 04:12,4427.16,4431.22,4425.91,4428.64,14
1788840900,2026-09-08 02:15,2026-09-08 04:15,4428.66,4430.77,4426.94,4428.83,14
1788841080,2026-09-08 02:18,2026-09-08 04:18,4428.84,4431.39,4427.96,4429.68,14
1788841260,2026-09-08 02:21,2026-09-08 04:21,4429.67,4435.72,4428.75,4434.09,14
1788841440,2026-09-08 02:24,2026-09-08 04:24,4434.11,4435.23,4432.38,4434.17,14
1788841620,2026-09-08 02:27,2026-09-08 04:27,4434.12,4436.17,4432.38,4434.34,14
1788841800,2026-09-08 02:30,2026-09-08 04:30,4434.33,4437.11,4432.84,4434.13,14
1788841980,2026-09-08 02:33,2026-09-08 04:33,4434.18,4434.62,4431.83,4432.35,14
1788842160,2026-09-08 02:36,2026-09-08 04:36,4432.39,4433.06,4431.3,4431.44,14
1788842340,2026-09-08 02:39,2026-09-08 04:39,4431.37,4435.45,4430.82,4432.98,14
1788842520,2026-09-08 02:42,2026-09-08 04:42,4432.95,4435.57,4432.73,4433.42,14
1788842700,2026-09-08 02:45,2026-09-08 04:45,4433.45,4437.96,4433.45,4437.91,14
1788842880,2026-09-08 02:48,2026-09-08 04:48,4437.89,4440.87,4437.74,4438.94,14
1788843060,2026-09-08 02:51,2026-09-08 04:51,4438.9,4439.23,4435.85,4439.14,14
1788843240,2026-09-08 02:54,2026-09-08 04:54,4439.0,4439.69,4437.35,4439.13,14
1788843420,2026-09-08 02:57,2026-09-08 04:57,4439.15,4439.91,4436.41,4437.25,14
1788843600,2026-09-08 03:00,2026-09-08 05:00,4437.27,4438.9,4435.32,4436.02,14
1788843780,2026-09-08 03:03,2026-09-08 05:03,4436.23,4436.47,4432.29,4433.86,14
1788843960,2026-09-08 03:06,2026-09-08 05:06,4433.89,4434.08,4429.36,4429.36,14
1788844140,2026-09-08 03:09,2026-09-08 05:09,4429.55,4430.19,4426.06,4427.96,14
1788844320,2026-09-08 03:12,2026-09-08 05:12,4427.95,4430.57,4427.23,4428.53,14
1788844500,2026-09-08 03:15,2026-09-08 05:15,4428.12,4428.24,4425.8,4427.58,14
1788844680,2026-09-08 03:18,2026-09-08 05:18,4427.46,4427.82,4425.86,4426.67,14
1788844860,2026-09-08 03:21,2026-09-08 05:21,4426.68,4429.19,4425.2,4429.17,14
1788845040,2026-09-08 03:24,2026-09-08 05:24,4429.16,4429.92,4426.95,4427.66,14
1788845220,2026-09-08 03:27,2026-09-08 05:27,4427.64,4428.21,4424.5,4425.16,14
1788845400,2026-09-08 03:30,2026-09-08 05:30,4425.12,4426.4,4423.0,4423.91,14
1788845580,2026-09-08 03:33,2026-09-08 05:33,4423.96,4424.83,4422.68,4423.42,14
1788845760,2026-09-08 03:36,2026-09-08 05:36,4423.18,4424.03,4421.51,4422.87,14
1788845940,2026-09-08 03:39,2026-09-08 05:39,4422.82,4425.85,4422.82,4423.79,14
1788846120,2026-09-08 03:42,2026-09-08 05:42,4423.57,4427.37,4422.57,4427.17,14
1788846300,2026-09-08 03:45,2026-09-08 05:45,4427.14,4428.04,4423.35,4425.48,14
1788846480,2026-09-08 03:48,2026-09-08 05:48,4425.34,4425.68,4422.83,4425.13,14
1788846660,2026-09-08 03:51,2026-09-08 05:51,4425.01,4425.01,4421.31,4422.02,14
1788846840,2026-09-08 03:54,2026-09-08 05:54,4421.97,4424.75,4421.73,4424.4,14
1788847020,2026-09-08 03:57,2026-09-08 05:57,4424.47,4425.01,4422.73,4424.45,14
1788847200,2026-09-08 04:00,2026-09-08 06:00,4424.43,4424.98,4422.46,4424.37,14
1788847380,2026-09-08 04:03,2026-09-08 06:03,4424.41,4426.79,4424.14,4426.07,14
1788847560,2026-09-08 04:06,2026-09-08 06:06,4425.93,4427.81,4424.9,4427.74,14
1788847740,2026-09-08 04:09,2026-09-08 06:09,4427.6,4431.83,4427.41,4429.56,14
1788847920,2026-09-08 04:12,2026-09-08 06:12,4429.6,4430.51,4428.46,4429.49,14
1788848100,2026-09-08 04:15,2026-09-08 06:15,4429.55,4431.12,4428.55,4430.78,14
1788848280,2026-09-08 04:18,2026-09-08 06:18,4430.81,4439.33,4430.77,4439.16,14
1788848460,2026-09-08 04:21,2026-09-08 06:21,4439.17,4440.21,4434.36,4438.74,14
1788848640,2026-09-08 04:24,2026-09-08 06:24,4438.77,4439.03,4434.11,4434.84,14
1788848820,2026-09-08 04:27,2026-09-08 06:27,4434.87,4434.87,4431.14,4432.01,14
1788849000,2026-09-08 04:30,2026-09-08 06:30,4432.12,4435.08,4431.89,4432.43,14
1788849180,2026-09-08 04:33,2026-09-08 06:33,4432.38,4432.74,4430.87,4431.37,14
1788849360,2026-09-08 04:36,2026-09-08 06:36,4431.41,4432.08,4430.58,4431.07,14
1788849540,2026-09-08 04:39,2026-09-08 06:39,4431.06,4432.16,4430.56,4431.76,14
1788849720,2026-09-08 04:42,2026-09-08 06:42,4431.74,4433.38,4431.52,4432.7,14
1788849900,2026-09-08 04:45,2026-09-08 06:45,4432.74,4435.6,4432.44,4434.23,14
1788850080,2026-09-08 04:48,2026-09-08 06:48,4434.44,4437.58,4434.4,4437.16,14
1788850260,2026-09-08 04:51,2026-09-08 06:51,4437.17,4437.59,4434.95,4435.81,14
1788850440,2026-09-08 04:54,2026-09-08 06:54,4435.6,4437.18,4435.25,4437.12,14
1788850620,2026-09-08 04:57,2026-09-08 06:57,4437.08,4438.98,4436.61,4437.79,14
1788850800,2026-09-08 05:00,2026-09-08 07:00,4438.05,4441.81,4437.81,4439.1,14
1788850980,2026-09-08 05:03,2026-09-08 07:03,4439.09,4443.15,4439.09,4442.52,14
1788851160,2026-09-08 05:06,2026-09-08 07:06,4442.74,4442.88,4439.86,4440.33,14
1788851340,2026-09-08 05:09,2026-09-08 07:09,4440.29,4442.89,4439.09,4440.93,14
1788851520,2026-09-08 05:12,2026-09-08 07:12,4440.94,4442.18,4439.09,4439.17,14
1788851700,2026-09-08 05:15,2026-09-08 07:15,4439.13,4440.8,4438.16,4439.64,14
1788851880,2026-09-08 05:18,2026-09-08 07:18,4439.63,4439.9,4436.63,4437.46,14
1788852060,2026-09-08 05:21,2026-09-08 07:21,4437.47,4438.4,4433.64,4433.9,14
1788852240,2026-09-08 05:24,2026-09-08 07:24,4433.77,4434.31,4432.88,4433.1,14
1788852420,2026-09-08 05:27,2026-09-08 07:27,4433.29,4433.29,4431.68,4432.82,14
1788852600,2026-09-08 05:30,2026-09-08 07:30,4432.81,4433.69,4432.25,4433.66,14
1788852780,2026-09-08 05:33,2026-09-08 07:33,4433.65,4434.57,4432.99,4433.66,14
1788852960,2026-09-08 05:36,2026-09-08 07:36,4433.72,4434.68,4433.06,4433.07,14
1788853140,2026-09-08 05:39,2026-09-08 07:39,4433.23,4435.74,4433.14,4435.44,14
1788853320,2026-09-08 05:42,2026-09-08 07:42,4435.42,4436.75,4434.56,4436.38,14
1788853500,2026-09-08 05:45,2026-09-08 07:45,4436.39,4436.67,4434.75,4435.4,14
1788853680,2026-09-08 05:48,2026-09-08 07:48,4435.36,4435.85,4434.62,4435.07,14
1788853860,2026-09-08 05:51,2026-09-08 07:51,4435.09,4435.7,4434.33,4434.65,14
1788854040,2026-09-08 05:54,2026-09-08 07:54,4434.7,4435.31,4434.22,4435.14,14
1788854220,2026-09-08 05:57,2026-09-08 07:57,4434.97,4440.05,4434.6,4435.86,14
1788854400,2026-09-08 06:00,2026-09-08 08:00,4435.84,4437.81,4435.76,4437.34,14
1788854580,2026-09-08 06:03,2026-09-08 08:03,4437.33,4437.58,4433.14,4434.21,14
1788854760,2026-09-08 06:06,2026-09-08 08:06,4434.09,4434.64,4431.2,4431.56,14
1788854940,2026-09-08 06:09,2026-09-08 08:09,4431.62,4431.63,4428.87,4429.33,14
1788855120,2026-09-08 06:12,2026-09-08 08:12,4429.32,4429.4,4427.13,4427.41,14
1788855300,2026-09-08 06:15,2026-09-08 08:15,4427.42,4429.45,4426.26,4428.79,14
1788855480,2026-09-08 06:18,2026-09-08 08:18,4428.8,4430.42,4428.2,4430.42,14
1788855660,2026-09-08 06:21,2026-09-08 08:21,4430.38,4431.68,4426.11,4426.11,14
1788855840,2026-09-08 06:24,2026-09-08 08:24,4426.09,4426.9,4422.92,4423.43,14
1788856020,2026-09-08 06:27,2026-09-08 08:27,4423.45,4424.17,4420.32,4420.57,14
1788856200,2026-09-08 06:30,2026-09-08 08:30,4420.67,4426.04,4418.08,4421.05,14
1788856380,2026-09-08 06:33,2026-09-08 08:33,4420.98,4423.84,4419.76,4422.75,14
1788856560,2026-09-08 06:36,2026-09-08 08:36,4422.73,4425.4,4421.65,4425.4,14
1788856740,2026-09-08 06:39,2026-09-08 08:39,4425.41,4427.24,4425.17,4426.39,14
1788856920,2026-09-08 06:42,2026-09-08 08:42,4426.36,4427.1,4424.91,4425.8,14
1788857100,2026-09-08 06:45,2026-09-08 08:45,4425.81,4429.03,4424.57,4425.16,14
1788857280,2026-09-08 06:48,2026-09-08 08:48,4424.96,4426.3,4422.28,4422.39,14
1788857460,2026-09-08 06:51,2026-09-08 08:51,4422.38,4423.67,4420.24,4420.95,14
1788857640,2026-09-08 06:54,2026-09-08 08:54,4420.96,4422.26,4417.37,4419.76,14
1788857820,2026-09-08 06:57,2026-09-08 08:57,4419.77,4421.0,4418.51,4419.34,14
1788858000,2026-09-08 07:00,2026-09-08 09:00,4419.6,4420.39,4412.75,4415.19,14
1788858180,2026-09-08 07:03,2026-09-08 09:03,4414.87,4415.65,4411.1,4413.71,14
1788858360,2026-09-08 07:06,2026-09-08 09:06,4413.65,4415.69,4413.41,4414.11,14
1788858540,2026-09-08 07:09,2026-09-08 09:09,4414.13,4414.17,4410.7,4411.35,14
1788858720,2026-09-08 07:12,2026-09-08 09:12,4411.39,4412.64,4408.61,4411.63,14
1788858900,2026-09-08 07:15,2026-09-08 09:15,4411.64,4411.64,4407.17,4408.29,14
1788859080,2026-09-08 07:18,2026-09-08 09:18,4408.31,4408.31,4401.48,4405.14,14
1788859260,2026-09-08 07:21,2026-09-08 09:21,4405.07,4406.34,4402.2,4402.91,14
1788859440,2026-09-08 07:24,2026-09-08 09:24,4402.8,4404.27,4401.6,4401.76,14
1788859620,2026-09-08 07:27,2026-09-08 09:27,4401.73,4402.75,4399.02,4400.11,14
1788859800,2026-09-08 07:30,2026-09-08 09:30,4400.31,4403.17,4398.56,4402.37,14
1788859980,2026-09-08 07:33,2026-09-08 09:33,4402.23,4402.9,4400.27,4400.91,14
1788860160,2026-09-08 07:36,2026-09-08 09:36,4400.88,4403.98,4398.25,4403.13,14
1788860340,2026-09-08 07:39,2026-09-08 09:39,4403.14,4406.56,4402.8,4405.75,14
1788860520,2026-09-08 07:42,2026-09-08 09:42,4405.71,4409.02,4405.44,4407.54,14
1788860700,2026-09-08 07:45,2026-09-08 09:45,4407.46,4408.49,4406.06,4407.05,14
1788860880,2026-09-08 07:48,2026-09-08 09:48,4407.04,4409.27,4406.82,4409.05,14
1788861060,2026-09-08 07:51,2026-09-08 09:51,4409.19,4409.32,4403.83,4404.38,14
1788861240,2026-09-08 07:54,2026-09-08 09:54,4404.34,4405.84,4403.51,4403.9,14
1788861420,2026-09-08 07:57,2026-09-08 09:57,4403.92,4405.04,4403.12,4403.69,14
1788861600,2026-09-08 08:00,2026-09-08 10:00,4403.68,4406.54,4402.23,4404.57,14
1788861780,2026-09-08 08:03,2026-09-08 10:03,4404.55,4409.34,4404.45,4408.97,14
1788861960,2026-09-08 08:06,2026-09-08 10:06,4409.03,4409.77,4406.83,4407.93,14
1788862140,2026-09-08 08:09,2026-09-08 10:09,4407.79,4408.53,4406.33,4406.63,14
1788862320,2026-09-08 08:12,2026-09-08 10:12,4406.73,4406.8,4402.64,4403.03,14
1788862500,2026-09-08 08:15,2026-09-08 10:15,4403.04,4403.15,4401.36,4402.13,14
1788862680,2026-09-08 08:18,2026-09-08 10:18,4402.14,4403.93,4400.96,4403.93,14
1788862860,2026-09-08 08:21,2026-09-08 10:21,4403.96,4404.37,4400.23,4401.42,14
1788863040,2026-09-08 08:24,2026-09-08 10:24,4401.37,4402.93,4400.96,4402.13,14
1788863220,2026-09-08 08:27,2026-09-08 10:27,4402.1,4404.35,4401.47,4401.63,14
1788863400,2026-09-08 08:30,2026-09-08 10:30,4401.65,4405.61,4401.59,4404.74,14
1788863580,2026-09-08 08:33,2026-09-08 10:33,4404.73,4405.11,4397.02,4398.5,14
1788863760,2026-09-08 08:36,2026-09-08 10:36,4398.49,4398.94,4394.88,4394.89,14
1788863940,2026-09-08 08:39,2026-09-08 10:39,4394.9,4397.61,4391.85,4394.75,14
1788864120,2026-09-08 08:42,2026-09-08 10:42,4394.85,4396.21,4391.27,4395.47,14
1788864300,2026-09-08 08:45,2026-09-08 10:45,4395.45,4397.49,4394.49,4395.96,14
1788864480,2026-09-08 08:48,2026-09-08 10:48,4395.95,4396.37,4391.7,4392.42,14
1788864660,2026-09-08 08:51,2026-09-08 10:51,4392.41,4393.12,4390.84,4392.3,14
1788864840,2026-09-08 08:54,2026-09-08 10:54,4392.28,4394.12,4390.65,4392.99,14
1788865020,2026-09-08 08:57,2026-09-08 10:57,4393.0,4393.48,4390.02,4392.49,14
1788865200,2026-09-08 09:00,2026-09-08 11:00,4392.57,4392.96,4388.82,4389.62,14
1788865380,2026-09-08 09:03,2026-09-08 11:03,4389.52,4393.06,4389.01,4392.72,14
1788865560,2026-09-08 09:06,2026-09-08 11:06,4392.61,4396.05,4389.88,4390.9,14
1788865740,2026-09-08 09:09,2026-09-08 11:09,4390.81,4391.21,4387.8,4389.64,14
1788865920,2026-09-08 09:12,2026-09-08 11:12,4389.78,4392.72,4389.56,4390.54,14
1788866100,2026-09-08 09:15,2026-09-08 11:15,4390.64,4392.38,4390.03,4392.37,14
1788866280,2026-09-08 09:18,2026-09-08 11:18,4392.4,4394.1,4390.8,4391.77,14
1788866460,2026-09-08 09:21,2026-09-08 11:21,4391.78,4392.06,4389.58,4391.96,14
1788866640,2026-09-08 09:24,2026-09-08 11:24,4391.94,4396.44,4391.72,4395.49,14
1788866820,2026-09-08 09:27,2026-09-08 11:27,4395.48,4396.18,4394.46,4394.83,14
1788867000,2026-09-08 09:30,2026-09-08 11:30,4394.58,4396.62,4393.25,4396.29,14
1788867180,2026-09-08 09:33,2026-09-08 11:33,4396.21,4398.84,4395.52,4396.25,14
1788867360,2026-09-08 09:36,2026-09-08 11:36,4396.24,4396.57,4393.82,4396.01,14
1788867540,2026-09-08 09:39,2026-09-08 11:39,4396.02,4396.12,4393.98,4394.43,14
1788867720,2026-09-08 09:42,2026-09-08 11:42,4394.37,4395.17,4391.94,4392.96,14
1788867900,2026-09-08 09:45,2026-09-08 11:45,4392.91,4398.42,4391.01,4394.54,14
1788868080,2026-09-08 09:48,2026-09-08 11:48,4394.62,4395.32,4391.35,4393.25,14
1788868260,2026-09-08 09:51,2026-09-08 11:51,4393.31,4393.66,4391.86,4393.11,14
1788868440,2026-09-08 09:54,2026-09-08 11:54,4392.89,4394.1,4391.9,4394.05,14
1788868620,2026-09-08 09:57,2026-09-08 11:57,4394.07,4394.82,4393.14,4394.55,14
1788868800,2026-09-08 10:00,2026-09-08 12:00,4394.53,4394.85,4391.68,4394.79,14
1788868980,2026-09-08 10:03,2026-09-08 12:03,4394.62,4397.43,4393.62,4397.25,14
1788869160,2026-09-08 10:06,2026-09-08 12:06,4397.19,4398.24,4394.94,4395.66,14
1788869340,2026-09-08 10:09,2026-09-08 12:09,4395.71,4397.29,4394.98,4397.07,14
1788869520,2026-09-08 10:12,2026-09-08 12:12,4397.08,4398.22,4396.18,4397.63,14
1788869700,2026-09-08 10:15,2026-09-08 12:15,4397.66,4399.6,4397.0,4399.12,14
1788869880,2026-09-08 10:18,2026-09-08 12:18,4399.13,4399.34,4396.4,4396.55,14
1788870060,2026-09-08 10:21,2026-09-08 12:21,4396.59,4396.59,4393.72,4394.46,14
1788870240,2026-09-08 10:24,2026-09-08 12:24,4394.44,4396.74,4393.59,4393.82,14
1788870420,2026-09-08 10:27,2026-09-08 12:27,4393.8,4395.31,4392.76,4393.32,14
1788870600,2026-09-08 10:30,2026-09-08 12:30,4393.36,4397.78,4391.02,4395.48,14
1788870780,2026-09-08 10:33,2026-09-08 12:33,4395.34,4396.99,4395.15,4396.35,14
1788870960,2026-09-08 10:36,2026-09-08 12:36,4396.36,4396.77,4395.62,4396.18,14
1788871140,2026-09-08 10:39,2026-09-08 12:39,4396.17,4403.39,4395.98,4402.43,14
1788871320,2026-09-08 10:42,2026-09-08 12:42,4402.41,4403.75,4399.54,4401.25,14
1788871500,2026-09-08 10:45,2026-09-08 12:45,4401.28,4403.22,4401.05,4402.37,14
1788871680,2026-09-08 10:48,2026-09-08 12:48,4402.36,4404.4,4401.3,4404.06,14
1788871860,2026-09-08 10:51,2026-09-08 12:51,4404.12,4405.65,4403.91,4404.36,14
1788872040,2026-09-08 10:54,2026-09-08 12:54,4404.34,4405.27,4403.68,4404.33,14
1788872220,2026-09-08 10:57,2026-09-08 12:57,4404.36,4404.86,4402.67,4402.99,14
1788872400,2026-09-08 11:00,2026-09-08 13:00,4403.0,4403.02,4399.5,4399.76,14
1788872580,2026-09-08 11:03,2026-09-08 13:03,4399.74,4401.12,4396.74,4397.48,14
1788872760,2026-09-08 11:06,2026-09-08 13:06,4397.46,4398.59,4396.27,4397.21,14
1788872940,2026-09-08 11:09,2026-09-08 13:09,4397.24,4397.32,4394.05,4394.31,14
1788873120,2026-09-08 11:12,2026-09-08 13:12,4394.23,4396.77,4393.79,4396.29,14
1788873300,2026-09-08 11:15,2026-09-08 13:15,4396.24,4398.4,4396.0,4397.9,14
1788873480,2026-09-08 11:18,2026-09-08 13:18,4397.88,4406.75,4397.29,4405.25,14
1788873660,2026-09-08 11:21,2026-09-08 13:21,4405.27,4405.6,4400.97,4401.59,14
1788873840,2026-09-08 11:24,2026-09-08 13:24,4401.6,4402.01,4399.55,4399.97,14
1788874020,2026-09-08 11:27,2026-09-08 13:27,4399.97,4400.96,4398.52,4399.55,14
1788874200,2026-09-08 11:30,2026-09-08 13:30,4399.59,4399.68,4397.8,4398.21,14
1788874380,2026-09-08 11:33,2026-09-08 13:33,4398.22,4398.6,4396.37,4396.95,14
1788874560,2026-09-08 11:36,2026-09-08 13:36,4397.05,4397.35,4395.14,4395.53,14
1788874740,2026-09-08 11:39,2026-09-08 13:39,4395.46,4396.14,4393.95,4396.13,14
1788874920,2026-09-08 11:42,2026-09-08 13:42,4396.39,4398.22,4395.91,4396.98,14
1788875100,2026-09-08 11:45,2026-09-08 13:45,4396.97,4398.69,4396.78,4398.6,14
1788875280,2026-09-08 11:48,2026-09-08 13:48,4398.62,4400.45,4398.37,4399.79,14
1788875460,2026-09-08 11:51,2026-09-08 13:51,4400.01,4400.21,4396.6,4398.86,14
1788875640,2026-09-08 11:54,2026-09-08 13:54,4398.9,4399.68,4397.3,4399.16,14
1788875820,2026-09-08 11:57,2026-09-08 13:57,4399.01,4399.97,4395.22,4395.22,14
1788876000,2026-09-08 12:00,2026-09-08 14:00,4395.26,4397.49,4394.8,4397.25,14
1788876180,2026-09-08 12:03,2026-09-08 14:03,4397.23,4397.23,4395.29,4396.84,14
1788876360,2026-09-08 12:06,2026-09-08 14:06,4396.74,4396.75,4393.17,4393.6,14
1788876540,2026-09-08 12:09,2026-09-08 14:09,4393.64,4399.58,4393.28,4393.28,14
1788876720,2026-09-08 12:12,2026-09-08 14:12,4393.23,4395.2,4391.38,4395.1,14
1788876900,2026-09-08 12:15,2026-09-08 14:15,4395.05,4400.8,4395.01,4399.81,14
1788877080,2026-09-08 12:18,2026-09-08 14:18,4400.19,4401.76,4399.38,4400.38,14
1788877260,2026-09-08 12:21,2026-09-08 14:21,4400.4,4400.54,4398.33,4399.8,14
1788877440,2026-09-08 12:24,2026-09-08 14:24,4399.79,4402.31,4399.68,4401.42,14
1788877620,2026-09-08 12:27,2026-09-08 14:27,4401.55,4403.05,4401.15,4401.87,14
1788877800,2026-09-08 12:30,2026-09-08 14:30,4401.93,4402.15,4400.49,4401.99,14
1788877980,2026-09-08 12:33,2026-09-08 14:33,4402.07,4405.54,4401.97,4404.94,14
1788878160,2026-09-08 12:36,2026-09-08 14:36,4405.28,4408.02,4404.03,4406.0,14
1788878340,2026-09-08 12:39,2026-09-08 14:39,4406.02,4406.64,4404.69,4405.51,14
1788878520,2026-09-08 12:42,2026-09-08 14:42,4405.5,4406.99,4403.46,4403.63,14
1788878700,2026-09-08 12:45,2026-09-08 14:45,4403.78,4404.44,4400.46,4400.98,14
1788878880,2026-09-08 12:48,2026-09-08 14:48,4401.06,4402.57,4399.28,4402.56,14
1788879060,2026-09-08 12:51,2026-09-08 14:51,4402.65,4402.69,4397.63,4399.62,14
1788879240,2026-09-08 12:54,2026-09-08 14:54,4399.58,4402.84,4399.34,4402.34,14
1788879420,2026-09-08 12:57,2026-09-08 14:57,4402.33,4406.57,4402.07,4406.12,14
1788879600,2026-09-08 13:00,2026-09-08 15:00,4406.37,4406.58,4402.89,4403.95,14
1788879780,2026-09-08 13:03,2026-09-08 15:03,4403.99,4404.31,4401.67,4403.83,14
1788879960,2026-09-08 13:06,2026-09-08 15:06,4403.74,4404.4,4402.33,4403.37,14
1788880140,2026-09-08 13:09,2026-09-08 15:09,4403.31,4404.37,4398.41,4399.07,14
1788880320,2026-09-08 13:12,2026-09-08 15:12,4399.08,4399.78,4390.86,4392.11,14
1788880500,2026-09-08 13:15,2026-09-08 15:15,4392.12,4392.12,4385.39,4388.54,14
1788880680,2026-09-08 13:18,2026-09-08 15:18,4388.5,4394.67,4387.54,4394.48,14
1788880860,2026-09-08 13:21,2026-09-08 15:21,4394.38,4396.75,4390.49,4394.02,14
1788881040,2026-09-08 13:24,2026-09-08 15:24,4393.77,4398.72,4392.97,4397.4,14
1788881220,2026-09-08 13:27,2026-09-08 15:27,4397.43,4402.11,4396.88,4402.09,14
1788881400,2026-09-08 13:30,2026-09-08 15:30,4402.05,4407.2,4400.88,4407.1,14
1788881580,2026-09-08 13:33,2026-09-08 15:33,4407.15,4408.64,4401.51,4402.7,14
1788881760,2026-09-08 13:36,2026-09-08 15:36,4402.71,4403.58,4398.34,4399.77,14
1788881940,2026-09-08 13:39,2026-09-08 15:39,4399.72,4402.09,4397.66,4399.66,14
1788882120,2026-09-08 13:42,2026-09-08 15:42,4399.6,4399.9,4395.35,4396.63,14
1788882300,2026-09-08 13:45,2026-09-08 15:45,4396.85,4400.8,4395.68,4400.38,14
1788882480,2026-09-08 13:48,2026-09-08 15:48,4400.5,4402.74,4398.33,4402.1,14
1788882660,2026-09-08 13:51,2026-09-08 15:51,4402.11,4403.52,4400.69,4401.57,14
1788882840,2026-09-08 13:54,2026-09-08 15:54,4401.65,4406.86,4401.17,4404.51,14
1788883020,2026-09-08 13:57,2026-09-08 15:57,4404.36,4411.75,4404.36,4411.51,14
1788883200,2026-09-08 14:00,2026-09-08 16:00,4411.57,4412.74,4403.03,4404.13,14
1788883380,2026-09-08 14:03,2026-09-08 16:03,4404.14,4407.41,4402.77,4406.55,14
1788883560,2026-09-08 14:06,2026-09-08 16:06,4406.59,4406.69,4403.26,4403.36,14
1788883740,2026-09-08 14:09,2026-09-08 16:09,4403.29,4406.96,4402.76,4405.55,14
1788883920,2026-09-08 14:12,2026-09-08 16:12,4405.54,4408.82,4405.3,4408.7,14
1788884100,2026-09-08 14:15,2026-09-08 16:15,4408.73,4409.35,4405.48,4408.18,14
1788884280,2026-09-08 14:18,2026-09-08 16:18,4408.3,4410.82,4406.09,4406.69,14
1788884460,2026-09-08 14:21,2026-09-08 16:21,4406.95,4407.98,4404.26,4407.43,14
1788884640,2026-09-08 14:24,2026-09-08 16:24,4407.33,4408.17,4400.65,4403.28,14
1788884820,2026-09-08 14:27,2026-09-08 16:27,4403.23,4403.62,4399.14,4400.27,14
1788885000,2026-09-08 14:30,2026-09-08 16:30,4400.29,4405.77,4399.08,4400.6,14
1788885180,2026-09-08 14:33,2026-09-08 16:33,4400.56,4404.51,4396.13,4397.89,14
1788885360,2026-09-08 14:36,2026-09-08 16:36,4398.09,4402.71,4396.86,4400.51,14
1788885540,2026-09-08 14:39,2026-09-08 16:39,4400.54,4402.05,4394.48,4395.12,14
1788885720,2026-09-08 14:42,2026-09-08 16:42,4395.15,4398.26,4390.66,4396.66,14
1788885900,2026-09-08 14:45,2026-09-08 16:45,4396.67,4401.01,4394.36,4397.78,14
1788886080,2026-09-08 14:48,2026-09-08 16:48,4397.82,4403.19,4397.82,4402.52,14
1788886260,2026-09-08 14:51,2026-09-08 16:51,4402.36,4402.37,4397.4,4398.88,14
1788886440,2026-09-08 14:54,2026-09-08 16:54,4398.57,4407.68,4398.43,4405.14,14
1788886620,2026-09-08 14:57,2026-09-08 16:57,4405.29,4406.12,4395.57,4396.0,14
1788886800,2026-09-08 15:00,2026-09-08 17:00,4396.02,4401.68,4394.54,4398.61,14
1788886980,2026-09-08 15:03,2026-09-08 17:03,4398.56,4402.76,4396.81,4400.39,14
1788887160,2026-09-08 15:06,2026-09-08 17:06,4400.44,4402.78,4398.06,4401.31,14
1788887340,2026-09-08 15:09,2026-09-08 17:09,4401.22,4402.69,4396.4,4397.31,14
1788887520,2026-09-08 15:12,2026-09-08 17:12,4397.24,4398.84,4391.7,4394.63,14
1788887700,2026-09-08 15:15,2026-09-08 17:15,4394.6,4398.28,4394.17,4397.15,14
1788887880,2026-09-08 15:18,2026-09-08 17:18,4397.14,4400.45,4395.56,4397.06,14
1788888060,2026-09-08 15:21,2026-09-08 17:21,4397.11,4400.4,4396.59,4400.38,14
1788888240,2026-09-08 15:24,2026-09-08 17:24,4400.42,4403.5,4399.84,4401.96,14
1788888420,2026-09-08 15:27,2026-09-08 17:27,4401.97,4403.49,4396.25,4396.85,14
1788888600,2026-09-08 15:30,2026-09-08 17:30,4396.88,4399.01,4394.76,4398.06,14
1788888780,2026-09-08 15:33,2026-09-08 17:33,4398.11,4399.5,4396.36,4398.99,14
1788888960,2026-09-08 15:36,2026-09-08 17:36,4398.87,4400.66,4396.76,4400.03,14
1788889140,2026-09-08 15:39,2026-09-08 17:39,4399.91,4400.47,4392.82,4393.41,14
1788889320,2026-09-08 15:42,2026-09-08 17:42,4393.37,4397.72,4392.75,4397.34,14
1788889500,2026-09-08 15:45,2026-09-08 17:45,4397.36,4398.99,4395.45,4397.12,14
1788889680,2026-09-08 15:48,2026-09-08 17:48,4397.05,4397.63,4391.06,4393.24,14
1788889860,2026-09-08 15:51,2026-09-08 17:51,4393.3,4394.64,4389.0,4393.99,14
1788890040,2026-09-08 15:54,2026-09-08 17:54,4393.97,4395.95,4392.49,4395.45,14
1788890220,2026-09-08 15:57,2026-09-08 17:57,4395.4,4398.72,4393.46,4398.64,14
1788890400,2026-09-08 16:00,2026-09-08 18:00,4398.66,4403.47,4397.73,4402.89,14
1788890580,2026-09-08 16:03,2026-09-08 18:03,4402.99,4406.83,4401.7,4403.19,14
1788890760,2026-09-08 16:06,2026-09-08 18:06,4402.82,4403.4,4400.7,4402.82,14
1788890940,2026-09-08 16:09,2026-09-08 18:09,4402.57,4408.07,4402.18,4407.97,14
1788891120,2026-09-08 16:12,2026-09-08 18:12,4407.96,4408.12,4403.81,4404.81,14
1788891300,2026-09-08 16:15,2026-09-08 18:15,4404.84,4409.16,4404.84,4409.09,14
1788891480,2026-09-08 16:18,2026-09-08 18:18,4409.03,4409.18,4403.48,4403.68,14
1788891660,2026-09-08 16:21,2026-09-08 18:21,4403.69,4403.7,4396.8,4397.7,14
1788891840,2026-09-08 16:24,2026-09-08 18:24,4397.62,4404.77,4397.29,4403.64,14
1788892020,2026-09-08 16:27,2026-09-08 18:27,4403.82,4403.82,4398.68,4399.18,14
1788892200,2026-09-08 16:30,2026-09-08 18:30,4399.17,4403.79,4399.17,4403.28,14
1788892380,2026-09-08 16:33,2026-09-08 18:33,4403.34,4404.24,4401.92,4402.71,14
1788892560,2026-09-08 16:36,2026-09-08 18:36,4402.63,4402.83,4398.7,4400.14,14
1788892740,2026-09-08 16:39,2026-09-08 18:39,4400.16,4400.69,4397.89,4398.76,14
1788892920,2026-09-08 16:42,2026-09-08 18:42,4398.69,4401.24,4397.38,4400.34,14
1788893100,2026-09-08 16:45,2026-09-08 18:45,4400.45,4400.75,4396.16,4397.01,14
1788893280,2026-09-08 16:48,2026-09-08 18:48,4396.98,4400.69,4396.3,4398.42,14
1788893460,2026-09-08 16:51,2026-09-08 18:51,4398.43,4400.36,4397.6,4399.01,14
1788893640,2026-09-08 16:54,2026-09-08 18:54,4399.07,4399.43,4397.18,4398.51,14
1788893820,2026-09-08 16:57,2026-09-08 18:57,4398.47,4398.47,4394.78,4394.78,14
1788894000,2026-09-08 17:00,2026-09-08 19:00,4394.81,4395.43,4391.35,4392.81,14
1788894180,2026-09-08 17:03,2026-09-08 19:03,4392.8,4395.23,4391.58,4394.76,14
1788894360,2026-09-08 17:06,2026-09-08 19:06,4394.79,4394.93,4389.85,4390.23,14
1788894540,2026-09-08 17:09,2026-09-08 19:09,4390.24,4390.32,4380.69,4382.96,14
1788894720,2026-09-08 17:12,2026-09-08 19:12,4383.0,4386.48,4380.75,4386.48,14
1788894900,2026-09-08 17:15,2026-09-08 19:15,4386.34,4387.76,4384.65,4385.7,14
1788895080,2026-09-08 17:18,2026-09-08 19:18,4385.69,4389.11,4383.72,4388.75,14
1788895260,2026-09-08 17:21,2026-09-08 19:21,4388.77,4392.55,4387.02,4391.88,14
1788895440,2026-09-08 17:24,2026-09-08 19:24,4392.11,4395.58,4390.85,4392.93,14
1788895620,2026-09-08 17:27,2026-09-08 19:27,4392.71,4394.46,4391.64,4394.3,14
1788895800,2026-09-08 17:30,2026-09-08 19:30,4394.28,4396.85,4392.97,4394.86,14
1788895980,2026-09-08 17:33,2026-09-08 19:33,4394.83,4396.43,4393.44,4395.27,14
1788896160,2026-09-08 17:36,2026-09-08 19:36,4395.21,4395.78,4393.63,4394.85,14
1788896340,2026-09-08 17:39,2026-09-08 19:39,4394.87,4395.59,4393.62,4395.37,14
1788896520,2026-09-08 17:42,2026-09-08 19:42,4395.46,4395.78,4393.66,4394.3,14
1788896700,2026-09-08 17:45,2026-09-08 19:45,4394.28,4394.73,4392.73,4392.97,14
1788896880,2026-09-08 17:48,2026-09-08 19:48,4392.93,4398.45,4392.03,4395.95,14
1788897060,2026-09-08 17:51,2026-09-08 19:51,4395.94,4395.94,4392.65,4394.32,14
1788897240,2026-09-08 17:54,2026-09-08 19:54,4394.31,4395.72,4390.36,4392.62,14
1788897420,2026-09-08 17:57,2026-09-08 19:57,4392.6,4395.46,4390.94,4393.88,14
1788897600,2026-09-08 18:00,2026-09-08 20:00,4393.85,4399.09,4393.72,4398.46,14
1788897780,2026-09-08 18:03,2026-09-08 20:03,4398.44,4403.71,4397.96,4400.98,14
1788897960,2026-09-08 18:06,2026-09-08 20:06,4401.0,4401.12,4397.46,4398.13,14
1788898140,2026-09-08 18:09,2026-09-08 20:09,4398.12,4399.38,4396.82,4396.84,14
1788898320,2026-09-08 18:12,2026-09-08 20:12,4396.83,4397.06,4394.92,4395.9,14
1788898500,2026-09-08 18:15,2026-09-08 20:15,4395.97,4397.66,4395.91,4396.21,14
1788898680,2026-09-08 18:18,2026-09-08 20:18,4396.17,4397.75,4394.84,4395.0,14
1788898860,2026-09-08 18:21,2026-09-08 20:21,4395.02,4395.34,4393.2,4393.51,14
1788899040,2026-09-08 18:24,2026-09-08 20:24,4393.57,4395.16,4392.37,4393.05,14
1788899220,2026-09-08 18:27,2026-09-08 20:27,4393.04,4395.35,4392.54,4394.13,14
1788899400,2026-09-08 18:30,2026-09-08 20:30,4394.15,4395.32,4393.69,4395.12,14
1788899580,2026-09-08 18:33,2026-09-08 20:33,4395.15,4395.46,4391.19,4391.72,14
1788899760,2026-09-08 18:36,2026-09-08 20:36,4391.67,4392.99,4389.82,4391.81,14
1788899940,2026-09-08 18:39,2026-09-08 20:39,4391.77,4392.19,4386.69,4387.19,14
1788900120,2026-09-08 18:42,2026-09-08 20:42,4387.2,4388.17,4385.5,4385.51,14
1788900300,2026-09-08 18:45,2026-09-08 20:45,4385.5,4387.73,4385.49,4387.43,14
1788900480,2026-09-08 18:48,2026-09-08 20:48,4387.42,4389.0,4386.95,4388.41,14
1788900660,2026-09-08 18:51,2026-09-08 20:51,4388.38,4389.71,4387.09,4389.37,14
1788900840,2026-09-08 18:54,2026-09-08 20:54,4389.35,4389.56,4387.91,4388.54,14
1788901020,2026-09-08 18:57,2026-09-08 20:57,4388.52,4390.58,4388.44,4390.23,14
1788901200,2026-09-08 19:00,2026-09-08 21:00,4390.25,4390.47,4387.44,4387.59,14
1788901380,2026-09-08 19:03,2026-09-08 21:03,4387.57,4388.88,4386.21,4387.83,14
1788901560,2026-09-08 19:06,2026-09-08 21:06,4387.82,4388.44,4385.15,4385.89,14
1788901740,2026-09-08 19:09,2026-09-08 21:09,4385.74,4387.12,4384.28,4386.35,14
1788901920,2026-09-08 19:12,2026-09-08 21:12,4386.4,4387.71,4384.99,4387.63,14
1788902100,2026-09-08 19:15,2026-09-08 21:15,4387.54,4387.9,4385.74,4386.52,14
1788902280,2026-09-08 19:18,2026-09-08 21:18,4386.43,4386.74,4384.47,4385.71,14
1788902460,2026-09-08 19:21,2026-09-08 21:21,4385.67,4386.18,4384.68,4385.54,14
1788902640,2026-09-08 19:24,2026-09-08 21:24,4385.61,4386.9,4384.73,4385.27,14
1788902820,2026-09-08 19:27,2026-09-08 21:27,4385.21,4385.92,4384.39,4385.58,14
1788903000,2026-09-08 19:30,2026-09-08 21:30,4385.57,4385.77,4381.47,4383.35,14
1788903180,2026-09-08 19:33,2026-09-08 21:33,4383.43,4384.86,4382.63,4383.76,14
1788903360,2026-09-08 19:36,2026-09-08 21:36,4383.75,4385.05,4382.88,4384.58,14
1788903540,2026-09-08 19:39,2026-09-08 21:39,4384.6,4385.01,4383.67,4383.93,14
1788903720,2026-09-08 19:42,2026-09-08 21:42,4383.91,4385.85,4383.64,4385.58,14
1788903900,2026-09-08 19:45,2026-09-08 21:45,4385.59,4386.83,4382.47,4382.8,14
1788904080,2026-09-08 19:48,2026-09-08 21:48,4382.88,4383.43,4362.59,4367.08,14
1788904260,2026-09-08 19:51,2026-09-08 21:51,4367.12,4372.51,4358.27,4372.49,14
1788904440,2026-09-08 19:54,2026-09-08 21:54,4372.6,4378.16,4372.36,4375.63,14
1788904620,2026-09-08 19:57,2026-09-08 21:57,4375.33,4376.67,4372.32,4375.51,14
1788904800,2026-09-08 20:00,2026-09-08 22:00,4375.46,4376.12,4370.88,4375.26,14
1788904980,2026-09-08 20:03,2026-09-08 22:03,4375.22,4377.37,4371.49,4372.1,14
1788905160,2026-09-08 20:06,2026-09-08 22:06,4372.09,4374.84,4369.22,4371.63,14
1788905340,2026-09-08 20:09,2026-09-08 22:09,4371.73,4374.32,4370.78,4374.08,14
1788905520,2026-09-08 20:12,2026-09-08 22:12,4373.94,4374.21,4370.38,4370.54,14
1788905700,2026-09-08 20:15,2026-09-08 22:15,4370.57,4373.16,4368.06,4368.51,14
1788905880,2026-09-08 20:18,2026-09-08 22:18,4368.57,4369.77,4367.37,4369.07,14
1788906060,2026-09-08 20:21,2026-09-08 22:21,4369.05,4370.47,4367.47,4369.16,14
1788906240,2026-09-08 20:24,2026-09-08 22:24,4369.12,4369.68,4366.37,4367.77,14
1788906420,2026-09-08 20:27,2026-09-08 22:27,4367.97,4370.47,4367.33,4368.94,14
1788906600,2026-09-08 20:30,2026-09-08 22:30,4368.84,4369.0,4364.12,4364.46,14
1788906780,2026-09-08 20:33,2026-09-08 22:33,4364.44,4366.95,4361.5,4366.33,14
1788906960,2026-09-08 20:36,2026-09-08 22:36,4366.31,4369.78,4366.22,4369.53,14
1788907140,2026-09-08 20:39,2026-09-08 22:39,4369.47,4369.74,4366.55,4368.01,14
1788907320,2026-09-08 20:42,2026-09-08 22:42,4367.81,4369.72,4366.32,4368.81,14
1788907500,2026-09-08 20:45,2026-09-08 22:45,4368.91,4369.21,4365.2,4366.36,14
1788907680,2026-09-08 20:48,2026-09-08 22:48,4366.33,4366.81,4361.48,4362.68,14
1788907860,2026-09-08 20:51,2026-09-08 22:51,4362.76,4364.51,4361.47,4361.83,14
1788908040,2026-09-08 20:54,2026-09-08 22:54,4361.9,4364.37,4360.26,4360.71,14
1788908220,2026-09-08 20:57,2026-09-08 22:57,4360.73,4363.52,4356.79,4359.43,14
1788908400,2026-09-08 21:00,2026-09-08 23:00,4359.42,4364.59,4358.58,4361.11,14
1788908580,2026-09-08 21:03,2026-09-08 23:03,4361.14,4361.68,4357.5,4357.77,17
1788908760,2026-09-08 21:06,2026-09-08 23:06,4357.87,4359.08,4356.34,4356.36,17
1788908940,2026-09-08 21:09,2026-09-08 23:09,4356.65,4359.83,4355.9,4359.74,17
1788909120,2026-09-08 21:12,2026-09-08 23:12,4359.75,4361.99,4358.69,4360.11,17
1788909300,2026-09-08 21:15,2026-09-08 23:15,4360.14,4360.98,4359.44,4360.37,17
1788909480,2026-09-08 21:18,2026-09-08 23:18,4360.37,4361.46,4359.7,4360.72,17
1788909660,2026-09-08 21:21,2026-09-08 23:21,4360.61,4361.2,4359.66,4360.13,17
1788909840,2026-09-08 21:24,2026-09-08 23:24,4360.14,4360.51,4357.51,4357.62,17
1788910020,2026-09-08 21:27,2026-09-08 23:27,4357.64,4359.08,4355.58,4356.72,17
1788910200,2026-09-08 21:30,2026-09-08 23:30,4356.94,4358.3,4356.52,4357.13,17
1788910380,2026-09-08 21:33,2026-09-08 23:33,4357.17,4358.82,4356.33,4358.75,17
1788910560,2026-09-08 21:36,2026-09-08 23:36,4358.67,4358.85,4357.24,4357.24,17
1788910740,2026-09-08 21:39,2026-09-08 23:39,4357.28,4358.36,4357.24,4357.7,17
1788910920,2026-09-08 21:42,2026-09-08 23:42,4357.72,4358.46,4357.26,4357.95,17
1788911100,2026-09-08 21:45,2026-09-08 23:45,4357.97,4358.13,4355.74,4356.25,17
1788911280,2026-09-08 21:48,2026-09-08 23:48,4356.27,4356.71,4345.49,4351.08,17
1788911460,2026-09-08 21:51,2026-09-08 23:51,4350.86,4355.76,4350.86,4355.29,17
1788911640,2026-09-08 21:54,2026-09-08 23:54,4355.08,4355.46,4352.89,4355.19,17
1788911820,2026-09-08 21:57,2026-09-08 23:57,4355.1,4356.52,4354.26,4355.54,17
1788915600,2026-09-08 23:00,2026-09-09 01:00,4360.43,4360.43,4352.95,4357.67,17
1788915780,2026-09-08 23:03,2026-09-09 01:03,4357.85,4358.7,4356.75,4357.1,17
1788915960,2026-09-08 23:06,2026-09-09 01:06,4357.19,4357.84,4352.78,4352.82,17
1788916140,2026-09-08 23:09,2026-09-09 01:09,4352.91,4355.51,4352.77,4355.17,17
1788916320,2026-09-08 23:12,2026-09-09 01:12,4355.16,4357.45,4354.9,4356.12,17
1788916500,2026-09-08 23:15,2026-09-09 01:15,4356.25,4357.87,4355.59,4355.85,14
1788916680,2026-09-08 23:18,2026-09-09 01:18,4355.78,4355.87,4354.54,4354.72,14
1788916860,2026-09-08 23:21,2026-09-09 01:21,4354.74,4354.85,4353.29,4354.26,14
1788917040,2026-09-08 23:24,2026-09-09 01:24,4354.28,4354.49,4353.41,4354.4,14
1788917220,2026-09-08 23:27,2026-09-09 01:27,4354.38,4355.8,4354.15,4354.61,14
1788917400,2026-09-08 23:30,2026-09-09 01:30,4354.84,4356.07,4354.49,4355.34,14
1788917580,2026-09-08 23:33,2026-09-09 01:33,4355.32,4355.57,4354.27,4354.99,14
1788917760,2026-09-08 23:36,2026-09-09 01:36,4355.01,4355.76,4353.11,4353.56,14
1788917940,2026-09-08 23:39,2026-09-09 01:39,4353.57,4354.1,4351.64,4352.05,14
1788918120,2026-09-08 23:42,2026-09-09 01:42,4352.04,4352.77,4350.49,4351.77,14
1788918300,2026-09-08 23:45,2026-09-09 01:45,4351.81,4352.89,4351.17,4351.65,14
1788918480,2026-09-08 23:48,2026-09-09 01:48,4351.73,4353.55,4350.9,4353.15,14
1788918660,2026-09-08 23:51,2026-09-09 01:51,4353.14,4353.74,4352.95,4353.52,14
1788918840,2026-09-08 23:54,2026-09-09 01:54,4353.43,4353.68,4353.03,4353.46,14
1788919020,2026-09-08 23:57,2026-09-09 01:57,4353.47,4354.54,4352.73,4354.16,14
1788919200,2026-09-09 00:00,2026-09-09 02:00,4354.24,4355.2,4352.88,4354.15,14
1788919380,2026-09-09 00:03,2026-09-09 02:03,4354.14,4354.49,4352.9,4353.39,14
1788919560,2026-09-09 00:06,2026-09-09 02:06,4353.41,4354.35,4352.97,4353.92,14
1788919740,2026-09-09 00:09,2026-09-09 02:09,4353.9,4354.74,4352.49,4353.13,14
1788919920,2026-09-09 00:12,2026-09-09 02:12,4353.23,4353.48,4351.84,4352.47,14
1788920100,2026-09-09 00:15,2026-09-09 02:15,4352.49,4353.31,4351.87,4353.3,14
1788920280,2026-09-09 00:18,2026-09-09 02:18,4353.32,4353.85,4352.33,4353.48,14
1788920460,2026-09-09 00:21,2026-09-09 02:21,4353.45,4354.54,4353.12,4354.05,14
1788920640,2026-09-09 00:24,2026-09-09 02:24,4354.18,4355.92,4353.65,4355.88,14
1788920820,2026-09-09 00:27,2026-09-09 02:27,4356.06,4357.73,4355.94,4357.53,14
1788921000,2026-09-09 00:30,2026-09-09 02:30,4357.51,4360.0,4356.95,4359.9,14
1788921180,2026-09-09 00:33,2026-09-09 02:33,4359.91,4360.03,4358.01,4358.01,14
1788921360,2026-09-09 00:36,2026-09-09 02:36,4358.07,4358.2,4356.82,4356.9,14
1788921540,2026-09-09 00:39,2026-09-09 02:39,4356.81,4359.1,4356.73,4358.89,14
1788921720,2026-09-09 00:42,2026-09-09 02:42,4358.8,4359.15,4358.05,4358.7,14
1788921900,2026-09-09 00:45,2026-09-09 02:45,4358.69,4358.69,4355.25,4356.84,14
1788922080,2026-09-09 00:48,2026-09-09 02:48,4356.82,4357.35,4352.54,4352.76,14
1788922260,2026-09-09 00:51,2026-09-09 02:51,4352.81,4353.26,4350.28,4350.71,14
1788922440,2026-09-09 00:54,2026-09-09 02:54,4350.69,4352.94,4350.26,4351.4,14
1788922620,2026-09-09 00:57,2026-09-09 02:57,4351.32,4352.1,4349.46,4350.2,14
1788922800,2026-09-09 01:00,2026-09-09 03:00,4350.21,4350.81,4346.39,4349.45,14
1788922980,2026-09-09 01:03,2026-09-09 03:03,4349.74,4352.69,4348.06,4348.06,14
1788923160,2026-09-09 01:06,2026-09-09 03:06,4348.04,4349.61,4344.56,4348.38,14
1788923340,2026-09-09 01:09,2026-09-09 03:09,4348.42,4352.69,4346.91,4352.1,14
1788923520,2026-09-09 01:12,2026-09-09 03:12,4352.27,4352.72,4349.71,4349.8,14
1788923700,2026-09-09 01:15,2026-09-09 03:15,4349.75,4350.41,4344.6,4345.79,14
1788923880,2026-09-09 01:18,2026-09-09 03:18,4345.79,4348.65,4345.77,4346.97,14
1788924060,2026-09-09 01:21,2026-09-09 03:21,4347.03,4347.31,4342.78,4343.8,14
1788924240,2026-09-09 01:24,2026-09-09 03:24,4343.82,4344.99,4341.24,4343.23,14
1788924420,2026-09-09 01:27,2026-09-09 03:27,4343.24,4347.76,4341.96,4346.99,14
1788924600,2026-09-09 01:30,2026-09-09 03:30,4347.01,4348.1,4345.95,4346.69,14
1788924780,2026-09-09 01:33,2026-09-09 03:33,4346.51,4348.05,4345.47,4345.79,14
1788924960,2026-09-09 01:36,2026-09-09 03:36,4345.8,4347.1,4343.63,4346.93,14
1788925140,2026-09-09 01:39,2026-09-09 03:39,4346.95,4350.44,4346.37,4348.79,14
1788925320,2026-09-09 01:42,2026-09-09 03:42,4348.77,4355.13,4348.09,4355.1,14
1788925500,2026-09-09 01:45,2026-09-09 03:45,4354.96,4356.91,4352.73,4355.48,14
1788925680,2026-09-09 01:48,2026-09-09 03:48,4355.43,4357.67,4354.04,4355.82,14
1788925860,2026-09-09 01:51,2026-09-09 03:51,4355.84,4360.9,4354.73,4360.67,14
1788926040,2026-09-09 01:54,2026-09-09 03:54,4360.68,4360.68,4358.73,4359.38,14
1788926220,2026-09-09 01:57,2026-09-09 03:57,4359.04,4365.39,4358.93,4364.58,14
1788926400,2026-09-09 02:00,2026-09-09 04:00,4364.59,4364.66,4353.92,4356.9,14
1788926580,2026-09-09 02:03,2026-09-09 04:03,4356.8,4359.6,4354.07,4358.52,14
1788926760,2026-09-09 02:06,2026-09-09 04:06,4358.57,4367.1,4358.17,4364.71,14
1788926940,2026-09-09 02:09,2026-09-09 04:09,4364.53,4368.23,4364.3,4366.21,14
1788927120,2026-09-09 02:12,2026-09-09 04:12,4366.22,4368.65,4366.18,4368.12,14
1788927300,2026-09-09 02:15,2026-09-09 04:15,4368.04,4369.14,4362.69,4364.32,14
1788927480,2026-09-09 02:18,2026-09-09 04:18,4364.31,4366.78,4364.11,4365.91,14
1788927660,2026-09-09 02:21,2026-09-09 04:21,4365.93,4367.84,4365.12,4367.19,14
1788927840,2026-09-09 02:24,2026-09-09 04:24,4367.16,4370.7,4367.07,4368.92,14
1788928020,2026-09-09 02:27,2026-09-09 04:27,4368.97,4373.21,4368.14,4371.26,14
1788928200,2026-09-09 02:30,2026-09-09 04:30,4371.17,4374.0,4370.29,4373.76,14
1788928380,2026-09-09 02:33,2026-09-09 04:33,4373.89,4377.21,4373.48,4376.43,14
1788928560,2026-09-09 02:36,2026-09-09 04:36,4376.65,4378.03,4374.28,4374.76,14
1788928740,2026-09-09 02:39,2026-09-09 04:39,4374.77,4376.7,4374.41,4376.23,14
1788928920,2026-09-09 02:42,2026-09-09 04:42,4376.21,4378.16,4374.59,4376.46,14
1788929100,2026-09-09 02:45,2026-09-09 04:45,4376.48,4378.2,4374.28,4375.32,14
1788929280,2026-09-09 02:48,2026-09-09 04:48,4375.31,4376.08,4373.02,4374.97,14
1788929460,2026-09-09 02:51,2026-09-09 04:51,4374.83,4375.1,4371.87,4373.46,14
1788929640,2026-09-09 02:54,2026-09-09 04:54,4373.59,4376.06,4372.51,4375.96,14
1788929820,2026-09-09 02:57,2026-09-09 04:57,4376.17,4376.24,4370.82,4373.62,14
1788930000,2026-09-09 03:00,2026-09-09 05:00,4373.64,4373.9,4371.05,4371.38,14
1788930180,2026-09-09 03:03,2026-09-09 05:03,4371.51,4373.73,4370.96,4370.96,14
1788930360,2026-09-09 03:06,2026-09-09 05:06,4371.09,4373.98,4370.75,4373.09,14
1788930540,2026-09-09 03:09,2026-09-09 05:09,4373.07,4375.8,4373.07,4374.46,14
1788930720,2026-09-09 03:12,2026-09-09 05:12,4374.38,4375.37,4372.63,4373.52,14
1788930900,2026-09-09 03:15,2026-09-09 05:15,4373.5,4374.87,4373.17,4374.61,14
1788931080,2026-09-09 03:18,2026-09-09 05:18,4374.62,4377.0,4373.76,4374.07,14
1788931260,2026-09-09 03:21,2026-09-09 05:21,4374.22,4375.05,4372.22,4372.53,14
1788931440,2026-09-09 03:24,2026-09-09 05:24,4372.61,4373.14,4371.42,4372.71,14
1788931620,2026-09-09 03:27,2026-09-09 05:27,4372.79,4373.12,4371.84,4373.1,14
1788931800,2026-09-09 03:30,2026-09-09 05:30,4373.07,4373.79,4370.58,4370.97,14
1788931980,2026-09-09 03:33,2026-09-09 05:33,4371.06,4371.06,4367.64,4367.81,14
1788932160,2026-09-09 03:36,2026-09-09 05:36,4367.75,4371.1,4367.15,4370.97,14
1788932340,2026-09-09 03:39,2026-09-09 05:39,4370.96,4371.05,4367.76,4370.49,14
1788932520,2026-09-09 03:42,2026-09-09 05:42,4370.77,4374.66,4369.71,4374.4,14
1788932700,2026-09-09 03:45,2026-09-09 05:45,4374.39,4378.0,4373.23,4376.58,14
1788932880,2026-09-09 03:48,2026-09-09 05:48,4376.63,4378.67,4375.19,4376.58,14
1788933060,2026-09-09 03:51,2026-09-09 05:51,4376.6,4384.9,4376.07,4382.1,14
1788933240,2026-09-09 03:54,2026-09-09 05:54,4382.07,4382.71,4379.8,4382.33,14
1788933420,2026-09-09 03:57,2026-09-09 05:57,4382.27,4382.86,4380.18,4382.31,14
1788933600,2026-09-09 04:00,2026-09-09 06:00,4382.32,4382.81,4378.48,4379.95,14
1788933780,2026-09-09 04:03,2026-09-09 06:03,4379.96,4380.61,4379.22,4379.95,14
1788933960,2026-09-09 04:06,2026-09-09 06:06,4379.97,4382.39,4378.93,4379.18,14
1788934140,2026-09-09 04:09,2026-09-09 06:09,4379.19,4380.53,4378.11,4380.16,14
1788934320,2026-09-09 04:12,2026-09-09 06:12,4380.15,4380.9,4378.56,4379.01,14
1788934500,2026-09-09 04:15,2026-09-09 06:15,4379.12,4379.17,4375.67,4376.88,14
1788934680,2026-09-09 04:18,2026-09-09 06:18,4376.86,4378.49,4376.27,4378.48,14
1788934860,2026-09-09 04:21,2026-09-09 06:21,4378.42,4378.66,4376.96,4378.04,14
1788935040,2026-09-09 04:24,2026-09-09 06:24,4378.01,4379.48,4375.75,4376.28,14
1788935220,2026-09-09 04:27,2026-09-09 06:27,4376.2,4378.56,4375.51,4378.06,14
1788935400,2026-09-09 04:30,2026-09-09 06:30,4378.07,4378.37,4375.43,4376.74,14
1788935580,2026-09-09 04:33,2026-09-09 06:33,4376.77,4377.02,4375.38,4376.84,14
1788935760,2026-09-09 04:36,2026-09-09 06:36,4376.82,4377.58,4376.37,4376.96,14
1788935940,2026-09-09 04:39,2026-09-09 06:39,4377.25,4380.12,4377.08,4380.09,14
1788936120,2026-09-09 04:42,2026-09-09 06:42,4380.11,4380.11,4377.46,4378.65,14
1788936300,2026-09-09 04:45,2026-09-09 06:45,4378.64,4379.06,4377.64,4378.09,14
1788936480,2026-09-09 04:48,2026-09-09 06:48,4378.11,4379.34,4377.16,4378.29,14
1788936660,2026-09-09 04:51,2026-09-09 06:51,4378.22,4378.27,4376.08,4377.43,14
1788936840,2026-09-09 04:54,2026-09-09 06:54,4377.46,4378.46,4376.81,4376.94,14
1788937020,2026-09-09 04:57,2026-09-09 06:57,4376.95,4377.79,4375.16,4375.34,14
1788937200,2026-09-09 05:00,2026-09-09 07:00,4375.33,4376.42,4374.68,4375.28,14
1788937380,2026-09-09 05:03,2026-09-09 07:03,4375.32,4375.52,4373.65,4373.94,14
1788937560,2026-09-09 05:06,2026-09-09 07:06,4373.95,4374.25,4371.88,4372.75,14
1788937740,2026-09-09 05:09,2026-09-09 07:09,4372.79,4373.01,4370.62,4372.57,14
1788937920,2026-09-09 05:12,2026-09-09 07:12,4372.55,4373.82,4372.14,4373.44,14
1788938100,2026-09-09 05:15,2026-09-09 07:15,4373.47,4374.63,4372.41,4372.95,14
1788938280,2026-09-09 05:18,2026-09-09 07:18,4373.04,4374.45,4372.43,4373.47,14
1788938460,2026-09-09 05:21,2026-09-09 07:21,4373.46,4376.15,4372.92,4376.13,14
1788938640,2026-09-09 05:24,2026-09-09 07:24,4376.16,4378.2,4376.04,4377.46,14
1788938820,2026-09-09 05:27,2026-09-09 07:27,4377.47,4380.64,4377.47,4380.19,14
1788939000,2026-09-09 05:30,2026-09-09 07:30,4380.16,4380.21,4378.19,4379.84,14
1788939180,2026-09-09 05:33,2026-09-09 07:33,4379.83,4380.27,4378.1,4378.73,14
1788939360,2026-09-09 05:36,2026-09-09 07:36,4378.76,4380.14,4378.6,4378.69,14
1788939540,2026-09-09 05:39,2026-09-09 07:39,4378.69,4379.04,4376.37,4376.57,14
1788939720,2026-09-09 05:42,2026-09-09 07:42,4376.43,4378.7,4376.3,4378.05,14
1788939900,2026-09-09 05:45,2026-09-09 07:45,4378.06,4379.77,4377.95,4379.3,14
1788940080,2026-09-09 05:48,2026-09-09 07:48,4379.4,4380.05,4377.86,4377.86,14
1788940260,2026-09-09 05:51,2026-09-09 07:51,4377.91,4381.19,4377.57,4380.88,14
1788940440,2026-09-09 05:54,2026-09-09 07:54,4380.86,4382.12,4380.21,4382.05,14
1788940620,2026-09-09 05:57,2026-09-09 07:57,4382.13,4382.52,4380.45,4381.61,14
1788940800,2026-09-09 06:00,2026-09-09 08:00,4381.58,4384.28,4380.59,4383.18,14
1788940980,2026-09-09 06:03,2026-09-09 08:03,4383.17,4383.39,4380.33,4382.41,14
1788941160,2026-09-09 06:06,2026-09-09 08:06,4382.42,4385.19,4382.33,4384.45,14
1788941340,2026-09-09 06:09,2026-09-09 08:09,4384.49,4386.47,4383.94,4385.88,14
1788941520,2026-09-09 06:12,2026-09-09 08:12,4385.91,4388.16,4385.64,4387.89,14
1788941700,2026-09-09 06:15,2026-09-09 08:15,4387.79,4388.42,4386.57,4387.43,14
1788941880,2026-09-09 06:18,2026-09-09 08:18,4387.44,4388.56,4386.71,4386.96,14
1788942060,2026-09-09 06:21,2026-09-09 08:21,4387.05,4387.05,4383.2,4383.87,14
1788942240,2026-09-09 06:24,2026-09-09 08:24,4383.89,4388.13,4383.85,4387.71,14
1788942420,2026-09-09 06:27,2026-09-09 08:27,4387.69,4388.58,4385.37,4385.4,14
1788942600,2026-09-09 06:30,2026-09-09 08:30,4385.54,4389.15,4384.81,4386.36,14
1788942780,2026-09-09 06:33,2026-09-09 08:33,4386.7,4388.4,4384.23,4388.4,14
1788942960,2026-09-09 06:36,2026-09-09 08:36,4388.45,4392.44,4388.03,4391.21,14
1788943140,2026-09-09 06:39,2026-09-09 08:39,4391.2,4393.8,4391.2,4393.38,14
1788943320,2026-09-09 06:42,2026-09-09 08:42,4393.34,4395.54,4391.53,4395.38,14
1788943500,2026-09-09 06:45,2026-09-09 08:45,4395.4,4395.9,4392.55,4395.55,14
1788943680,2026-09-09 06:48,2026-09-09 08:48,4395.64,4397.42,4395.5,4397.21,14
1788943860,2026-09-09 06:51,2026-09-09 08:51,4397.28,4400.4,4396.94,4398.58,14
1788944040,2026-09-09 06:54,2026-09-09 08:54,4398.48,4401.01,4398.4,4400.01,14
1788944220,2026-09-09 06:57,2026-09-09 08:57,4399.63,4400.35,4398.46,4398.82,14
1788944400,2026-09-09 07:00,2026-09-09 09:00,4398.84,4400.16,4398.17,4398.82,14
1788944580,2026-09-09 07:03,2026-09-09 09:03,4398.85,4405.25,4398.36,4404.65,14
1788944760,2026-09-09 07:06,2026-09-09 09:06,4404.71,4404.87,4399.83,4400.34,14
1788944940,2026-09-09 07:09,2026-09-09 09:09,4400.31,4400.96,4398.87,4400.14,14
1788945120,2026-09-09 07:12,2026-09-09 09:12,4400.15,4402.11,4399.26,4401.49,14
1788945300,2026-09-09 07:15,2026-09-09 09:15,4401.48,4403.29,4399.71,4400.1,14
1788945480,2026-09-09 07:18,2026-09-09 09:18,4400.12,4401.85,4399.11,4399.88,14
1788945660,2026-09-09 07:21,2026-09-09 09:21,4399.9,4400.68,4397.18,4400.29,14
1788945840,2026-09-09 07:24,2026-09-09 09:24,4400.33,4400.57,4396.87,4397.16,14
1788946020,2026-09-09 07:27,2026-09-09 09:27,4397.23,4399.12,4395.4,4398.2,14
1788946200,2026-09-09 07:30,2026-09-09 09:30,4398.17,4401.22,4397.05,4400.09,14
1788946380,2026-09-09 07:33,2026-09-09 09:33,4400.12,4403.5,4399.69,4402.68,14
1788946560,2026-09-09 07:36,2026-09-09 09:36,4402.7,4406.16,4402.37,4405.69,14
1788946740,2026-09-09 07:39,2026-09-09 09:39,4405.63,4405.85,4402.02,4402.46,14
1788946920,2026-09-09 07:42,2026-09-09 09:42,4402.43,4402.6,4399.71,4400.52,14
1788947100,2026-09-09 07:45,2026-09-09 09:45,4400.48,4400.63,4398.76,4399.04,14
1788947280,2026-09-09 07:48,2026-09-09 09:48,4399.02,4401.85,4398.77,4400.49,14
1788947460,2026-09-09 07:51,2026-09-09 09:51,4400.4,4401.47,4399.66,4400.26,14
1788947640,2026-09-09 07:54,2026-09-09 09:54,4400.19,4401.68,4399.97,4400.57,14
1788947820,2026-09-09 07:57,2026-09-09 09:57,4400.52,4401.14,4399.72,4400.68,14
1788948000,2026-09-09 08:00,2026-09-09 10:00,4400.71,4401.85,4399.28,4401.54,14
1788948180,2026-09-09 08:03,2026-09-09 10:03,4401.56,4404.11,4401.01,4403.54,14
1788948360,2026-09-09 08:06,2026-09-09 10:06,4403.53,4404.56,4402.6,4403.52,14
1788948540,2026-09-09 08:09,2026-09-09 10:09,4403.49,4404.66,4403.18,4403.7,14
1788948720,2026-09-09 08:12,2026-09-09 10:12,4403.68,4407.99,4403.49,4406.55,14
1788948900,2026-09-09 08:15,2026-09-09 10:15,4406.34,4406.83,4404.32,4404.72,14
1788949080,2026-09-09 08:18,2026-09-09 10:18,4404.89,4405.8,4403.16,4405.26,14
1788949260,2026-09-09 08:21,2026-09-09 10:21,4405.33,4407.88,4405.11,4406.0,14
1788949440,2026-09-09 08:24,2026-09-09 10:24,4406.01,4406.4,4405.12,4406.24,14
1788949620,2026-09-09 08:27,2026-09-09 10:27,4406.31,4408.83,4406.31,4407.64,14
1788949800,2026-09-09 08:30,2026-09-09 10:30,4407.62,4408.85,4406.54,4407.23,14
1788949980,2026-09-09 08:33,2026-09-09 10:33,4407.27,4408.06,4406.49,4407.78,14
1788950160,2026-09-09 08:36,2026-09-09 10:36,4407.8,4410.19,4407.76,4408.32,14
1788950340,2026-09-09 08:39,2026-09-09 10:39,4408.34,4410.47,4408.22,4409.42,14
1788950520,2026-09-09 08:42,2026-09-09 10:42,4409.44,4410.58,4408.53,4410.23,14
1788950700,2026-09-09 08:45,2026-09-09 10:45,4410.41,4412.81,4409.5,4411.51,14
1788950880,2026-09-09 08:48,2026-09-09 10:48,4411.53,4412.37,4409.37,4409.82,14
1788951060,2026-09-09 08:51,2026-09-09 10:51,4409.77,4411.59,4408.97,4409.42,14
1788951240,2026-09-09 08:54,2026-09-09 10:54,4409.58,4410.22,4408.36,4409.8,14
1788951420,2026-09-09 08:57,2026-09-09 10:57,4409.78,4410.31,4408.51,4409.16,14
1788951600,2026-09-09 09:00,2026-09-09 11:00,4409.16,4409.8,4407.86,4408.14,14
1788951780,2026-09-09 09:03,2026-09-09 11:03,4408.31,4411.17,4406.92,4410.72,14
1788951960,2026-09-09 09:06,2026-09-09 11:06,4410.71,4412.14,4409.16,4409.64,14
1788952140,2026-09-09 09:09,2026-09-09 11:09,4409.54,4409.59,4404.59,4406.28,14
1788952320,2026-09-09 09:12,2026-09-09 11:12,4406.29,4406.67,4404.0,4404.13,14
1788952500,2026-09-09 09:15,2026-09-09 11:15,4404.17,4405.1,4402.68,4402.73,14
1788952680,2026-09-09 09:18,2026-09-09 11:18,4402.82,4403.99,4402.15,4403.18,14
1788952860,2026-09-09 09:21,2026-09-09 11:21,4403.25,4403.69,4401.45,4401.51,14
1788953040,2026-09-09 09:24,2026-09-09 11:24,4401.57,4402.51,4400.82,4401.59,14
1788953220,2026-09-09 09:27,2026-09-09 11:27,4401.58,4402.47,4399.68,4399.85,14
1788953400,2026-09-09 09:30,2026-09-09 11:30,4399.99,4402.3,4399.77,4401.92,14
1788953580,2026-09-09 09:33,2026-09-09 11:33,4401.9,4403.41,4401.36,4401.96,14
1788953760,2026-09-09 09:36,2026-09-09 11:36,4402.11,4402.35,4400.59,4400.99,14
1788953940,2026-09-09 09:39,2026-09-09 11:39,4400.92,4401.97,4399.3,4401.68,14
1788954120,2026-09-09 09:42,2026-09-09 11:42,4401.62,4402.13,4399.86,4400.06,14
1788954300,2026-09-09 09:45,2026-09-09 11:45,4400.14,4401.95,4399.01,4401.41,14
1788954480,2026-09-09 09:48,2026-09-09 11:48,4401.34,4402.12,4399.52,4400.13,14
1788954660,2026-09-09 09:51,2026-09-09 11:51,4400.17,4401.64,4399.72,4401.45,14
1788954840,2026-09-09 09:54,2026-09-09 11:54,4401.41,4403.41,4401.04,4402.89,14
1788955020,2026-09-09 09:57,2026-09-09 11:57,4402.9,4402.9,4400.3,4400.77,14
1788955200,2026-09-09 10:00,2026-09-09 12:00,4400.77,4402.0,4400.09,4401.15,14
1788955380,2026-09-09 10:03,2026-09-09 12:03,4401.13,4402.21,4399.41,4399.89,14
1788955560,2026-09-09 10:06,2026-09-09 12:06,4399.88,4402.24,4399.17,4400.54,14
1788955740,2026-09-09 10:09,2026-09-09 12:09,4400.76,4401.89,4398.6,4399.1,14
1788955920,2026-09-09 10:12,2026-09-09 12:12,4398.88,4399.54,4397.94,4398.53,14
1788956100,2026-09-09 10:15,2026-09-09 12:15,4398.5,4398.9,4397.6,4397.98,14
1788956280,2026-09-09 10:18,2026-09-09 12:18,4397.93,4400.17,4397.84,4398.99,14
1788956460,2026-09-09 10:21,2026-09-09 12:21,4399.03,4400.2,4398.2,4398.62,14
1788956640,2026-09-09 10:24,2026-09-09 12:24,4398.66,4398.88,4397.31,4398.36,14
1788956820,2026-09-09 10:27,2026-09-09 12:27,4398.38,4399.31,4397.14,4398.33,14
1788957000,2026-09-09 10:30,2026-09-09 12:30,4398.19,4398.66,4395.64,4397.66,14
1788957180,2026-09-09 10:33,2026-09-09 12:33,4397.63,4398.4,4397.2,4397.62,14
1788957360,2026-09-09 10:36,2026-09-09 12:36,4397.61,4398.58,4397.33,4398.42,14
1788957540,2026-09-09 10:39,2026-09-09 12:39,4398.43,4398.62,4396.35,4396.58,14
1788957720,2026-09-09 10:42,2026-09-09 12:42,4396.57,4396.99,4395.45,4396.41,14
1788957900,2026-09-09 10:45,2026-09-09 12:45,4396.4,4396.4,4394.0,4394.89,14
1788958080,2026-09-09 10:48,2026-09-09 12:48,4394.89,4395.43,4392.95,4393.13,14
1788958260,2026-09-09 10:51,2026-09-09 12:51,4393.13,4394.18,4392.19,4393.23,14
1788958440,2026-09-09 10:54,2026-09-09 12:54,4393.22,4393.23,4389.15,4389.79,14
1788958620,2026-09-09 10:57,2026-09-09 12:57,4389.8,4391.18,4388.81,4390.96,14
1788958800,2026-09-09 11:00,2026-09-09 13:00,4390.93,4391.57,4386.61,4389.24,14
1788958980,2026-09-09 11:03,2026-09-09 13:03,4389.21,4391.89,4389.0,4391.61,14
1788959160,2026-09-09 11:06,2026-09-09 13:06,4391.6,4393.24,4391.12,4393.06,14
1788959340,2026-09-09 11:09,2026-09-09 13:09,4393.02,4393.24,4391.47,4392.81,14
1788959520,2026-09-09 11:12,2026-09-09 13:12,4392.82,4393.28,4390.15,4391.35,14
1788959700,2026-09-09 11:15,2026-09-09 13:15,4391.29,4392.05,4389.49,4391.05,14
1788959880,2026-09-09 11:18,2026-09-09 13:18,4391.04,4396.17,4390.64,4395.4,14
1788960060,2026-09-09 11:21,2026-09-09 13:21,4395.41,4395.52,4393.96,4394.74,14
1788960240,2026-09-09 11:24,2026-09-09 13:24,4394.73,4395.7,4393.93,4395.47,14
1788960420,2026-09-09 11:27,2026-09-09 13:27,4395.46,4395.46,4392.95,4394.35,14
1788960600,2026-09-09 11:30,2026-09-09 13:30,4394.37,4395.97,4393.35,4395.3,14
1788960780,2026-09-09 11:33,2026-09-09 13:33,4395.31,4397.41,4395.26,4396.87,14
1788960960,2026-09-09 11:36,2026-09-09 13:36,4396.85,4399.27,4396.15,4398.55,14
1788961140,2026-09-09 11:39,2026-09-09 13:39,4398.77,4399.16,4395.84,4396.2,14
1788961320,2026-09-09 11:42,2026-09-09 13:42,4396.21,4396.28,4394.3,4394.83,14
1788961500,2026-09-09 11:45,2026-09-09 13:45,4394.76,4397.08,4394.63,4396.98,14
1788961680,2026-09-09 11:48,2026-09-09 13:48,4396.95,4400.15,4396.94,4399.39,14
1788961860,2026-09-09 11:51,2026-09-09 13:51,4399.4,4402.0,4398.17,4401.07,14
1788962040,2026-09-09 11:54,2026-09-09 13:54,4401.06,4403.22,4400.61,4401.09,14
1788962220,2026-09-09 11:57,2026-09-09 13:57,4401.11,4402.02,4399.6,4399.71,14
1788962400,2026-09-09 12:00,2026-09-09 14:00,4399.78,4403.46,4399.78,4402.13,14
1788962580,2026-09-09 12:03,2026-09-09 14:03,4402.12,4403.81,4401.44,4403.43,14
1788962760,2026-09-09 12:06,2026-09-09 14:06,4403.4,4403.77,4401.91,4402.89,15
1788962940,2026-09-09 12:09,2026-09-09 14:09,4403.1,4404.61,4402.92,4403.83,14
1788963120,2026-09-09 12:12,2026-09-09 14:12,4403.89,4404.52,4402.5,4403.58,14
1788963300,2026-09-09 12:15,2026-09-09 14:15,4403.56,4403.8,4401.39,4402.82,14
1788963480,2026-09-09 12:18,2026-09-09 14:18,4402.91,4404.66,4402.78,4403.11,14
1788963660,2026-09-09 12:21,2026-09-09 14:21,4403.1,4405.01,4402.21,4404.88,14
1788963840,2026-09-09 12:24,2026-09-09 14:24,4404.72,4408.41,4404.63,4407.94,14
1788964020,2026-09-09 12:27,2026-09-09 14:27,4408.03,4409.07,4407.33,4408.38,14
1788964200,2026-09-09 12:30,2026-09-09 14:30,4408.36,4408.61,4405.8,4406.95,14
1788964380,2026-09-09 12:33,2026-09-09 14:33,4406.96,4407.93,4403.78,4404.6,14
1788964560,2026-09-09 12:36,2026-09-09 14:36,4404.63,4405.41,4403.41,4404.69,14
1788964740,2026-09-09 12:39,2026-09-09 14:39,4404.55,4406.12,4403.83,4405.35,14
1788964920,2026-09-09 12:42,2026-09-09 14:42,4405.33,4407.04,4405.19,4405.63,14
1788965100,2026-09-09 12:45,2026-09-09 14:45,4405.66,4406.62,4403.52,4404.25,14
1788965280,2026-09-09 12:48,2026-09-09 14:48,4404.23,4415.24,4403.81,4413.23,14
1788965460,2026-09-09 12:51,2026-09-09 14:51,4413.27,4413.29,4408.82,4409.26,14
1788965640,2026-09-09 12:54,2026-09-09 14:54,4409.17,4409.35,4405.87,4407.33,14
1788965820,2026-09-09 12:57,2026-09-09 14:57,4407.45,4408.76,4406.44,4407.4,14
1788966000,2026-09-09 13:00,2026-09-09 15:00,4407.37,4409.52,4405.98,4406.26,14
1788966180,2026-09-09 13:03,2026-09-09 15:03,4406.27,4407.27,4403.47,4403.6,14
1788966360,2026-09-09 13:06,2026-09-09 15:06,4403.66,4404.8,4400.94,4402.07,14
1788966540,2026-09-09 13:09,2026-09-09 15:09,4402.27,4405.03,4400.97,4403.42,14
1788966720,2026-09-09 13:12,2026-09-09 15:12,4403.46,4403.62,4399.28,4399.55,14
1788966900,2026-09-09 13:15,2026-09-09 15:15,4399.5,4400.61,4397.38,4397.93,14
1788967080,2026-09-09 13:18,2026-09-09 15:18,4397.88,4400.67,4394.98,4400.56,14
1788967260,2026-09-09 13:21,2026-09-09 15:21,4400.6,4400.6,4396.36,4396.97,14
1788967440,2026-09-09 13:24,2026-09-09 15:24,4396.74,4397.38,4394.43,4395.13,14
1788967620,2026-09-09 13:27,2026-09-09 15:27,4395.24,4396.86,4393.76,4394.22,14
1788967800,2026-09-09 13:30,2026-09-09 15:30,4394.16,4395.68,4392.15,4395.38,14
1788967980,2026-09-09 13:33,2026-09-09 15:33,4395.29,4397.78,4395.05,4395.97,14
1788968160,2026-09-09 13:36,2026-09-09 15:36,4395.92,4397.89,4392.89,4393.43,14
1788968340,2026-09-09 13:39,2026-09-09 15:39,4393.42,4393.98,4391.04,4393.11,14
1788968520,2026-09-09 13:42,2026-09-09 15:42,4392.99,4395.77,4391.55,4395.64,14
1788968700,2026-09-09 13:45,2026-09-09 15:45,4395.62,4399.91,4395.48,4398.79,14
1788968880,2026-09-09 13:48,2026-09-09 15:48,4398.75,4399.4,4396.36,4397.04,14
1788969060,2026-09-09 13:51,2026-09-09 15:51,4397.11,4398.67,4395.99,4396.87,14
1788969240,2026-09-09 13:54,2026-09-09 15:54,4396.9,4400.24,4396.38,4400.11,14
1788969420,2026-09-09 13:57,2026-09-09 15:57,4400.13,4402.25,4399.66,4400.11,14
1788969600,2026-09-09 14:00,2026-09-09 16:00,4400.12,4407.15,4398.52,4406.89,14
1788969780,2026-09-09 14:03,2026-09-09 16:03,4406.98,4408.79,4404.29,4408.26,14
1788969960,2026-09-09 14:06,2026-09-09 16:06,4408.27,4410.55,4407.33,4408.06,14
1788970140,2026-09-09 14:09,2026-09-09 16:09,4408.18,4413.76,4408.18,4411.02,14
1788970320,2026-09-09 14:12,2026-09-09 16:12,4410.98,4413.37,4409.98,4413.01,14
1788970500,2026-09-09 14:15,2026-09-09 16:15,4412.94,4413.98,4410.68,4412.34,14
1788970680,2026-09-09 14:18,2026-09-09 16:18,4412.31,4417.92,4411.95,4417.51,14
1788970860,2026-09-09 14:21,2026-09-09 16:21,4417.56,4423.24,4416.27,4422.9,14
1788971040,2026-09-09 14:24,2026-09-09 16:24,4422.92,4429.81,4422.67,4426.65,14
1788971220,2026-09-09 14:27,2026-09-09 16:27,4426.67,4430.36,4426.08,4429.7,14
1788971400,2026-09-09 14:30,2026-09-09 16:30,4429.56,4434.12,4428.01,4429.58,14
1788971580,2026-09-09 14:33,2026-09-09 16:33,4429.71,4432.95,4427.37,4427.81,14
1788971760,2026-09-09 14:36,2026-09-09 16:36,4427.69,4428.34,4423.0,4425.95,14
1788971940,2026-09-09 14:39,2026-09-09 16:39,4425.96,4426.35,4418.07,4418.33,14
1788972120,2026-09-09 14:42,2026-09-09 16:42,4418.31,4418.68,4412.93,4417.45,15
1788972300,2026-09-09 14:45,2026-09-09 16:45,4417.43,4420.41,4415.98,4419.05,14
1788972480,2026-09-09 14:48,2026-09-09 16:48,4419.07,4423.74,4416.71,4421.61,14
1788972660,2026-09-09 14:51,2026-09-09 16:51,4421.48,4422.95,4417.39,4418.32,14
1788972840,2026-09-09 14:54,2026-09-09 16:54,4418.35,4418.88,4411.44,4412.57,14
1788973020,2026-09-09 14:57,2026-09-09 16:57,4412.5,4415.8,4410.98,4415.14,14
1788973200,2026-09-09 15:00,2026-09-09 17:00,4414.94,4420.85,4414.47,4420.73,14
1788973380,2026-09-09 15:03,2026-09-09 17:03,4420.72,4428.53,4419.97,4425.56,14
1788973560,2026-09-09 15:06,2026-09-09 17:06,4425.46,4425.99,4421.68,4422.29,14
1788973740,2026-09-09 15:09,2026-09-09 17:09,4422.6,4423.03,4420.23,4421.25,14
1788973920,2026-09-09 15:12,2026-09-09 17:12,4421.66,4423.63,4417.88,4423.31,14
1788974100,2026-09-09 15:15,2026-09-09 17:15,4423.32,4423.37,4415.03,4418.83,14
1788974280,2026-09-09 15:18,2026-09-09 17:18,4418.85,4418.85,4413.91,4414.7,14
1788974460,2026-09-09 15:21,2026-09-09 17:21,4414.67,4415.85,4412.97,4415.02,14
1788974640,2026-09-09 15:24,2026-09-09 17:24,4415.03,4420.03,4409.92,4419.57,14
1788974820,2026-09-09 15:27,2026-09-09 17:27,4419.37,4426.03,4419.36,4425.7,14
1788975000,2026-09-09 15:30,2026-09-09 17:30,4425.66,4425.81,4420.98,4422.34,14
1788975180,2026-09-09 15:33,2026-09-09 17:33,4422.29,4425.48,4420.49,4424.77,14
1788975360,2026-09-09 15:36,2026-09-09 17:36,4424.61,4425.26,4422.85,4423.75,14
1788975540,2026-09-09 15:39,2026-09-09 17:39,4423.76,4427.05,4423.14,4423.81,14
1788975720,2026-09-09 15:42,2026-09-09 17:42,4423.68,4424.08,4418.62,4418.92,14
1788975900,2026-09-09 15:45,2026-09-09 17:45,4418.94,4422.31,4417.98,4422.31,14
1788976080,2026-09-09 15:48,2026-09-09 17:48,4422.32,4422.88,4419.79,4422.02,14
1788976260,2026-09-09 15:51,2026-09-09 17:51,4422.03,4423.51,4419.82,4420.28,14
1788976440,2026-09-09 15:54,2026-09-09 17:54,4420.2,4421.6,4415.84,4416.43,14
1788976620,2026-09-09 15:57,2026-09-09 17:57,4416.46,4418.78,4414.97,4418.62,14
1788976800,2026-09-09 16:00,2026-09-09 18:00,4418.82,4432.12,4400.01,4400.15,14
1788976980,2026-09-09 16:03,2026-09-09 18:03,4400.09,4403.72,4382.89,4383.73,14
1788977160,2026-09-09 16:06,2026-09-09 18:06,4383.92,4395.22,4380.32,4395.17,14
1788977340,2026-09-09 16:09,2026-09-09 18:09,4395.1,4395.1,4383.17,4383.17,14
1788977520,2026-09-09 16:12,2026-09-09 18:12,4383.04,4391.35,4382.11,4389.65,14
1788977700,2026-09-09 16:15,2026-09-09 18:15,4389.74,4393.58,4383.4,4386.64,14
1788977880,2026-09-09 16:18,2026-09-09 18:18,4386.73,4388.68,4380.59,4386.92,14
1788978060,2026-09-09 16:21,2026-09-09 18:21,4386.95,4387.36,4375.03,4379.57,14
1788978240,2026-09-09 16:24,2026-09-09 18:24,4379.68,4390.48,4377.83,4389.78,14
1788978420,2026-09-09 16:27,2026-09-09 18:27,4389.69,4395.39,4388.31,4394.71,14
1788978600,2026-09-09 16:30,2026-09-09 18:30,4394.69,4397.69,4392.35,4397.63,14
1788978780,2026-09-09 16:33,2026-09-09 18:33,4397.55,4402.67,4396.55,4402.23,14
1788978960,2026-09-09 16:36,2026-09-09 18:36,4402.51,4406.98,4400.23,4401.67,14
1788979140,2026-09-09 16:39,2026-09-09 18:39,4401.66,4407.24,4397.6,4402.41,14
1788979320,2026-09-09 16:42,2026-09-09 18:42,4402.42,4404.53,4400.85,4402.96,14
1788979500,2026-09-09 16:45,2026-09-09 18:45,4403.02,4404.54,4401.74,4401.97,14
1788979680,2026-09-09 16:48,2026-09-09 18:48,4401.96,4407.21,4398.96,4405.9,14
1788979860,2026-09-09 16:51,2026-09-09 18:51,4405.79,4406.31,4400.25,4400.69,14
1788980040,2026-09-09 16:54,2026-09-09 18:54,4400.83,4401.38,4398.98,4400.0,14
1788980220,2026-09-09 16:57,2026-09-09 18:57,4400.05,4400.43,4397.99,4398.54,14
1788980400,2026-09-09 17:00,2026-09-09 19:00,4398.7,4400.89,4396.85,4399.59,14
1788980580,2026-09-09 17:03,2026-09-09 19:03,4399.49,4403.1,4399.31,4400.52,14
1788980760,2026-09-09 17:06,2026-09-09 19:06,4400.62,4400.96,4394.85,4396.41,14
1788980940,2026-09-09 17:09,2026-09-09 19:09,4396.35,4397.34,4394.86,4395.89,14
1788981120,2026-09-09 17:12,2026-09-09 19:12,4395.8,4398.64,4395.38,4397.7,14
1788981300,2026-09-09 17:15,2026-09-09 19:15,4397.72,4398.32,4392.18,4392.77,14
1788981480,2026-09-09 17:18,2026-09-09 19:18,4392.76,4395.14,4391.45,4393.57,14
1788981660,2026-09-09 17:21,2026-09-09 19:21,4393.91,4396.63,4393.36,4396.05,14
1788981840,2026-09-09 17:24,2026-09-09 19:24,4396.06,4402.47,4395.56,4400.58,14
1788982020,2026-09-09 17:27,2026-09-09 19:27,4400.5,4402.38,4399.77,4401.44,14
1788982200,2026-09-09 17:30,2026-09-09 19:30,4401.23,4403.02,4399.11,4403.01,14
1788982380,2026-09-09 17:33,2026-09-09 19:33,4403.06,4404.17,4401.31,4401.94,14
1788982560,2026-09-09 17:36,2026-09-09 19:36,4402.02,4402.28,4399.01,4400.57,14
1788982740,2026-09-09 17:39,2026-09-09 19:39,4400.62,4405.02,4400.56,4403.97,14
1788982920,2026-09-09 17:42,2026-09-09 19:42,4403.93,4407.81,4403.87,4407.21,14
1788983100,2026-09-09 17:45,2026-09-09 19:45,4407.2,4408.5,4406.71,4408.34,14
1788983280,2026-09-09 17:48,2026-09-09 19:48,4408.51,4409.22,4405.91,4406.88,14
1788983460,2026-09-09 17:51,2026-09-09 19:51,4406.89,4407.42,4405.37,4406.3,14
1788983640,2026-09-09 17:54,2026-09-09 19:54,4406.42,4408.95,4405.91,4408.11,14
1788983820,2026-09-09 17:57,2026-09-09 19:57,4408.16,4410.37,4407.72,4409.7,14
1788984000,2026-09-09 18:00,2026-09-09 20:00,4409.44,4413.83,4408.54,4413.23,14
1788984180,2026-09-09 18:03,2026-09-09 20:03,4413.28,4415.69,4410.95,4415.57,14
1788984360,2026-09-09 18:06,2026-09-09 20:06,4415.33,4419.57,4415.23,4418.69,14
1788984540,2026-09-09 18:09,2026-09-09 20:09,4418.68,4420.58,4416.12,4416.99,14
1788984720,2026-09-09 18:12,2026-09-09 20:12,4417.01,4419.16,4415.3,4416.55,14
1788984900,2026-09-09 18:15,2026-09-09 20:15,4416.6,4418.27,4414.97,4417.77,14
1788985080,2026-09-09 18:18,2026-09-09 20:18,4417.8,4418.56,4416.04,4417.25,14
1788985260,2026-09-09 18:21,2026-09-09 20:21,4417.26,4418.77,4417.03,4418.0,14
1788985440,2026-09-09 18:24,2026-09-09 20:24,4417.93,4420.63,4415.87,4419.49,14
1788985620,2026-09-09 18:27,2026-09-09 20:27,4419.46,4420.58,4414.45,4414.76,14
1788985800,2026-09-09 18:30,2026-09-09 20:30,4414.89,4415.02,4413.05,4413.17,14
1788985980,2026-09-09 18:33,2026-09-09 20:33,4413.19,4414.2,4411.89,4413.04,14
1788986160,2026-09-09 18:36,2026-09-09 20:36,4413.16,4414.79,4412.18,4413.08,14
1788986340,2026-09-09 18:39,2026-09-09 20:39,4412.95,4416.45,4412.6,4416.44,14
1788986520,2026-09-09 18:42,2026-09-09 20:42,4416.75,4417.38,4413.54,4413.86,14
1788986700,2026-09-09 18:45,2026-09-09 20:45,4413.79,4415.35,4413.45,4414.23,14
1788986880,2026-09-09 18:48,2026-09-09 20:48,4414.2,4414.9,4413.51,4414.69,14
1788987060,2026-09-09 18:51,2026-09-09 20:51,4414.72,4416.07,4413.51,4415.57,14
1788987240,2026-09-09 18:54,2026-09-09 20:54,4415.56,4416.44,4414.66,4415.67,14
1788987420,2026-09-09 18:57,2026-09-09 20:57,4415.68,4417.11,4415.54,4416.3,14
1788987600,2026-09-09 19:00,2026-09-09 21:00,4416.35,4419.34,4416.24,4416.9,14
1788987780,2026-09-09 19:03,2026-09-09 21:03,4416.95,4419.03,4416.03,4417.66,14
1788987960,2026-09-09 19:06,2026-09-09 21:06,4417.65,4418.53,4415.66,4415.81,14
1788988140,2026-09-09 19:09,2026-09-09 21:09,4416.09,4419.23,4416.09,4418.83,14
1788988320,2026-09-09 19:12,2026-09-09 21:12,4418.84,4421.58,4418.75,4420.17,14
1788988500,2026-09-09 19:15,2026-09-09 21:15,4420.13,4420.73,4418.1,4420.14,14
1788988680,2026-09-09 19:18,2026-09-09 21:18,4419.95,4420.06,4418.47,4418.82,14
1788988860,2026-09-09 19:21,2026-09-09 21:21,4418.86,4419.76,4417.29,4417.4,14
1788989040,2026-09-09 19:24,2026-09-09 21:24,4417.36,4418.2,4417.04,4417.15,14
1788989220,2026-09-09 19:27,2026-09-09 21:27,4417.16,4418.22,4416.78,4417.93,14
1788989400,2026-09-09 19:30,2026-09-09 21:30,4417.97,4418.54,4413.75,4415.52,14
1788989580,2026-09-09 19:33,2026-09-09 21:33,4415.5,4417.04,4414.62,4415.03,14
1788989760,2026-09-09 19:36,2026-09-09 21:36,4415.05,4415.6,4413.61,4415.11,14
1788989940,2026-09-09 19:39,2026-09-09 21:39,4415.28,4416.76,4412.27,4412.56,14
1788990120,2026-09-09 19:42,2026-09-09 21:42,4412.53,4412.69,4409.49,4410.09,14
1788990300,2026-09-09 19:45,2026-09-09 21:45,4410.1,4410.38,4406.91,4408.24,14
1788990480,2026-09-09 19:48,2026-09-09 21:48,4408.11,4408.18,4405.56,4407.41,14
1788990660,2026-09-09 19:51,2026-09-09 21:51,4407.4,4407.93,4405.4,4405.96,14
1788990840,2026-09-09 19:54,2026-09-09 21:54,4406.06,4407.1,4402.96,4403.36,14
1788991020,2026-09-09 19:57,2026-09-09 21:57,4403.4,4403.77,4401.69,4403.1,14
1788991200,2026-09-09 20:00,2026-09-09 22:00,4403.13,4404.03,4396.79,4396.83,14
1788991380,2026-09-09 20:03,2026-09-09 22:03,4396.82,4399.45,4396.57,4397.36,14
1788991560,2026-09-09 20:06,2026-09-09 22:06,4397.37,4399.94,4397.16,4398.63,14
1788991740,2026-09-09 20:09,2026-09-09 22:09,4398.36,4399.43,4397.54,4398.51,14
1788991920,2026-09-09 20:12,2026-09-09 22:12,4398.66,4400.49,4396.81,4399.98,14
1788992100,2026-09-09 20:15,2026-09-09 22:15,4399.93,4401.34,4398.23,4399.27,14
1788992280,2026-09-09 20:18,2026-09-09 22:18,4399.3,4402.27,4399.3,4402.16,14
1788992460,2026-09-09 20:21,2026-09-09 22:21,4402.08,4404.57,4401.67,4404.36,14
1788992640,2026-09-09 20:24,2026-09-09 22:24,4404.48,4404.73,4401.87,4402.3,14
1788992820,2026-09-09 20:27,2026-09-09 22:27,4402.31,4402.39,4399.21,4399.25,14
1788993000,2026-09-09 20:30,2026-09-09 22:30,4399.23,4401.02,4398.14,4399.39,14
1788993180,2026-09-09 20:33,2026-09-09 22:33,4399.47,4399.95,4397.6,4397.9,14
1788993360,2026-09-09 20:36,2026-09-09 22:36,4397.91,4398.13,4395.7,4396.82,14
1788993540,2026-09-09 20:39,2026-09-09 22:39,4396.83,4398.26,4396.24,4396.96,14
1788993720,2026-09-09 20:42,2026-09-09 22:42,4396.94,4400.14,4396.86,4399.79,14
1788993900,2026-09-09 20:45,2026-09-09 22:45,4399.8,4401.7,4399.47,4399.65,14
1788994080,2026-09-09 20:48,2026-09-09 22:48,4399.67,4401.16,4397.4,4397.4,14
1788994260,2026-09-09 20:51,2026-09-09 22:51,4397.41,4399.8,4396.18,4399.1,14
1788994440,2026-09-09 20:54,2026-09-09 22:54,4399.08,4400.95,4398.24,4399.36,14
1788994620,2026-09-09 20:57,2026-09-09 22:57,4399.31,4399.99,4397.84,4399.25,14
1788994800,2026-09-09 21:00,2026-09-09 23:00,4399.26,4399.6,4397.17,4397.9,14
1788994980,2026-09-09 21:03,2026-09-09 23:03,4397.89,4398.33,4396.3,4397.38,17
1788995160,2026-09-09 21:06,2026-09-09 23:06,4397.35,4397.35,4396.62,4397.01,17
1788995340,2026-09-09 21:09,2026-09-09 23:09,4397.02,4398.03,4396.85,4397.78,17
1788995520,2026-09-09 21:12,2026-09-09 23:12,4397.72,4398.42,4397.24,4397.49,17
1788995700,2026-09-09 21:15,2026-09-09 23:15,4397.46,4397.66,4395.97,4396.23,17
1788995880,2026-09-09 21:18,2026-09-09 23:18,4396.14,4396.41,4393.41,4394.11,17
1788996060,2026-09-09 21:21,2026-09-09 23:21,4394.12,4395.15,4393.62,4395.08,17
1788996240,2026-09-09 21:24,2026-09-09 23:24,4394.97,4396.18,4394.69,4395.63,17
1788996420,2026-09-09 21:27,2026-09-09 23:27,4395.66,4395.96,4393.84,4394.76,17
1788996600,2026-09-09 21:30,2026-09-09 23:30,4394.78,4397.76,4394.78,4397.31,17
1788996780,2026-09-09 21:33,2026-09-09 23:33,4397.36,4399.89,4396.35,4399.76,17
1788996960,2026-09-09 21:36,2026-09-09 23:36,4399.82,4401.02,4399.23,4399.23,17
1788997140,2026-09-09 21:39,2026-09-09 23:39,4399.33,4400.1,4398.7,4399.49,17
1788997320,2026-09-09 21:42,2026-09-09 23:42,4399.6,4400.62,4399.3,4400.33,17
1788997500,2026-09-09 21:45,2026-09-09 23:45,4400.22,4401.09,4399.87,4400.16,17
1788997680,2026-09-09 21:48,2026-09-09 23:48,4400.05,4400.37,4399.39,4400.02,17
1788997860,2026-09-09 21:51,2026-09-09 23:51,4400.0,4400.69,4399.47,4400.38,17
1788998040,2026-09-09 21:54,2026-09-09 23:54,4400.35,4401.08,4399.55,4399.76,17
1788998220,2026-09-09 21:57,2026-09-09 23:57,4399.86,4401.7,4399.86,4401.5,17
1789002000,2026-09-09 23:00,2026-09-10 01:00,4404.82,4407.15,4403.85,4405.34,17
1789002180,2026-09-09 23:03,2026-09-10 01:03,4405.33,4406.53,4403.91,4404.4,17
1789002360,2026-09-09 23:06,2026-09-10 01:06,4404.41,4404.54,4403.26,4403.92,17
1789002540,2026-09-09 23:09,2026-09-10 01:09,4403.84,4406.16,4402.56,4405.36,17
1789002720,2026-09-09 23:12,2026-09-10 01:12,4405.35,4405.48,4402.62,4403.12,17
1789002900,2026-09-09 23:15,2026-09-10 01:15,4403.11,4403.4,4402.34,4403.07,14
1789003080,2026-09-09 23:18,2026-09-10 01:18,4403.04,4404.45,4402.71,4403.19,14
1789003260,2026-09-09 23:21,2026-09-10 01:21,4403.2,4403.27,4401.35,4401.46,14
1789003440,2026-09-09 23:24,2026-09-10 01:24,4401.57,4403.13,4401.24,4401.85,14
1789003620,2026-09-09 23:27,2026-09-10 01:27,4401.86,4402.63,4400.25,4402.51,14
1789003800,2026-09-09 23:30,2026-09-10 01:30,4402.53,4404.06,4401.52,4403.63,14
1789003980,2026-09-09 23:33,2026-09-10 01:33,4403.58,4403.82,4401.12,4401.15,14
1789004160,2026-09-09 23:36,2026-09-10 01:36,4401.12,4401.12,4400.08,4400.35,14
1789004340,2026-09-09 23:39,2026-09-10 01:39,4400.38,4401.31,4400.02,4400.91,14
1789004520,2026-09-09 23:42,2026-09-10 01:42,4400.85,4402.73,4400.46,4401.49,14
1789004700,2026-09-09 23:45,2026-09-10 01:45,4401.48,4401.7,4399.9,4399.9,14
1789004880,2026-09-09 23:48,2026-09-10 01:48,4399.89,4400.99,4397.6,4399.79,14
1789005060,2026-09-09 23:51,2026-09-10 01:51,4399.87,4400.04,4398.99,4399.38,14
1789005240,2026-09-09 23:54,2026-09-10 01:54,4399.26,4399.6,4397.69,4398.06,14
1789005420,2026-09-09 23:57,2026-09-10 01:57,4398.08,4401.16,4397.69,4399.74,14
1789005600,2026-09-10 00:00,2026-09-10 02:00,4399.77,4402.27,4399.68,4401.65,14
1789005780,2026-09-10 00:03,2026-09-10 02:03,4401.56,4403.19,4401.56,4402.17,14
1789005960,2026-09-10 00:06,2026-09-10 02:06,4402.18,4402.68,4399.2,4400.13,14
1789006140,2026-09-10 00:09,2026-09-10 02:09,4400.03,4401.8,4398.63,4401.35,14
1789006320,2026-09-10 00:12,2026-09-10 02:12,4401.28,4402.55,4400.29,4400.64,14
1789006500,2026-09-10 00:15,2026-09-10 02:15,4400.49,4400.5,4398.02,4399.07,14
1789006680,2026-09-10 00:18,2026-09-10 02:18,4399.19,4402.59,4399.15,4400.91,14
1789006860,2026-09-10 00:21,2026-09-10 02:21,4400.89,4401.5,4398.07,4398.25,14
1789007040,2026-09-10 00:24,2026-09-10 02:24,4398.26,4400.01,4396.59,4399.05,14
1789007220,2026-09-10 00:27,2026-09-10 02:27,4398.78,4399.16,4395.91,4397.89,14
1789007400,2026-09-10 00:30,2026-09-10 02:30,4397.88,4399.31,4395.05,4395.25,14
1789007580,2026-09-10 00:33,2026-09-10 02:33,4395.27,4395.37,4393.92,4394.08,14
1789007760,2026-09-10 00:36,2026-09-10 02:36,4394.04,4395.07,4393.55,4393.68,14
1789007940,2026-09-10 00:39,2026-09-10 02:39,4393.66,4394.62,4393.38,4393.48,14
1789008120,2026-09-10 00:42,2026-09-10 02:42,4393.63,4394.67,4393.5,4394.62,14
1789008300,2026-09-10 00:45,2026-09-10 02:45,4394.64,4395.51,4393.79,4394.77,14
1789008480,2026-09-10 00:48,2026-09-10 02:48,4394.75,4394.75,4393.49,4394.11,14
1789008660,2026-09-10 00:51,2026-09-10 02:51,4394.12,4395.09,4393.73,4394.7,14
1789008840,2026-09-10 00:54,2026-09-10 02:54,4394.81,4395.15,4393.99,4394.44,15
1789009020,2026-09-10 00:57,2026-09-10 02:57,4394.41,4394.51,4393.21,4394.3,15
1789009200,2026-09-10 01:00,2026-09-10 03:00,4394.33,4394.33,4389.92,4390.47,14
1789009380,2026-09-10 01:03,2026-09-10 03:03,4390.54,4392.34,4389.67,4391.2,14
1789009560,2026-09-10 01:06,2026-09-10 03:06,4391.37,4393.56,4390.17,4391.08,14
1789009740,2026-09-10 01:09,2026-09-10 03:09,4391.09,4397.03,4391.04,4396.04,14
1789009920,2026-09-10 01:12,2026-09-10 03:12,4396.05,4397.33,4394.35,4394.87,14
1789010100,2026-09-10 01:15,2026-09-10 03:15,4394.89,4397.5,4394.37,4396.61,14
1789010280,2026-09-10 01:18,2026-09-10 03:18,4396.59,4398.48,4396.03,4396.87,14
1789010460,2026-09-10 01:21,2026-09-10 03:21,4396.91,4398.02,4395.44,4395.79,14
1789010640,2026-09-10 01:24,2026-09-10 03:24,4395.8,4396.84,4394.42,4394.57,14
1789010820,2026-09-10 01:27,2026-09-10 03:27,4394.56,4397.45,4392.2,4393.08,14
1789011000,2026-09-10 01:30,2026-09-10 03:30,4393.09,4395.17,4392.21,4393.04,14
1789011180,2026-09-10 01:33,2026-09-10 03:33,4393.09,4395.87,4391.36,4395.0,14
1789011360,2026-09-10 01:36,2026-09-10 03:36,4394.95,4397.83,4394.84,4397.36,14
1789011540,2026-09-10 01:39,2026-09-10 03:39,4397.37,4400.4,4397.22,4397.58,14
1789011720,2026-09-10 01:42,2026-09-10 03:42,4397.54,4402.03,4396.71,4401.02,14
1789011900,2026-09-10 01:45,2026-09-10 03:45,4401.04,4401.11,4397.96,4398.95,14
1789012080,2026-09-10 01:48,2026-09-10 03:48,4398.97,4400.74,4397.94,4398.92,14
1789012260,2026-09-10 01:51,2026-09-10 03:51,4399.1,4404.55,4399.07,4404.34,14
1789012440,2026-09-10 01:54,2026-09-10 03:54,4404.41,4404.87,4401.98,4402.72,14
1789012620,2026-09-10 01:57,2026-09-10 03:57,4402.75,4403.44,4400.58,4400.77,14
1789012800,2026-09-10 02:00,2026-09-10 04:00,4400.69,4410.58,4400.06,4410.07,14
1789012980,2026-09-10 02:03,2026-09-10 04:03,4410.05,4413.13,4407.41,4409.53,14
1789013160,2026-09-10 02:06,2026-09-10 04:06,4409.42,4417.33,4408.46,4417.26,14
1789013340,2026-09-10 02:09,2026-09-10 04:09,4417.18,4418.87,4413.82,4414.18,14
1789013520,2026-09-10 02:12,2026-09-10 04:12,4414.22,4415.32,4411.81,4412.72,14
1789013700,2026-09-10 02:15,2026-09-10 04:15,4412.76,4414.58,4411.32,4413.22,14
1789013880,2026-09-10 02:18,2026-09-10 04:18,4413.2,4416.77,4411.87,4412.49,14
1789014060,2026-09-10 02:21,2026-09-10 04:21,4412.46,4414.85,4410.61,4413.65,14
1789014240,2026-09-10 02:24,2026-09-10 04:24,4413.64,4416.66,4412.31,4414.28,14
1789014420,2026-09-10 02:27,2026-09-10 04:27,4414.3,4414.79,4410.45,4410.71,14
1789014600,2026-09-10 02:30,2026-09-10 04:30,4410.68,4411.0,4407.48,4408.03,14
1789014780,2026-09-10 02:33,2026-09-10 04:33,4408.04,4409.06,4405.31,4408.0,14
1789014960,2026-09-10 02:36,2026-09-10 04:36,4407.98,4410.54,4407.45,4407.59,14
1789015140,2026-09-10 02:39,2026-09-10 04:39,4407.55,4410.38,4406.47,4408.71,14
1789015320,2026-09-10 02:42,2026-09-10 04:42,4408.78,4410.49,4407.65,4410.25,14
1789015500,2026-09-10 02:45,2026-09-10 04:45,4410.28,4414.6,4409.09,4412.68,14
1789015680,2026-09-10 02:48,2026-09-10 04:48,4412.67,4414.56,4410.78,4413.11,14
1789015860,2026-09-10 02:51,2026-09-10 04:51,4413.02,4413.39,4409.39,4409.98,14
1789016040,2026-09-10 02:54,2026-09-10 04:54,4409.94,4413.26,4408.54,4409.8,14
1789016220,2026-09-10 02:57,2026-09-10 04:57,4409.87,4412.45,4407.93,4412.12,14
1789016400,2026-09-10 03:00,2026-09-10 05:00,4412.16,4415.46,4411.73,4414.84,14
1789016580,2026-09-10 03:03,2026-09-10 05:03,4414.94,4418.25,4414.55,4418.14,14
1789016760,2026-09-10 03:06,2026-09-10 05:06,4418.05,4419.02,4415.19,4417.94,14
1789016940,2026-09-10 03:09,2026-09-10 05:09,4418.15,4418.95,4413.82,4414.31,14
1789017120,2026-09-10 03:12,2026-09-10 05:12,4414.33,4415.7,4412.08,4414.29,14
1789017300,2026-09-10 03:15,2026-09-10 05:15,4414.29,4414.93,4408.19,4409.68,14
1789017480,2026-09-10 03:18,2026-09-10 05:18,4409.67,4411.16,4407.98,4410.87,14
1789017660,2026-09-10 03:21,2026-09-10 05:21,4410.87,4413.96,4408.97,4413.84,14
1789017840,2026-09-10 03:24,2026-09-10 05:24,4413.82,4414.07,4411.64,4412.86,14
1789018020,2026-09-10 03:27,2026-09-10 05:27,4412.92,4417.99,4412.53,4416.91,14
1789018200,2026-09-10 03:30,2026-09-10 05:30,4416.9,4417.7,4412.67,4413.01,14
1789018380,2026-09-10 03:33,2026-09-10 05:33,4412.85,4416.39,4411.16,4415.23,14
1789018560,2026-09-10 03:36,2026-09-10 05:36,4415.29,4419.1,4414.51,4417.48,14
1789018740,2026-09-10 03:39,2026-09-10 05:39,4417.52,4420.64,4417.52,4417.71,14
1789018920,2026-09-10 03:42,2026-09-10 05:42,4417.67,4420.7,4417.52,4418.32,14
1789019100,2026-09-10 03:45,2026-09-10 05:45,4418.33,4419.42,4416.93,4418.23,14
1789019280,2026-09-10 03:48,2026-09-10 05:48,4418.24,4419.12,4416.24,4418.36,14
1789019460,2026-09-10 03:51,2026-09-10 05:51,4418.32,4420.95,4418.07,4420.38,14
1789019640,2026-09-10 03:54,2026-09-10 05:54,4420.2,4420.8,4418.04,4418.21,14
1789019820,2026-09-10 03:57,2026-09-10 05:57,4418.24,4419.49,4417.32,4419.27,14
1789020000,2026-09-10 04:00,2026-09-10 06:00,4419.3,4421.09,4418.37,4418.45,14
1789020180,2026-09-10 04:03,2026-09-10 06:03,4418.43,4418.57,4415.45,4416.29,14
1789020360,2026-09-10 04:06,2026-09-10 06:06,4415.99,4416.35,4411.73,4412.42,14
1789020540,2026-09-10 04:09,2026-09-10 06:09,4412.36,4416.72,4411.7,4414.97,14
1789020720,2026-09-10 04:12,2026-09-10 06:12,4414.96,4415.17,4412.28,4412.84,14
1789020900,2026-09-10 04:15,2026-09-10 06:15,4412.8,4414.15,4412.21,4414.15,14
1789021080,2026-09-10 04:18,2026-09-10 06:18,4414.13,4415.13,4413.34,4414.56,14
1789021260,2026-09-10 04:21,2026-09-10 06:21,4414.5,4414.5,4411.52,4412.57,14
1789021440,2026-09-10 04:24,2026-09-10 06:24,4412.54,4413.56,4409.6,4410.62,14
1789021620,2026-09-10 04:27,2026-09-10 06:27,4410.6,4410.86,4409.35,4410.04,14
1789021800,2026-09-10 04:30,2026-09-10 06:30,4410.07,4412.68,4409.61,4412.68,14
1789021980,2026-09-10 04:33,2026-09-10 06:33,4412.69,4412.8,4409.9,4410.08,14
1789022160,2026-09-10 04:36,2026-09-10 06:36,4410.07,4410.5,4408.52,4409.15,14
1789022340,2026-09-10 04:39,2026-09-10 06:39,4409.14,4409.26,4407.19,4407.61,14
1789022520,2026-09-10 04:42,2026-09-10 06:42,4407.65,4408.83,4407.34,4408.05,14
1789022700,2026-09-10 04:45,2026-09-10 06:45,4408.03,4409.61,4407.95,4409.06,14
1789022880,2026-09-10 04:48,2026-09-10 06:48,4409.08,4410.2,4406.94,4407.55,14
1789023060,2026-09-10 04:51,2026-09-10 06:51,4407.65,4408.23,4407.19,4408.23,14
1789023240,2026-09-10 04:54,2026-09-10 06:54,4408.26,4409.12,4407.78,4408.64,14
1789023420,2026-09-10 04:57,2026-09-10 06:57,4408.63,4409.45,4407.97,4409.18,14
1789023600,2026-09-10 05:00,2026-09-10 07:00,4409.23,4410.85,4409.11,4410.12,14
1789023780,2026-09-10 05:03,2026-09-10 07:03,4410.1,4413.4,4409.94,4413.0,14
1789023960,2026-09-10 05:06,2026-09-10 07:06,4412.97,4414.32,4412.64,4412.68,14
1789024140,2026-09-10 05:09,2026-09-10 07:09,4412.65,4415.35,4412.3,4415.07,14
1789024320,2026-09-10 05:12,2026-09-10 07:12,4415.18,4415.74,4413.45,4414.32,14
1789024500,2026-09-10 05:15,2026-09-10 07:15,4414.29,4415.09,4413.65,4414.68,14
1789024680,2026-09-10 05:18,2026-09-10 07:18,4414.99,4415.47,4413.94,4414.19,14
1789024860,2026-09-10 05:21,2026-09-10 07:21,4414.18,4415.05,4413.57,4414.94,14
1789025040,2026-09-10 05:24,2026-09-10 07:24,4414.93,4415.06,4413.66,4414.29,14
1789025220,2026-09-10 05:27,2026-09-10 07:27,4414.31,4414.39,4410.71,4411.59,14
1789025400,2026-09-10 05:30,2026-09-10 07:30,4411.7,4413.62,4411.24,4412.26,14
1789025580,2026-09-10 05:33,2026-09-10 07:33,4412.28,4412.28,4410.63,4410.79,14
1789025760,2026-09-10 05:36,2026-09-10 07:36,4410.81,4411.61,4407.71,4408.77,14
1789025940,2026-09-10 05:39,2026-09-10 07:39,4408.78,4408.98,4406.0,4406.64,14
1789026120,2026-09-10 05:42,2026-09-10 07:42,4406.69,4407.12,4405.47,4406.64,14
1789026300,2026-09-10 05:45,2026-09-10 07:45,4406.62,4408.94,4406.41,4408.94,14
1789026480,2026-09-10 05:48,2026-09-10 07:48,4408.9,4411.77,4408.62,4410.57,14
1789026660,2026-09-10 05:51,2026-09-10 07:51,4410.26,4411.15,4407.52,4407.97,14
1789026840,2026-09-10 05:54,2026-09-10 07:54,4407.91,4408.9,4406.47,4407.94,14
1789027020,2026-09-10 05:57,2026-09-10 07:57,4407.93,4408.56,4407.58,4408.38,14
1789027200,2026-09-10 06:00,2026-09-10 08:00,4408.41,4411.84,4407.99,4410.94,14
1789027380,2026-09-10 06:03,2026-09-10 08:03,4411.01,4411.57,4408.77,4409.02,14
1789027560,2026-09-10 06:06,2026-09-10 08:06,4409.03,4413.73,4409.03,4413.16,14
1789027740,2026-09-10 06:09,2026-09-10 08:09,4413.37,4416.65,4413.31,4416.36,14
1789027920,2026-09-10 06:12,2026-09-10 08:12,4416.33,4418.73,4415.48,4418.54,14
1789028100,2026-09-10 06:15,2026-09-10 08:15,4418.54,4420.15,4416.61,4418.28,14
1789028280,2026-09-10 06:18,2026-09-10 08:18,4418.31,4419.99,4417.7,4418.97,14
1789028460,2026-09-10 06:21,2026-09-10 08:21,4418.98,4419.36,4418.16,4418.36,14
1789028640,2026-09-10 06:24,2026-09-10 08:24,4418.39,4419.53,4418.3,4419.18,14
1789028820,2026-09-10 06:27,2026-09-10 08:27,4419.17,4420.87,4417.09,4420.87,14
1789029000,2026-09-10 06:30,2026-09-10 08:30,4421.0,4426.22,4417.41,4426.22,14
1789029180,2026-09-10 06:33,2026-09-10 08:33,4426.26,4427.65,4424.17,4425.54,14
1789029360,2026-09-10 06:36,2026-09-10 08:36,4425.56,4427.43,4423.76,4424.09,14
1789029540,2026-09-10 06:39,2026-09-10 08:39,4424.12,4424.57,4422.0,4424.05,14
1789029720,2026-09-10 06:42,2026-09-10 08:42,4423.9,4429.69,4423.74,4428.12,14
1789029900,2026-09-10 06:45,2026-09-10 08:45,4428.01,4430.42,4427.57,4427.88,14
1789030080,2026-09-10 06:48,2026-09-10 08:48,4427.96,4428.56,4423.66,4424.02,14
1789030260,2026-09-10 06:51,2026-09-10 08:51,4424.05,4428.16,4423.63,4427.03,14
1789030440,2026-09-10 06:54,2026-09-10 08:54,4427.04,4427.97,4425.49,4425.82,14
1789030620,2026-09-10 06:57,2026-09-10 08:57,4425.7,4431.22,4425.66,4430.94,14
1789030800,2026-09-10 07:00,2026-09-10 09:00,4430.92,4434.66,4426.94,4426.94,14
1789030980,2026-09-10 07:03,2026-09-10 09:03,4427.05,4428.72,4425.86,4425.91,14
1789031160,2026-09-10 07:06,2026-09-10 09:06,4425.87,4426.69,4423.3,4424.36,14
1789031340,2026-09-10 07:09,2026-09-10 09:09,4424.37,4424.37,4421.78,4422.87,14
1789031520,2026-09-10 07:12,2026-09-10 09:12,4422.9,4422.9,4415.89,4416.5,14
1789031700,2026-09-10 07:15,2026-09-10 09:15,4416.51,4416.71,4413.15,4413.5,14
1789031880,2026-09-10 07:18,2026-09-10 09:18,4413.49,4416.41,4413.22,4413.22,14
1789032060,2026-09-10 07:21,2026-09-10 09:21,4413.38,4414.99,4410.9,4412.71,14
1789032240,2026-09-10 07:24,2026-09-10 09:24,4412.49,4416.15,4412.49,4414.48,14
1789032420,2026-09-10 07:27,2026-09-10 09:27,4414.53,4417.76,4413.69,4417.51,14
1789032600,2026-09-10 07:30,2026-09-10 09:30,4417.52,4419.04,4414.75,4415.54,14
1789032780,2026-09-10 07:33,2026-09-10 09:33,4415.71,4417.15,4413.97,4413.97,14
1789032960,2026-09-10 07:36,2026-09-10 09:36,4414.0,4416.91,4413.19,4416.91,14
1789033140,2026-09-10 07:39,2026-09-10 09:39,4416.88,4422.0,4416.66,4421.96,14
1789033320,2026-09-10 07:42,2026-09-10 09:42,4421.97,4427.07,4421.55,4426.94,14
1789033500,2026-09-10 07:45,2026-09-10 09:45,4427.01,4428.92,4424.2,4424.67,14
1789033680,2026-09-10 07:48,2026-09-10 09:48,4424.63,4427.63,4423.72,4427.63,14
1789033860,2026-09-10 07:51,2026-09-10 09:51,4427.67,4428.63,4425.21,4426.34,14
1789034040,2026-09-10 07:54,2026-09-10 09:54,4426.15,4426.21,4424.34,4424.34,14
1789034220,2026-09-10 07:57,2026-09-10 09:57,4424.35,4425.74,4423.54,4425.17,14
1789034400,2026-09-10 08:00,2026-09-10 10:00,4425.11,4425.56,4416.35,4416.66,14
1789034580,2026-09-10 08:03,2026-09-10 10:03,4416.74,4417.57,4414.72,4416.56,14
1789034760,2026-09-10 08:06,2026-09-10 10:06,4416.51,4416.6,4414.19,4415.53,14
1789034940,2026-09-10 08:09,2026-09-10 10:09,4415.5,4415.95,4413.8,4415.42,14
1789035120,2026-09-10 08:12,2026-09-10 10:12,4415.38,4417.56,4413.13,4413.56,14
1789035300,2026-09-10 08:15,2026-09-10 10:15,4413.58,4415.15,4411.7,4413.31,14
1789035480,2026-09-10 08:18,2026-09-10 10:18,4413.32,4413.51,4412.2,4412.6,14
1789035660,2026-09-10 08:21,2026-09-10 10:21,4412.21,4412.94,4410.43,4411.65,14
1789035840,2026-09-10 08:24,2026-09-10 10:24,4411.49,4412.5,4409.22,4409.57,14
1789036020,2026-09-10 08:27,2026-09-10 10:27,4409.55,4410.77,4408.03,4408.55,14
1789036200,2026-09-10 08:30,2026-09-10 10:30,4408.67,4410.33,4406.79,4408.84,14
1789036380,2026-09-10 08:33,2026-09-10 10:33,4408.77,4410.78,4403.82,4406.64,14
1789036560,2026-09-10 08:36,2026-09-10 10:36,4406.62,4407.87,4405.39,4406.45,14
1789036740,2026-09-10 08:39,2026-09-10 10:39,4406.49,4407.49,4405.33,4406.5,14
1789036920,2026-09-10 08:42,2026-09-10 10:42,4406.47,4410.02,4405.5,4409.88,14
1789037100,2026-09-10 08:45,2026-09-10 10:45,4409.7,4412.96,4408.93,4412.35,14
1789037280,2026-09-10 08:48,2026-09-10 10:48,4412.33,4412.62,4410.92,4412.11,14
1789037460,2026-09-10 08:51,2026-09-10 10:51,4412.16,4415.56,4412.16,4413.9,14
1789037640,2026-09-10 08:54,2026-09-10 10:54,4413.88,4415.17,4412.1,4412.43,14
1789037820,2026-09-10 08:57,2026-09-10 10:57,4412.49,4413.17,4411.08,4411.94,14
1789038000,2026-09-10 09:00,2026-09-10 11:00,4411.82,4412.96,4409.77,4410.13,14
1789038180,2026-09-10 09:03,2026-09-10 11:03,4410.13,4410.62,4406.61,4407.65,14
1789038360,2026-09-10 09:06,2026-09-10 11:06,4407.78,4408.78,4407.14,4408.59,14
1789038540,2026-09-10 09:09,2026-09-10 11:09,4408.68,4409.92,4407.64,4409.07,14
1789038720,2026-09-10 09:12,2026-09-10 11:12,4409.08,4409.3,4404.61,4405.65,14
1789038900,2026-09-10 09:15,2026-09-10 11:15,4405.67,4406.64,4404.92,4406.5,14
1789039080,2026-09-10 09:18,2026-09-10 11:18,4406.84,4406.84,4405.46,4405.62,14
1789039260,2026-09-10 09:21,2026-09-10 11:21,4405.51,4407.88,4405.46,4406.91,14
1789039440,2026-09-10 09:24,2026-09-10 11:24,4406.97,4407.04,4405.06,4405.6,14
1789039620,2026-09-10 09:27,2026-09-10 11:27,4405.56,4406.33,4403.92,4405.56,14
1789039800,2026-09-10 09:30,2026-09-10 11:30,4405.92,4406.15,4401.24,4402.03,14
1789039980,2026-09-10 09:33,2026-09-10 11:33,4402.02,4402.19,4399.7,4400.95,14
1789040160,2026-09-10 09:36,2026-09-10 11:36,4400.91,4401.65,4398.58,4399.72,14
1789040340,2026-09-10 09:39,2026-09-10 11:39,4399.84,4401.24,4398.21,4398.97,14
1789040520,2026-09-10 09:42,2026-09-10 11:42,4398.99,4399.06,4394.81,4396.02,14
1789040700,2026-09-10 09:45,2026-09-10 11:45,4396.13,4396.8,4393.63,4394.3,14
1789040880,2026-09-10 09:48,2026-09-10 11:48,4394.37,4395.62,4392.52,4395.45,14
1789041060,2026-09-10 09:51,2026-09-10 11:51,4395.43,4398.68,4395.43,4396.09,14
1789041240,2026-09-10 09:54,2026-09-10 11:54,4396.28,4397.37,4393.61,4394.62,14
1789041420,2026-09-10 09:57,2026-09-10 11:57,4394.46,4395.67,4394.04,4394.85,14
1789041600,2026-09-10 10:00,2026-09-10 12:00,4394.81,4396.01,4393.06,4394.88,14
1789041780,2026-09-10 10:03,2026-09-10 12:03,4394.83,4396.69,4392.7,4392.72,14
1789041960,2026-09-10 10:06,2026-09-10 12:06,4392.73,4394.56,4391.39,4393.43,14
1789042140,2026-09-10 10:09,2026-09-10 12:09,4393.45,4393.89,4389.87,4393.35,14
1789042320,2026-09-10 10:12,2026-09-10 12:12,4393.27,4395.25,4392.4,4394.83,14
1789042500,2026-09-10 10:15,2026-09-10 12:15,4395.05,4396.93,4393.48,4395.39,14
1789042680,2026-09-10 10:18,2026-09-10 12:18,4395.28,4396.48,4394.55,4395.63,14
1789042860,2026-09-10 10:21,2026-09-10 12:21,4395.61,4395.94,4393.44,4393.75,14
1789043040,2026-09-10 10:24,2026-09-10 12:24,4393.78,4394.23,4391.76,4394.23,14
1789043220,2026-09-10 10:27,2026-09-10 12:27,4394.21,4395.5,4392.58,4392.83,14
1789043400,2026-09-10 10:30,2026-09-10 12:30,4392.79,4392.94,4389.54,4390.05,14
1789043580,2026-09-10 10:33,2026-09-10 12:33,4390.12,4392.69,4389.87,4391.73,14
1789043760,2026-09-10 10:36,2026-09-10 12:36,4391.74,4393.19,4390.83,4391.99,14
1789043940,2026-09-10 10:39,2026-09-10 12:39,4391.96,4392.1,4389.72,4390.05,14
1789044120,2026-09-10 10:42,2026-09-10 12:42,4390.04,4393.36,4388.45,4393.11,14
1789044300,2026-09-10 10:45,2026-09-10 12:45,4393.1,4395.29,4392.64,4394.53,14
1789044480,2026-09-10 10:48,2026-09-10 12:48,4394.54,4395.76,4393.85,4394.03,14
1789044660,2026-09-10 10:51,2026-09-10 12:51,4393.82,4395.75,4393.74,4394.95,14
1789044840,2026-09-10 10:54,2026-09-10 12:54,4394.94,4395.75,4394.14,4394.43,14
1789045020,2026-09-10 10:57,2026-09-10 12:57,4394.55,4395.06,4393.23,4394.28,14
1789045200,2026-09-10 11:00,2026-09-10 13:00,4394.3,4396.94,4392.0,4396.94,14
1789045380,2026-09-10 11:03,2026-09-10 13:03,4396.95,4399.92,4396.74,4399.83,14
1789045560,2026-09-10 11:06,2026-09-10 13:06,4399.81,4400.33,4395.31,4395.71,14
1789045740,2026-09-10 11:09,2026-09-10 13:09,4395.81,4395.83,4389.96,4393.13,14
1789045920,2026-09-10 11:12,2026-09-10 13:12,4393.14,4397.68,4392.56,4395.14,14
1789046100,2026-09-10 11:15,2026-09-10 13:15,4395.04,4400.34,4394.39,4398.37,14
1789046280,2026-09-10 11:18,2026-09-10 13:18,4398.28,4399.24,4396.67,4398.18,14
1789046460,2026-09-10 11:21,2026-09-10 13:21,4397.96,4399.45,4396.27,4396.79,14
1789046640,2026-09-10 11:24,2026-09-10 13:24,4396.76,4397.57,4395.71,4396.25,14
1789046820,2026-09-10 11:27,2026-09-10 13:27,4396.22,4396.74,4393.83,4394.42,14
1789047000,2026-09-10 11:30,2026-09-10 13:30,4394.4,4394.98,4387.44,4389.02,14
1789047180,2026-09-10 11:33,2026-09-10 13:33,4388.93,4389.13,4381.9,4382.15,14
1789047360,2026-09-10 11:36,2026-09-10 13:36,4382.17,4384.38,4377.88,4383.19,14
1789047540,2026-09-10 11:39,2026-09-10 13:39,4383.33,4386.01,4383.12,4383.56,14
1789047720,2026-09-10 11:42,2026-09-10 13:42,4383.59,4386.53,4383.0,4383.72,14
1789047900,2026-09-10 11:45,2026-09-10 13:45,4383.54,4386.05,4382.45,4383.31,14
1789048080,2026-09-10 11:48,2026-09-10 13:48,4383.15,4383.69,4380.21,4382.64,14
1789048260,2026-09-10 11:51,2026-09-10 13:51,4382.65,4383.84,4375.29,4378.5,14
1789048440,2026-09-10 11:54,2026-09-10 13:54,4378.37,4387.65,4376.71,4385.86,14
1789048620,2026-09-10 11:57,2026-09-10 13:57,4385.78,4387.22,4377.64,4378.94,14
1789048800,2026-09-10 12:00,2026-09-10 14:00,4378.93,4382.76,4378.43,4381.92,14
1789048980,2026-09-10 12:03,2026-09-10 14:03,4381.83,4384.66,4381.83,4383.1,14
1789049160,2026-09-10 12:06,2026-09-10 14:06,4383.11,4383.21,4379.18,4382.36,14
1789049340,2026-09-10 12:09,2026-09-10 14:09,4382.33,4383.03,4377.29,4377.33,14
1789049520,2026-09-10 12:12,2026-09-10 14:12,4377.7,4384.01,4375.25,4383.51,14
1789049700,2026-09-10 12:15,2026-09-10 14:15,4383.63,4385.84,4382.2,4382.52,14
1789049880,2026-09-10 12:18,2026-09-10 14:18,4382.49,4384.33,4381.12,4382.99,14
1789050060,2026-09-10 12:21,2026-09-10 14:21,4382.95,4383.04,4379.99,4382.2,14
1789050240,2026-09-10 12:24,2026-09-10 14:24,4382.19,4387.55,4381.24,4387.54,14
1789050420,2026-09-10 12:27,2026-09-10 14:27,4387.48,4388.62,4385.3,4385.65,14
1789050600,2026-09-10 12:30,2026-09-10 14:30,4385.64,4387.73,4384.81,4386.97,14
1789050780,2026-09-10 12:33,2026-09-10 14:33,4386.9,4388.66,4384.32,4388.34,14
1789050960,2026-09-10 12:36,2026-09-10 14:36,4388.21,4388.4,4386.28,4388.18,14
1789051140,2026-09-10 12:39,2026-09-10 14:39,4388.17,4390.76,4388.12,4389.46,14
1789051320,2026-09-10 12:42,2026-09-10 14:42,4389.17,4389.92,4384.72,4384.85,14
1789051500,2026-09-10 12:45,2026-09-10 14:45,4385.03,4385.4,4381.23,4381.64,14
1789051680,2026-09-10 12:48,2026-09-10 14:48,4381.55,4382.88,4378.88,4380.0,14
1789051860,2026-09-10 12:51,2026-09-10 14:51,4379.98,4380.75,4375.88,4377.92,14
1789052040,2026-09-10 12:54,2026-09-10 14:54,4377.94,4381.07,4374.59,4375.72,14
1789052220,2026-09-10 12:57,2026-09-10 14:57,4375.77,4378.0,4374.57,4374.83,14
1789052400,2026-09-10 13:00,2026-09-10 15:00,4374.96,4377.22,4371.62,4374.1,14
1789052580,2026-09-10 13:03,2026-09-10 15:03,4373.89,4374.03,4369.9,4372.39,14
1789052760,2026-09-10 13:06,2026-09-10 15:06,4372.46,4376.63,4369.92,4373.81,14
1789052940,2026-09-10 13:09,2026-09-10 15:09,4373.8,4376.67,4371.91,4374.99,14
1789053120,2026-09-10 13:12,2026-09-10 15:12,4374.77,4377.94,4372.65,4375.17,17
1789053300,2026-09-10 13:15,2026-09-10 15:15,4375.42,4377.26,4366.61,4369.9,17
1789053480,2026-09-10 13:18,2026-09-10 15:18,4369.9,4374.41,4368.75,4373.34,17
1789053660,2026-09-10 13:21,2026-09-10 15:21,4373.27,4373.27,4367.11,4367.94,14
1789053840,2026-09-10 13:24,2026-09-10 15:24,4368.14,4368.51,4362.64,4363.25,14
1789054020,2026-09-10 13:27,2026-09-10 15:27,4363.18,4364.85,4362.04,4364.06,17
1789054200,2026-09-10 13:30,2026-09-10 15:30,4363.59,4373.13,4349.24,4351.15,19
1789054380,2026-09-10 13:33,2026-09-10 15:33,4351.11,4352.89,4338.5,4341.11,20
1789054560,2026-09-10 13:36,2026-09-10 15:36,4341.18,4343.32,4327.36,4328.65,16
1789054740,2026-09-10 13:39,2026-09-10 15:39,4328.71,4333.79,4324.04,4328.76,14
1789054920,2026-09-10 13:42,2026-09-10 15:42,4328.81,4342.87,4324.79,4340.58,17
1789055100,2026-09-10 13:45,2026-09-10 15:45,4340.51,4346.09,4338.39,4340.88,17
1789055280,2026-09-10 13:48,2026-09-10 15:48,4340.71,4355.02,4338.56,4354.28,20
1789055460,2026-09-10 13:51,2026-09-10 15:51,4354.25,4354.64,4344.32,4344.88,14
1789055640,2026-09-10 13:54,2026-09-10 15:54,4344.87,4346.6,4336.51,4338.62,14
1789055820,2026-09-10 13:57,2026-09-10 15:57,4338.63,4344.35,4337.84,4340.31,14
1789056000,2026-09-10 14:00,2026-09-10 16:00,4340.46,4355.32,4339.36,4353.77,14
1789056180,2026-09-10 14:03,2026-09-10 16:03,4353.71,4354.39,4348.2,4348.79,14
1789056360,2026-09-10 14:06,2026-09-10 16:06,4348.69,4352.09,4346.61,4348.96,14
1789056540,2026-09-10 14:09,2026-09-10 16:09,4349.1,4353.56,4346.42,4346.54,14
1789056720,2026-09-10 14:12,2026-09-10 16:12,4346.59,4349.03,4344.11,4344.11,14
1789056900,2026-09-10 14:15,2026-09-10 16:15,4344.12,4346.7,4341.46,4345.12,14
1789057080,2026-09-10 14:18,2026-09-10 16:18,4345.07,4352.64,4344.55,4352.37,14
1789057260,2026-09-10 14:21,2026-09-10 16:21,4352.08,4356.04,4351.51,4354.06,14
1789057440,2026-09-10 14:24,2026-09-10 16:24,4354.12,4354.12,4344.89,4349.46,14
1789057620,2026-09-10 14:27,2026-09-10 16:27,4349.43,4357.77,4348.77,4357.77,14
1789057800,2026-09-10 14:30,2026-09-10 16:30,4357.76,4362.86,4352.19,4360.71,14
1789057980,2026-09-10 14:33,2026-09-10 16:33,4360.74,4368.26,4359.47,4360.09,14
1789058160,2026-09-10 14:36,2026-09-10 16:36,4360.21,4371.41,4359.31,4370.81,14
1789058340,2026-09-10 14:39,2026-09-10 16:39,4370.83,4373.28,4366.88,4369.67,14
1789058520,2026-09-10 14:42,2026-09-10 16:42,4369.93,4372.18,4363.25,4364.22,14
1789058700,2026-09-10 14:45,2026-09-10 16:45,4364.29,4372.55,4363.32,4371.61,14
1789058880,2026-09-10 14:48,2026-09-10 16:48,4371.68,4375.78,4365.64,4367.49,14
1789059060,2026-09-10 14:51,2026-09-10 16:51,4367.5,4374.84,4362.74,4372.08,14
1789059240,2026-09-10 14:54,2026-09-10 16:54,4372.01,4372.68,4365.08,4369.46,14
1789059420,2026-09-10 14:57,2026-09-10 16:57,4369.47,4369.57,4364.69,4366.21,14
1789059600,2026-09-10 15:00,2026-09-10 17:00,4366.25,4375.12,4366.25,4372.3,14
1789059780,2026-09-10 15:03,2026-09-10 17:03,4372.37,4373.3,4367.17,4367.46,14
1789059960,2026-09-10 15:06,2026-09-10 17:06,4367.47,4368.88,4361.15,4361.81,14
1789060140,2026-09-10 15:09,2026-09-10 17:09,4361.79,4367.44,4361.79,4365.77,14
1789060320,2026-09-10 15:12,2026-09-10 17:12,4365.8,4366.29,4359.31,4359.44,14
1789060500,2026-09-10 15:15,2026-09-10 17:15,4359.41,4361.84,4355.15,4355.52,14
1789060680,2026-09-10 15:18,2026-09-10 17:18,4355.57,4366.83,4354.01,4363.77,14
1789060860,2026-09-10 15:21,2026-09-10 17:21,4363.81,4367.57,4361.31,4361.79,14
1789061040,2026-09-10 15:24,2026-09-10 17:24,4361.72,4376.14,4359.23,4366.29,14
1789061220,2026-09-10 15:27,2026-09-10 17:27,4366.0,4369.39,4362.71,4363.62,14
1789061400,2026-09-10 15:30,2026-09-10 17:30,4362.99,4364.46,4360.5,4363.4,14
1789061580,2026-09-10 15:33,2026-09-10 17:33,4363.23,4369.69,4362.21,4368.24,14
1789061760,2026-09-10 15:36,2026-09-10 17:36,4368.09,4370.26,4364.86,4366.57,14
1789061940,2026-09-10 15:39,2026-09-10 17:39,4366.55,4369.34,4362.52,4364.97,14
1789062120,2026-09-10 15:42,2026-09-10 17:42,4364.99,4365.8,4356.19,4356.29,14
1789062300,2026-09-10 15:45,2026-09-10 17:45,4356.21,4358.46,4354.11,4354.84,14
1789062480,2026-09-10 15:48,2026-09-10 17:48,4354.88,4358.9,4354.12,4357.01,14
1789062660,2026-09-10 15:51,2026-09-10 17:51,4357.1,4361.73,4356.91,4360.63,14
1789062840,2026-09-10 15:54,2026-09-10 17:54,4360.68,4360.75,4353.9,4358.65,14
1789063020,2026-09-10 15:57,2026-09-10 17:57,4358.64,4359.75,4356.15,4358.06,14
1789063200,2026-09-10 16:00,2026-09-10 18:00,4358.04,4358.52,4352.81,4353.85,14
1789063380,2026-09-10 16:03,2026-09-10 18:03,4353.92,4357.48,4352.99,4357.43,14
1789063560,2026-09-10 16:06,2026-09-10 18:06,4357.39,4358.83,4353.56,4358.83,14
1789063740,2026-09-10 16:09,2026-09-10 18:09,4358.8,4361.6,4355.51,4359.18,14
1789063920,2026-09-10 16:12,2026-09-10 18:12,4359.14,4360.15,4356.0,4359.34,14
1789064100,2026-09-10 16:15,2026-09-10 18:15,4359.31,4364.43,4358.55,4363.95,14
1789064280,2026-09-10 16:18,2026-09-10 18:18,4364.11,4365.14,4362.29,4362.34,14
1789064460,2026-09-10 16:21,2026-09-10 18:21,4362.35,4367.22,4360.96,4365.14,14
1789064640,2026-09-10 16:24,2026-09-10 18:24,4365.19,4366.87,4364.49,4365.3,14
1789064820,2026-09-10 16:27,2026-09-10 18:27,4365.27,4367.53,4363.19,4365.4,14
1789065000,2026-09-10 16:30,2026-09-10 18:30,4365.49,4367.36,4362.41,4363.33,14
1789065180,2026-09-10 16:33,2026-09-10 18:33,4363.25,4370.12,4362.85,4370.02,14
1789065360,2026-09-10 16:36,2026-09-10 18:36,4370.02,4372.18,4369.15,4369.32,14
1789065540,2026-09-10 16:39,2026-09-10 18:39,4369.18,4369.67,4365.05,4367.22,14
1789065720,2026-09-10 16:42,2026-09-10 18:42,4367.21,4367.21,4364.23,4366.18,14
1789065900,2026-09-10 16:45,2026-09-10 18:45,4366.22,4366.69,4361.07,4362.5,14
1789066080,2026-09-10 16:48,2026-09-10 18:48,4362.42,4367.81,4362.41,4365.62,14
1789066260,2026-09-10 16:51,2026-09-10 18:51,4365.83,4370.35,4365.62,4367.35,14
1789066440,2026-09-10 16:54,2026-09-10 18:54,4367.36,4367.76,4363.81,4365.69,14
1789066620,2026-09-10 16:57,2026-09-10 18:57,4365.7,4367.78,4365.07,4366.04,17
1789066800,2026-09-10 17:00,2026-09-10 19:00,4366.13,4369.08,4364.68,4367.84,17
1789066980,2026-09-10 17:03,2026-09-10 19:03,4367.76,4370.08,4366.21,4366.41,17
1789067160,2026-09-10 17:06,2026-09-10 19:06,4366.45,4366.57,4360.43,4360.43,14
1789067340,2026-09-10 17:09,2026-09-10 19:09,4360.45,4361.77,4355.18,4355.29,14
1789067520,2026-09-10 17:12,2026-09-10 19:12,4355.25,4360.32,4354.04,4358.95,14
1789067700,2026-09-10 17:15,2026-09-10 19:15,4359.01,4361.44,4355.2,4355.61,14
1789067880,2026-09-10 17:18,2026-09-10 19:18,4355.67,4360.56,4355.51,4359.86,14
1789068060,2026-09-10 17:21,2026-09-10 19:21,4359.79,4363.09,4359.62,4361.6,14
1789068240,2026-09-10 17:24,2026-09-10 19:24,4361.62,4362.42,4359.85,4362.21,14
1789068420,2026-09-10 17:27,2026-09-10 19:27,4362.1,4363.75,4361.76,4363.23,14
1789068600,2026-09-10 17:30,2026-09-10 19:30,4363.26,4365.57,4361.64,4364.85,14
1789068780,2026-09-10 17:33,2026-09-10 19:33,4364.88,4365.08,4355.63,4356.57,14
1789068960,2026-09-10 17:36,2026-09-10 19:36,4356.73,4361.56,4356.64,4360.01,14
1789069140,2026-09-10 17:39,2026-09-10 19:39,4360.02,4361.6,4358.79,4361.32,14
1789069320,2026-09-10 17:42,2026-09-10 19:42,4361.37,4361.37,4356.27,4356.59,14
1789069500,2026-09-10 17:45,2026-09-10 19:45,4356.83,4363.41,4356.61,4362.45,14
1789069680,2026-09-10 17:48,2026-09-10 19:48,4362.5,4363.14,4359.02,4362.15,14
1789069860,2026-09-10 17:51,2026-09-10 19:51,4362.18,4364.13,4361.31,4363.13,14
1789070040,2026-09-10 17:54,2026-09-10 19:54,4363.09,4363.52,4359.76,4360.32,14
1789070220,2026-09-10 17:57,2026-09-10 19:57,4360.3,4364.53,4360.3,4363.98,14
1789070400,2026-09-10 18:00,2026-09-10 20:00,4364.03,4367.88,4362.06,4362.62,14
1789070580,2026-09-10 18:03,2026-09-10 20:03,4362.58,4364.88,4359.64,4361.7,14
1789070760,2026-09-10 18:06,2026-09-10 20:06,4361.71,4363.83,4360.63,4362.04,14
1789070940,2026-09-10 18:09,2026-09-10 20:09,4362.09,4366.33,4361.07,4365.84,14
1789071120,2026-09-10 18:12,2026-09-10 20:12,4365.85,4366.45,4361.37,4362.72,14
1789071300,2026-09-10 18:15,2026-09-10 20:15,4362.67,4364.67,4361.45,4363.17,14
1789071480,2026-09-10 18:18,2026-09-10 20:18,4363.28,4365.04,4361.47,4364.5,14
1789071660,2026-09-10 18:21,2026-09-10 20:21,4364.59,4365.59,4362.86,4363.52,14
1789071840,2026-09-10 18:24,2026-09-10 20:24,4363.63,4365.71,4362.75,4365.23,14
1789072020,2026-09-10 18:27,2026-09-10 20:27,4365.35,4366.8,4363.82,4365.59,14
1789072200,2026-09-10 18:30,2026-09-10 20:30,4365.58,4366.3,4363.21,4364.65,14
1789072380,2026-09-10 18:33,2026-09-10 20:33,4364.91,4365.46,4361.85,4363.37,14
1789072560,2026-09-10 18:36,2026-09-10 20:36,4363.34,4364.17,4361.25,4362.5,14
1789072740,2026-09-10 18:39,2026-09-10 20:39,4362.45,4362.69,4355.73,4356.56,14
1789072920,2026-09-10 18:42,2026-09-10 20:42,4356.53,4359.69,4355.68,4359.55,14
1789073100,2026-09-10 18:45,2026-09-10 20:45,4359.58,4360.5,4357.4,4357.59,14
1789073280,2026-09-10 18:48,2026-09-10 20:48,4357.57,4358.81,4357.02,4357.74,14
1789073460,2026-09-10 18:51,2026-09-10 20:51,4357.7,4360.47,4357.7,4358.7,14
1789073640,2026-09-10 18:54,2026-09-10 20:54,4358.73,4360.13,4355.14,4355.19,14
1789073820,2026-09-10 18:57,2026-09-10 20:57,4355.14,4355.14,4351.2,4352.65,14
1789074000,2026-09-10 19:00,2026-09-10 21:00,4352.8,4356.2,4349.09,4352.87,14
1789074180,2026-09-10 19:03,2026-09-10 21:03,4352.92,4352.94,4347.77,4348.71,14
1789074360,2026-09-10 19:06,2026-09-10 21:06,4348.55,4350.97,4344.52,4344.6,14
1789074540,2026-09-10 19:09,2026-09-10 21:09,4344.75,4344.75,4340.99,4342.58,14
1789074720,2026-09-10 19:12,2026-09-10 21:12,4342.57,4343.92,4340.68,4341.26,14
1789074900,2026-09-10 19:15,2026-09-10 21:15,4341.28,4345.28,4339.14,4341.24,14
1789075080,2026-09-10 19:18,2026-09-10 21:18,4341.16,4343.79,4340.77,4343.55,14
1789075260,2026-09-10 19:21,2026-09-10 21:21,4343.59,4346.55,4342.33,4344.63,14
1789075440,2026-09-10 19:24,2026-09-10 21:24,4344.65,4345.51,4337.6,4338.58,14
1789075620,2026-09-10 19:27,2026-09-10 21:27,4338.62,4341.63,4337.54,4339.2,14
1789075800,2026-09-10 19:30,2026-09-10 21:30,4339.17,4339.17,4335.27,4335.82,14
1789075980,2026-09-10 19:33,2026-09-10 21:33,4335.76,4336.21,4332.42,4335.27,14
1789076160,2026-09-10 19:36,2026-09-10 21:36,4335.26,4335.89,4332.84,4334.06,14
1789076340,2026-09-10 19:39,2026-09-10 21:39,4334.14,4335.1,4331.85,4334.96,14
1789076520,2026-09-10 19:42,2026-09-10 21:42,4334.93,4335.8,4333.09,4334.06,14
1789076700,2026-09-10 19:45,2026-09-10 21:45,4333.99,4333.99,4331.1,4331.71,14
1789076880,2026-09-10 19:48,2026-09-10 21:48,4331.68,4334.44,4329.9,4333.06,14
1789077060,2026-09-10 19:51,2026-09-10 21:51,4333.01,4338.8,4331.97,4333.54,14
1789077240,2026-09-10 19:54,2026-09-10 21:54,4333.44,4336.87,4330.68,4335.53,14
1789077420,2026-09-10 19:57,2026-09-10 21:57,4335.72,4335.95,4330.91,4333.2,14
1789077600,2026-09-10 20:00,2026-09-10 22:00,4333.12,4333.12,4315.54,4315.58,14
1789077780,2026-09-10 20:03,2026-09-10 22:03,4315.62,4319.27,4313.93,4318.51,14
1789077960,2026-09-10 20:06,2026-09-10 22:06,4318.48,4320.74,4317.35,4318.29,14
1789078140,2026-09-10 20:09,2026-09-10 22:09,4318.09,4324.74,4317.37,4320.72,14
1789078320,2026-09-10 20:12,2026-09-10 22:12,4320.71,4323.76,4320.06,4322.43,14
1789078500,2026-09-10 20:15,2026-09-10 22:15,4322.44,4323.83,4319.38,4320.7,14
1789078680,2026-09-10 20:18,2026-09-10 22:18,4320.59,4324.06,4319.73,4322.46,14
1789078860,2026-09-10 20:21,2026-09-10 22:21,4322.45,4325.05,4322.43,4323.79,14
1789079040,2026-09-10 20:24,2026-09-10 22:24,4323.77,4330.96,4323.75,4329.62,14
1789079220,2026-09-10 20:27,2026-09-10 22:27,4329.58,4330.61,4326.13,4327.3,14
1789079400,2026-09-10 20:30,2026-09-10 22:30,4327.19,4329.36,4324.79,4327.07,14
1789079580,2026-09-10 20:33,2026-09-10 22:33,4327.06,4327.27,4324.64,4326.42,14
1789079760,2026-09-10 20:36,2026-09-10 22:36,4326.41,4327.89,4323.89,4326.22,14
1789079940,2026-09-10 20:39,2026-09-10 22:39,4326.09,4327.94,4325.33,4326.46,14
1789080120,2026-09-10 20:42,2026-09-10 22:42,4326.49,4327.19,4323.6,4324.55,14
1789080300,2026-09-10 20:45,2026-09-10 22:45,4324.56,4326.08,4322.88,4323.72,14
1789080480,2026-09-10 20:48,2026-09-10 22:48,4323.75,4324.08,4320.87,4321.39,14
1789080660,2026-09-10 20:51,2026-09-10 22:51,4321.37,4324.88,4320.11,4324.88,14
1789080840,2026-09-10 20:54,2026-09-10 22:54,4324.8,4325.1,4322.63,4324.27,14
1789081020,2026-09-10 20:57,2026-09-10 22:57,4324.26,4324.76,4322.53,4324.71,14
1789081200,2026-09-10 21:00,2026-09-10 23:00,4324.7,4324.75,4321.82,4322.25,14
1789081380,2026-09-10 21:03,2026-09-10 23:03,4322.18,4322.75,4319.96,4322.08,17
1789081560,2026-09-10 21:06,2026-09-10 23:06,4322.41,4322.81,4321.74,4322.44,17
1789081740,2026-09-10 21:09,2026-09-10 23:09,4322.76,4324.34,4322.67,4322.86,17
1789081920,2026-09-10 21:12,2026-09-10 23:12,4322.79,4323.3,4322.35,4323.16,17
1789082100,2026-09-10 21:15,2026-09-10 23:15,4323.19,4323.26,4322.13,4322.37,17
1789082280,2026-09-10 21:18,2026-09-10 23:18,4322.34,4323.03,4318.5,4318.84,17
1789082460,2026-09-10 21:21,2026-09-10 23:21,4319.18,4319.2,4316.62,4317.34,17
1789082640,2026-09-10 21:24,2026-09-10 23:24,4317.36,4318.54,4316.23,4318.43,17
1789082820,2026-09-10 21:27,2026-09-10 23:27,4318.42,4319.18,4318.02,4318.49,17
1789083000,2026-09-10 21:30,2026-09-10 23:30,4318.48,4318.76,4316.55,4317.55,17
1789083180,2026-09-10 21:33,2026-09-10 23:33,4317.53,4318.07,4316.39,4316.87,17
1789083360,2026-09-10 21:36,2026-09-10 23:36,4316.88,4318.17,4315.64,4317.43,17
1789083540,2026-09-10 21:39,2026-09-10 23:39,4317.38,4318.2,4315.72,4317.58,17
1789083720,2026-09-10 21:42,2026-09-10 23:42,4317.59,4318.25,4316.48,4318.04,17
1789083900,2026-09-10 21:45,2026-09-10 23:45,4317.97,4318.87,4317.67,4318.21,17
1789084080,2026-09-10 21:48,2026-09-10 23:48,4318.19,4318.37,4314.52,4314.58,17
1789084260,2026-09-10 21:51,2026-09-10 23:51,4314.57,4316.97,4314.5,4316.97,17
1789084440,2026-09-10 21:54,2026-09-10 23:54,4317.12,4319.01,4316.84,4317.21,17
1789084620,2026-09-10 21:57,2026-09-10 23:57,4317.34,4317.45,4316.07,4316.71,17
1789088400,2026-09-10 23:00,2026-09-11 01:00,4320.89,4324.89,4316.49,4322.03,17
1789088580,2026-09-10 23:03,2026-09-11 01:03,4322.02,4325.04,4321.44,4321.88,17
1789088760,2026-09-10 23:06,2026-09-11 01:06,4321.87,4323.71,4320.91,4322.01,17
1789088940,2026-09-10 23:09,2026-09-11 01:09,4322.02,4323.33,4321.65,4322.01,17
1789089120,2026-09-10 23:12,2026-09-11 01:12,4322.1,4323.09,4321.09,4321.52,17
1789089300,2026-09-10 23:15,2026-09-11 01:15,4321.54,4322.32,4319.7,4320.71,14
1789089480,2026-09-10 23:18,2026-09-11 01:18,4320.76,4321.17,4319.39,4321.11,14
1789089660,2026-09-10 23:21,2026-09-11 01:21,4321.17,4321.78,4319.28,4319.49,14
1789089840,2026-09-10 23:24,2026-09-11 01:24,4319.56,4320.49,4319.04,4319.27,14
1789090020,2026-09-10 23:27,2026-09-11 01:27,4319.26,4320.55,4319.01,4319.73,14
1789090200,2026-09-10 23:30,2026-09-11 01:30,4319.67,4320.64,4315.68,4317.01,14
1789090380,2026-09-10 23:33,2026-09-11 01:33,4317.04,4319.16,4316.95,4318.29,14
1789090560,2026-09-10 23:36,2026-09-11 01:36,4317.72,4318.23,4316.66,4317.29,14
1789090740,2026-09-10 23:39,2026-09-11 01:39,4317.27,4317.42,4313.8,4315.53,14
1789090920,2026-09-10 23:42,2026-09-11 01:42,4315.48,4318.2,4314.89,4316.24,14
1789091100,2026-09-10 23:45,2026-09-11 01:45,4316.28,4317.76,4315.18,4317.18,14
1789091280,2026-09-10 23:48,2026-09-11 01:48,4317.07,4318.88,4316.25,4318.52,14
1789091460,2026-09-10 23:51,2026-09-11 01:51,4318.51,4319.35,4317.5,4317.5,14
1789091640,2026-09-10 23:54,2026-09-11 01:54,4317.47,4318.97,4317.14,4318.36,14
1789091820,2026-09-10 23:57,2026-09-11 01:57,4318.42,4318.85,4317.41,4318.39,14
1789092000,2026-09-11 00:00,2026-09-11 02:00,4318.09,4320.05,4317.38,4318.35,14
1789092180,2026-09-11 00:03,2026-09-11 02:03,4318.39,4319.55,4318.2,4319.08,14
1789092360,2026-09-11 00:06,2026-09-11 02:06,4318.97,4319.54,4318.0,4318.37,14
1789092540,2026-09-11 00:09,2026-09-11 02:09,4318.38,4319.12,4317.9,4318.48,14
1789092720,2026-09-11 00:12,2026-09-11 02:12,4318.37,4319.87,4316.48,4319.61,14
1789092900,2026-09-11 00:15,2026-09-11 02:15,4319.56,4319.8,4319.11,4319.34,14
1789093080,2026-09-11 00:18,2026-09-11 02:18,4319.3,4320.74,4319.26,4320.59,14
1789093260,2026-09-11 00:21,2026-09-11 02:21,4320.49,4320.92,4318.03,4318.11,14
1789093440,2026-09-11 00:24,2026-09-11 02:24,4318.05,4319.21,4317.49,4318.72,14
1789093620,2026-09-11 00:27,2026-09-11 02:27,4318.88,4318.89,4317.53,4318.1,14
1789093800,2026-09-11 00:30,2026-09-11 02:30,4318.09,4318.65,4317.06,4318.23,15
1789093980,2026-09-11 00:33,2026-09-11 02:33,4318.25,4320.51,4316.57,4316.93,14
1789094160,2026-09-11 00:36,2026-09-11 02:36,4316.71,4318.42,4314.72,4315.78,14
1789094340,2026-09-11 00:39,2026-09-11 02:39,4315.88,4318.41,4315.23,4315.85,14
1789094520,2026-09-11 00:42,2026-09-11 02:42,4315.92,4316.68,4315.45,4316.37,14
1789094700,2026-09-11 00:45,2026-09-11 02:45,4316.35,4318.08,4313.94,4315.37,14
1789094880,2026-09-11 00:48,2026-09-11 02:48,4315.24,4316.59,4314.08,4315.33,14
1789095060,2026-09-11 00:51,2026-09-11 02:51,4315.29,4315.85,4313.29,4314.16,14
1789095240,2026-09-11 00:54,2026-09-11 02:54,4314.18,4315.83,4311.3,4315.83,14
1789095420,2026-09-11 00:57,2026-09-11 02:57,4315.84,4316.48,4313.42,4315.09,14
1789095600,2026-09-11 01:00,2026-09-11 03:00,4315.02,4321.3,4312.56,4320.74,14
1789095780,2026-09-11 01:03,2026-09-11 03:03,4320.72,4321.38,4318.48,4319.78,14
1789095960,2026-09-11 01:06,2026-09-11 03:06,4319.75,4323.63,4319.02,4319.54,14
1789096140,2026-09-11 01:09,2026-09-11 03:09,4319.9,4320.72,4314.85,4315.78,14
1789096320,2026-09-11 01:12,2026-09-11 03:12,4315.73,4319.77,4315.64,4319.18,14
1789096500,2026-09-11 01:15,2026-09-11 03:15,4319.19,4321.3,4317.27,4319.9,14
1789096680,2026-09-11 01:18,2026-09-11 03:18,4319.95,4321.15,4319.14,4319.18,14
1789096860,2026-09-11 01:21,2026-09-11 03:21,4319.1,4322.28,4318.51,4321.39,14
1789097040,2026-09-11 01:24,2026-09-11 03:24,4321.31,4322.01,4317.53,4321.68,14
1789097220,2026-09-11 01:27,2026-09-11 03:27,4321.63,4324.18,4321.14,4324.11,14
1789097400,2026-09-11 01:30,2026-09-11 03:30,4324.0,4325.11,4319.85,4320.46,14
1789097580,2026-09-11 01:33,2026-09-11 03:33,4320.41,4323.14,4319.73,4321.37,14
1789097760,2026-09-11 01:36,2026-09-11 03:36,4321.36,4324.2,4320.87,4324.18,14
1789097940,2026-09-11 01:39,2026-09-11 03:39,4324.16,4325.79,4321.19,4321.73,14
1789098120,2026-09-11 01:42,2026-09-11 03:42,4321.72,4327.71,4321.35,4327.69,14
1789098300,2026-09-11 01:45,2026-09-11 03:45,4327.68,4332.15,4326.6,4332.04,14
1789098480,2026-09-11 01:48,2026-09-11 03:48,4332.07,4333.91,4331.77,4333.21,14
1789098660,2026-09-11 01:51,2026-09-11 03:51,4333.33,4333.61,4331.01,4333.58,14
1789098840,2026-09-11 01:54,2026-09-11 03:54,4333.51,4333.56,4331.4,4332.29,14
1789099020,2026-09-11 01:57,2026-09-11 03:57,4332.36,4333.27,4329.92,4331.85,14
1789099200,2026-09-11 02:00,2026-09-11 04:00,4331.67,4337.91,4327.91,4335.98,14
1789099380,2026-09-11 02:03,2026-09-11 04:03,4335.95,4340.56,4335.47,4337.68,14
1789099560,2026-09-11 02:06,2026-09-11 04:06,4337.73,4338.78,4333.49,4333.49,14
1789099740,2026-09-11 02:09,2026-09-11 04:09,4333.47,4338.67,4333.3,4338.32,14
1789099920,2026-09-11 02:12,2026-09-11 04:12,4338.25,4339.26,4332.87,4333.35,14
1789100100,2026-09-11 02:15,2026-09-11 04:15,4333.26,4337.7,4331.42,4335.99,14
1789100280,2026-09-11 02:18,2026-09-11 04:18,4335.94,4336.36,4330.56,4330.82,14
1789100460,2026-09-11 02:21,2026-09-11 04:21,4331.06,4331.08,4324.07,4325.06,14
1789100640,2026-09-11 02:24,2026-09-11 04:24,4325.05,4329.37,4320.89,4328.79,14
1789100820,2026-09-11 02:27,2026-09-11 04:27,4328.74,4330.6,4326.87,4327.87,14
1789101000,2026-09-11 02:30,2026-09-11 04:30,4327.93,4332.39,4327.91,4331.21,14
1789101180,2026-09-11 02:33,2026-09-11 04:33,4331.23,4334.65,4330.31,4333.57,14
1789101360,2026-09-11 02:36,2026-09-11 04:36,4333.51,4334.71,4331.55,4331.66,14
1789101540,2026-09-11 02:39,2026-09-11 04:39,4331.95,4331.99,4322.4,4324.21,14
1789101720,2026-09-11 02:42,2026-09-11 04:42,4324.24,4326.63,4323.27,4326.6,14
1789101900,2026-09-11 02:45,2026-09-11 04:45,4326.66,4326.86,4324.02,4325.5,14
1789102080,2026-09-11 02:48,2026-09-11 04:48,4325.47,4329.16,4324.63,4328.36,14
1789102260,2026-09-11 02:51,2026-09-11 04:51,4328.39,4330.29,4324.59,4324.64,14
1789102440,2026-09-11 02:54,2026-09-11 04:54,4325.0,4327.75,4324.27,4327.71,14
1789102620,2026-09-11 02:57,2026-09-11 04:57,4327.64,4329.57,4324.46,4329.11,14
1789102800,2026-09-11 03:00,2026-09-11 05:00,4329.14,4331.6,4329.13,4330.7,14
1789102980,2026-09-11 03:03,2026-09-11 05:03,4330.64,4333.46,4329.56,4332.16,14
1789103160,2026-09-11 03:06,2026-09-11 05:06,4332.2,4332.82,4327.73,4330.82,14
1789103340,2026-09-11 03:09,2026-09-11 05:09,4330.69,4331.43,4328.95,4330.16,14
1789103520,2026-09-11 03:12,2026-09-11 05:12,4330.12,4332.24,4328.9,4330.64,14
1789103700,2026-09-11 03:15,2026-09-11 05:15,4330.59,4332.8,4329.8,4332.3,14
1789103880,2026-09-11 03:18,2026-09-11 05:18,4332.51,4334.58,4331.17,4331.81,14
1789104060,2026-09-11 03:21,2026-09-11 05:21,4331.73,4332.23,4328.3,4328.83,14
1789104240,2026-09-11 03:24,2026-09-11 05:24,4328.86,4329.2,4324.19,4324.51,14
1789104420,2026-09-11 03:27,2026-09-11 05:27,4324.57,4327.91,4323.65,4325.19,14
1789104600,2026-09-11 03:30,2026-09-11 05:30,4325.04,4326.48,4317.23,4318.48,14
1789104780,2026-09-11 03:33,2026-09-11 05:33,4318.46,4320.94,4316.92,4317.41,14
1789104960,2026-09-11 03:36,2026-09-11 05:36,4317.39,4322.49,4317.22,4321.58,14
1789105140,2026-09-11 03:39,2026-09-11 05:39,4321.63,4325.9,4320.66,4324.03,14
1789105320,2026-09-11 03:42,2026-09-11 05:42,4324.07,4324.28,4318.96,4319.03,14
1789105500,2026-09-11 03:45,2026-09-11 05:45,4319.02,4321.73,4316.24,4319.64,14
1789105680,2026-09-11 03:48,2026-09-11 05:48,4319.66,4326.85,4318.26,4325.76,14
1789105860,2026-09-11 03:51,2026-09-11 05:51,4325.73,4326.89,4323.61,4325.33,14
1789106040,2026-09-11 03:54,2026-09-11 05:54,4325.11,4325.29,4321.13,4321.71,14
1789106220,2026-09-11 03:57,2026-09-11 05:57,4321.7,4324.14,4321.6,4322.88,14
1789106400,2026-09-11 04:00,2026-09-11 06:00,4322.87,4326.77,4321.87,4325.44,14
1789106580,2026-09-11 04:03,2026-09-11 06:03,4325.36,4325.79,4321.02,4321.43,14
1789106760,2026-09-11 04:06,2026-09-11 06:06,4321.42,4321.78,4314.93,4318.24,14
1789106940,2026-09-11 04:09,2026-09-11 06:09,4318.21,4319.62,4314.8,4315.44,14
1789107120,2026-09-11 04:12,2026-09-11 06:12,4315.46,4320.03,4314.82,4319.73,14
1789107300,2026-09-11 04:15,2026-09-11 06:15,4319.75,4321.5,4317.89,4318.21,14
1789107480,2026-09-11 04:18,2026-09-11 06:18,4318.11,4318.29,4314.25,4316.12,14
1789107660,2026-09-11 04:21,2026-09-11 06:21,4316.17,4316.17,4304.2,4306.73,14
1789107840,2026-09-11 04:24,2026-09-11 06:24,4306.84,4309.65,4304.98,4308.64,14
1789108020,2026-09-11 04:27,2026-09-11 06:27,4308.61,4310.74,4308.55,4309.17,14
1789108200,2026-09-11 04:30,2026-09-11 06:30,4309.12,4311.57,4306.33,4308.79,14
1789108380,2026-09-11 04:33,2026-09-11 06:33,4308.78,4309.31,4306.78,4307.83,14
1789108560,2026-09-11 04:36,2026-09-11 06:36,4307.62,4310.9,4306.58,4309.61,14
1789108740,2026-09-11 04:39,2026-09-11 06:39,4309.86,4310.84,4308.2,4309.0,14
1789108920,2026-09-11 04:42,2026-09-11 06:42,4309.31,4312.47,4306.71,4308.37,14
1789109100,2026-09-11 04:45,2026-09-11 06:45,4308.38,4308.48,4302.69,4303.19,14
1789109280,2026-09-11 04:48,2026-09-11 06:48,4303.44,4304.37,4300.77,4303.22,14
1789109460,2026-09-11 04:51,2026-09-11 06:51,4303.08,4303.68,4301.15,4302.64,14
1789109640,2026-09-11 04:54,2026-09-11 06:54,4302.61,4306.91,4300.92,4306.17,14
1789109820,2026-09-11 04:57,2026-09-11 06:57,4306.18,4306.85,4302.42,4304.13,14
1789110000,2026-09-11 05:00,2026-09-11 07:00,4304.1,4305.46,4301.81,4302.7,14
1789110180,2026-09-11 05:03,2026-09-11 07:03,4302.75,4310.71,4302.69,4310.58,14
1789110360,2026-09-11 05:06,2026-09-11 07:06,4310.71,4317.96,4310.02,4317.96,14
1789110540,2026-09-11 05:09,2026-09-11 07:09,4317.76,4323.51,4316.32,4319.32,14
1789110720,2026-09-11 05:12,2026-09-11 07:12,4319.29,4325.16,4319.21,4321.38,14
1789110900,2026-09-11 05:15,2026-09-11 07:15,4321.42,4322.17,4319.5,4319.69,14
1789111080,2026-09-11 05:18,2026-09-11 07:18,4319.7,4323.61,4319.28,4323.52,14
1789111260,2026-09-11 05:21,2026-09-11 07:21,4323.56,4326.34,4323.3,4326.34,14
1789111440,2026-09-11 05:24,2026-09-11 07:24,4326.3,4328.32,4325.81,4328.21,14
1789111620,2026-09-11 05:27,2026-09-11 07:27,4328.49,4329.32,4326.78,4328.73,14
1789111800,2026-09-11 05:30,2026-09-11 07:30,4328.76,4330.39,4327.86,4330.04,14
1789111980,2026-09-11 05:33,2026-09-11 07:33,4330.09,4330.09,4325.37,4326.2,14
1789112160,2026-09-11 05:36,2026-09-11 07:36,4326.21,4328.6,4325.62,4327.37,14
1789112340,2026-09-11 05:39,2026-09-11 07:39,4327.36,4330.29,4326.92,4329.5,14
1789112520,2026-09-11 05:42,2026-09-11 07:42,4329.44,4332.93,4329.16,4330.3,14
1789112700,2026-09-11 05:45,2026-09-11 07:45,4330.28,4332.79,4329.72,4330.09,14
1789112880,2026-09-11 05:48,2026-09-11 07:48,4330.05,4332.88,4328.88,4332.85,14
1789113060,2026-09-11 05:51,2026-09-11 07:51,4332.83,4334.7,4330.94,4333.16,14
1789113240,2026-09-11 05:54,2026-09-11 07:54,4333.17,4335.34,4331.94,4333.76,14
1789113420,2026-09-11 05:57,2026-09-11 07:57,4333.87,4335.01,4331.33,4331.93,14
1789113600,2026-09-11 06:00,2026-09-11 08:00,4332.14,4332.14,4328.27,4329.61,14
1789113780,2026-09-11 06:03,2026-09-11 08:03,4329.68,4332.37,4328.96,4330.93,14
1789113960,2026-09-11 06:06,2026-09-11 08:06,4330.86,4334.34,4329.69,4330.23,14
1789114140,2026-09-11 06:09,2026-09-11 08:09,4330.02,4335.44,4330.02,4335.09,14
1789114320,2026-09-11 06:12,2026-09-11 08:12,4335.04,4338.34,4333.98,4338.34,14
1789114500,2026-09-11 06:15,2026-09-11 08:15,4338.25,4338.52,4335.09,4335.23,14
1789114680,2026-09-11 06:18,2026-09-11 08:18,4335.21,4339.39,4334.8,4336.79,14
1789114860,2026-09-11 06:21,2026-09-11 08:21,4336.76,4337.7,4335.65,4337.36,14
1789115040,2026-09-11 06:24,2026-09-11 08:24,4337.4,4337.68,4333.53,4334.81,14
1789115220,2026-09-11 06:27,2026-09-11 08:27,4334.84,4335.2,4333.73,4334.64,14
1789115400,2026-09-11 06:30,2026-09-11 08:30,4334.56,4340.21,4333.8,4337.15,14
1789115580,2026-09-11 06:33,2026-09-11 08:33,4337.17,4341.11,4335.16,4338.62,14
1789115760,2026-09-11 06:36,2026-09-11 08:36,4338.63,4340.18,4336.48,4337.1,14
1789115940,2026-09-11 06:39,2026-09-11 08:39,4337.26,4339.5,4334.13,4335.64,14
1789116120,2026-09-11 06:42,2026-09-11 08:42,4335.71,4342.88,4335.34,4342.66,14
1789116300,2026-09-11 06:45,2026-09-11 08:45,4342.54,4346.94,4339.46,4345.88,14
1789116480,2026-09-11 06:48,2026-09-11 08:48,4345.87,4346.53,4342.98,4344.34,14
1789116660,2026-09-11 06:51,2026-09-11 08:51,4344.52,4347.57,4343.9,4344.44,14
1789116840,2026-09-11 06:54,2026-09-11 08:54,4344.47,4351.81,4344.26,4349.0,14
1789117020,2026-09-11 06:57,2026-09-11 08:57,4349.11,4349.46,4345.28,4345.84,17
1789117200,2026-09-11 07:00,2026-09-11 09:00,4345.87,4356.53,4345.54,4353.98,17
1789117380,2026-09-11 07:03,2026-09-11 09:03,4353.99,4355.54,4351.79,4352.36,17
1789117560,2026-09-11 07:06,2026-09-11 09:06,4352.46,4359.33,4351.64,4357.65,14
1789117740,2026-09-11 07:09,2026-09-11 09:09,4357.6,4357.91,4354.35,4355.83,14
1789117920,2026-09-11 07:12,2026-09-11 09:12,4355.76,4360.83,4354.37,4359.25,14
1789118100,2026-09-11 07:15,2026-09-11 09:15,4359.24,4360.31,4356.58,4357.31,14
1789118280,2026-09-11 07:18,2026-09-11 09:18,4357.42,4358.93,4356.2,4357.12,14
1789118460,2026-09-11 07:21,2026-09-11 09:21,4357.22,4357.22,4352.8,4353.15,14
1789118640,2026-09-11 07:24,2026-09-11 09:24,4353.11,4354.09,4351.13,4352.4,14
1789118820,2026-09-11 07:27,2026-09-11 09:27,4352.18,4353.64,4351.07,4351.52,14
1789119000,2026-09-11 07:30,2026-09-11 09:30,4351.49,4352.45,4349.79,4350.3,14
1789119180,2026-09-11 07:33,2026-09-11 09:33,4350.43,4350.57,4346.78,4349.06,14
1789119360,2026-09-11 07:36,2026-09-11 09:36,4349.03,4352.27,4349.03,4351.23,14
1789119540,2026-09-11 07:39,2026-09-11 09:39,4351.45,4354.17,4351.33,4354.16,14
1789119720,2026-09-11 07:42,2026-09-11 09:42,4354.17,4354.2,4349.3,4350.59,14
1789119900,2026-09-11 07:45,2026-09-11 09:45,4350.61,4353.24,4349.57,4353.21,14
1789120080,2026-09-11 07:48,2026-09-11 09:48,4353.26,4355.87,4351.18,4351.2,14
1789120260,2026-09-11 07:51,2026-09-11 09:51,4351.22,4352.18,4349.89,4351.91,14
1789120440,2026-09-11 07:54,2026-09-11 09:54,4351.88,4353.72,4350.81,4351.03,14
1789120620,2026-09-11 07:57,2026-09-11 09:57,4351.15,4354.26,4351.15,4353.2,14
1789120800,2026-09-11 08:00,2026-09-11 10:00,4353.18,4356.34,4352.27,4353.31,14
1789120980,2026-09-11 08:03,2026-09-11 10:03,4353.29,4356.01,4352.42,4355.5,14
1789121160,2026-09-11 08:06,2026-09-11 10:06,4355.43,4355.82,4350.31,4350.68,14
1789121340,2026-09-11 08:09,2026-09-11 10:09,4350.65,4354.22,4349.79,4354.22,14
1789121520,2026-09-11 08:12,2026-09-11 10:12,4354.14,4355.19,4351.19,4351.48,14
1789121700,2026-09-11 08:15,2026-09-11 10:15,4351.84,4352.31,4349.96,4351.54,14
1789121880,2026-09-11 08:18,2026-09-11 10:18,4351.55,4352.25,4349.43,4350.59,14
1789122060,2026-09-11 08:21,2026-09-11 10:21,4350.61,4351.8,4347.79,4350.77,14
1789122240,2026-09-11 08:24,2026-09-11 10:24,4350.94,4352.26,4347.34,4347.88,14
1789122420,2026-09-11 08:27,2026-09-11 10:27,4348.08,4349.06,4346.21,4346.62,14
1789122600,2026-09-11 08:30,2026-09-11 10:30,4346.35,4347.91,4345.53,4347.24,14
1789122780,2026-09-11 08:33,2026-09-11 10:33,4347.21,4347.21,4344.39,4345.11,14
1789122960,2026-09-11 08:36,2026-09-11 10:36,4345.04,4345.12,4343.21,4343.43,14
1789123140,2026-09-11 08:39,2026-09-11 10:39,4343.36,4345.71,4343.12,4344.35,14
1789123320,2026-09-11 08:42,2026-09-11 10:42,4344.32,4346.35,4343.63,4344.85,14
1789123500,2026-09-11 08:45,2026-09-11 10:45,4344.79,4345.03,4342.22,4342.77,14
1789123680,2026-09-11 08:48,2026-09-11 10:48,4342.97,4343.3,4341.75,4342.47,14
1789123860,2026-09-11 08:51,2026-09-11 10:51,4342.46,4342.98,4340.37,4341.9,14
1789124040,2026-09-11 08:54,2026-09-11 10:54,4341.96,4344.63,4341.6,4343.85,14
1789124220,2026-09-11 08:57,2026-09-11 10:57,4343.98,4345.04,4343.26,4344.79,14
1789124400,2026-09-11 09:00,2026-09-11 11:00,4344.98,4347.1,4343.85,4343.85,14
1789124580,2026-09-11 09:03,2026-09-11 11:03,4343.83,4344.93,4342.3,4344.21,14
1789124760,2026-09-11 09:06,2026-09-11 11:06,4344.31,4348.98,4344.31,4346.89,14
1789124940,2026-09-11 09:09,2026-09-11 11:09,4346.88,4348.12,4342.32,4344.23,14
1789125120,2026-09-11 09:12,2026-09-11 11:12,4344.24,4349.48,4343.72,4347.46,14
1789125300,2026-09-11 09:15,2026-09-11 11:15,4347.45,4350.35,4345.87,4349.08,14
1789125480,2026-09-11 09:18,2026-09-11 11:18,4349.06,4350.14,4344.61,4344.96,14
1789125660,2026-09-11 09:21,2026-09-11 11:21,4344.91,4348.18,4343.63,4348.18,14
1789125840,2026-09-11 09:24,2026-09-11 11:24,4348.19,4357.67,4347.82,4351.84,14
1789126020,2026-09-11 09:27,2026-09-11 11:27,4351.82,4352.73,4349.21,4351.79,14
1789126200,2026-09-11 09:30,2026-09-11 11:30,4351.63,4355.9,4351.16,4354.58,14
1789126380,2026-09-11 09:33,2026-09-11 11:33,4354.59,4354.89,4351.48,4352.35,14
1789126560,2026-09-11 09:36,2026-09-11 11:36,4352.26,4355.65,4351.83,4355.51,14
1789126740,2026-09-11 09:39,2026-09-11 11:39,4355.5,4356.76,4353.74,4356.51,14
1789126920,2026-09-11 09:42,2026-09-11 11:42,4356.52,4356.58,4351.92,4352.48,14
1789127100,2026-09-11 09:45,2026-09-11 11:45,4352.64,4355.54,4351.99,4352.18,14
1789127280,2026-09-11 09:48,2026-09-11 11:48,4352.2,4353.91,4349.4,4350.57,14
1789127460,2026-09-11 09:51,2026-09-11 11:51,4350.64,4352.5,4350.19,4352.5,14
1789127640,2026-09-11 09:54,2026-09-11 11:54,4352.43,4352.62,4347.9,4348.81,14
1789127820,2026-09-11 09:57,2026-09-11 11:57,4348.88,4349.36,4345.59,4347.24,14
1789128000,2026-09-11 10:00,2026-09-11 12:00,4347.4,4354.14,4347.4,4350.57,14
1789128180,2026-09-11 10:03,2026-09-11 12:03,4350.62,4350.99,4348.07,4348.77,14
1789128360,2026-09-11 10:06,2026-09-11 12:06,4348.79,4348.8,4346.6,4347.04,14
1789128540,2026-09-11 10:09,2026-09-11 12:09,4347.07,4347.12,4343.47,4344.1,14
1789128720,2026-09-11 10:12,2026-09-11 12:12,4344.09,4345.81,4342.39,4342.39,14
1789128900,2026-09-11 10:15,2026-09-11 12:15,4342.31,4344.0,4341.64,4343.63,14
1789129080,2026-09-11 10:18,2026-09-11 12:18,4343.65,4346.38,4342.89,4345.94,14
1789129260,2026-09-11 10:21,2026-09-11 12:21,4345.95,4346.43,4344.58,4346.02,14
1789129440,2026-09-11 10:24,2026-09-11 12:24,4345.86,4346.07,4343.77,4345.63,14
1789129620,2026-09-11 10:27,2026-09-11 12:27,4345.85,4346.11,4343.53,4343.89,14
1789129800,2026-09-11 10:30,2026-09-11 12:30,4343.97,4344.97,4341.51,4343.08,14
1789129980,2026-09-11 10:33,2026-09-11 12:33,4343.14,4345.09,4341.5,4343.13,14
1789130160,2026-09-11 10:36,2026-09-11 12:36,4343.33,4344.55,4342.43,4342.84,14
1789130340,2026-09-11 10:39,2026-09-11 12:39,4342.92,4343.58,4340.92,4341.81,14
1789130520,2026-09-11 10:42,2026-09-11 12:42,4341.82,4343.68,4341.47,4343.65,14
1789130700,2026-09-11 10:45,2026-09-11 12:45,4343.57,4343.88,4342.62,4343.14,14
1789130880,2026-09-11 10:48,2026-09-11 12:48,4343.23,4344.52,4342.54,4343.37,14
1789131060,2026-09-11 10:51,2026-09-11 12:51,4343.4,4344.77,4343.05,4343.76,14
1789131240,2026-09-11 10:54,2026-09-11 12:54,4343.77,4344.76,4343.18,4343.72,14
1789131420,2026-09-11 10:57,2026-09-11 12:57,4343.76,4347.86,4343.21,4346.22,14
1789131600,2026-09-11 11:00,2026-09-11 13:00,4346.38,4348.72,4341.57,4348.0,14
1789131780,2026-09-11 11:03,2026-09-11 13:03,4347.78,4349.87,4346.09,4349.13,14
1789131960,2026-09-11 11:06,2026-09-11 13:06,4349.1,4349.1,4345.71,4346.89,14
1789132140,2026-09-11 11:09,2026-09-11 13:09,4346.88,4347.86,4343.49,4346.26,14
1789132320,2026-09-11 11:12,2026-09-11 13:12,4346.29,4346.63,4344.84,4346.28,14
1789132500,2026-09-11 11:15,2026-09-11 13:15,4346.06,4347.76,4345.9,4346.43,14
1789132680,2026-09-11 11:18,2026-09-11 13:18,4346.46,4350.01,4346.32,4348.1,14
1789132860,2026-09-11 11:21,2026-09-11 13:21,4348.11,4348.61,4345.8,4346.23,14
1789133040,2026-09-11 11:24,2026-09-11 13:24,4346.18,4350.09,4346.18,4348.23,14
1789133220,2026-09-11 11:27,2026-09-11 13:27,4348.27,4349.46,4346.97,4349.41,14
1789133400,2026-09-11 11:30,2026-09-11 13:30,4349.43,4349.74,4347.13,4349.02,14
1789133580,2026-09-11 11:33,2026-09-11 13:33,4349.08,4349.34,4347.13,4348.49,14
1789133760,2026-09-11 11:36,2026-09-11 13:36,4348.44,4348.86,4344.11,4345.75,14
1789133940,2026-09-11 11:39,2026-09-11 13:39,4345.66,4346.82,4343.78,4344.4,14
1789134120,2026-09-11 11:42,2026-09-11 13:42,4344.44,4346.56,4344.44,4345.23,14
1789134300,2026-09-11 11:45,2026-09-11 13:45,4345.24,4345.52,4342.34,4342.9,14
1789134480,2026-09-11 11:48,2026-09-11 13:48,4342.89,4343.59,4340.59,4341.93,14
1789134660,2026-09-11 11:51,2026-09-11 13:51,4341.94,4342.69,4340.51,4340.91,14
1789134840,2026-09-11 11:54,2026-09-11 13:54,4340.93,4341.38,4338.17,4338.29,14
1789135020,2026-09-11 11:57,2026-09-11 13:57,4338.22,4338.61,4336.66,4337.43,14
1789135200,2026-09-11 12:00,2026-09-11 14:00,4337.42,4340.62,4337.24,4339.42,14
1789135380,2026-09-11 12:03,2026-09-11 14:03,4339.36,4342.64,4339.18,4339.5,14
1789135560,2026-09-11 12:06,2026-09-11 14:06,4339.54,4339.55,4337.24,4338.07,14
1789135740,2026-09-11 12:09,2026-09-11 14:09,4338.12,4338.77,4334.71,4336.17,14
1789135920,2026-09-11 12:12,2026-09-11 14:12,4336.26,4338.52,4335.85,4337.99,14
1789136100,2026-09-11 12:15,2026-09-11 14:15,4338.02,4338.26,4335.9,4337.14,14
1789136280,2026-09-11 12:18,2026-09-11 14:18,4336.92,4339.16,4336.86,4337.58,14
1789136460,2026-09-11 12:21,2026-09-11 14:21,4337.8,4339.82,4336.91,4339.2,14
1789136640,2026-09-11 12:24,2026-09-11 14:24,4339.18,4341.79,4337.91,4337.91,14
1789136820,2026-09-11 12:27,2026-09-11 14:27,4338.04,4339.48,4336.25,4336.54,14
1789137000,2026-09-11 12:30,2026-09-11 14:30,4336.33,4337.48,4333.96,4334.38,14
1789137180,2026-09-11 12:33,2026-09-11 14:33,4334.39,4335.78,4330.26,4330.73,14
1789137360,2026-09-11 12:36,2026-09-11 14:36,4330.8,4334.1,4330.07,4333.89,14
1789137540,2026-09-11 12:39,2026-09-11 14:39,4333.84,4334.18,4332.04,4333.38,14
1789137720,2026-09-11 12:42,2026-09-11 14:42,4333.39,4334.65,4330.14,4334.65,14
1789137900,2026-09-11 12:45,2026-09-11 14:45,4334.75,4335.83,4332.95,4333.22,14
1789138080,2026-09-11 12:48,2026-09-11 14:48,4333.17,4336.25,4332.85,4334.75,14
1789138260,2026-09-11 12:51,2026-09-11 14:51,4334.62,4334.93,4332.84,4334.16,14
1789138440,2026-09-11 12:54,2026-09-11 14:54,4334.13,4334.59,4330.82,4331.67,14
1789138620,2026-09-11 12:57,2026-09-11 14:57,4331.56,4333.95,4331.56,4333.59,14
1789138800,2026-09-11 13:00,2026-09-11 15:00,4333.6,4334.89,4331.54,4331.7,14
1789138980,2026-09-11 13:03,2026-09-11 15:03,4331.62,4332.51,4328.78,4330.02,14
1789139160,2026-09-11 13:06,2026-09-11 15:06,4330.04,4330.24,4326.36,4327.36,14
1789139340,2026-09-11 13:09,2026-09-11 15:09,4327.39,4331.04,4326.36,4330.93,14
1789139520,2026-09-11 13:12,2026-09-11 15:12,4331.0,4332.79,4325.01,4328.08,14
1789139700,2026-09-11 13:15,2026-09-11 15:15,4328.12,4333.21,4327.54,4332.92,14
1789139880,2026-09-11 13:18,2026-09-11 15:18,4332.95,4334.18,4329.35,4331.94,14
1789140060,2026-09-11 13:21,2026-09-11 15:21,4331.95,4333.83,4329.73,4331.7,14
1789140240,2026-09-11 13:24,2026-09-11 15:24,4331.67,4333.87,4328.25,4333.1,14
1789140420,2026-09-11 13:27,2026-09-11 15:27,4333.23,4343.34,4332.55,4341.02,17
1789140600,2026-09-11 13:30,2026-09-11 15:30,4341.0,4349.05,4292.47,4321.8,20
1789140780,2026-09-11 13:33,2026-09-11 15:33,4321.81,4339.78,4318.04,4335.0,20
1789140960,2026-09-11 13:36,2026-09-11 15:36,4335.05,4343.31,4333.33,4342.71,14
1789141140,2026-09-11 13:39,2026-09-11 15:39,4342.66,4362.78,4342.66,4358.91,14
1789141320,2026-09-11 13:42,2026-09-11 15:42,4358.93,4362.32,4351.74,4353.85,14
1789141500,2026-09-11 13:45,2026-09-11 15:45,4353.86,4366.72,4352.34,4360.25,14
1789141680,2026-09-11 13:48,2026-09-11 15:48,4360.22,4370.98,4357.28,4369.83,14
1789141860,2026-09-11 13:51,2026-09-11 15:51,4369.68,4379.36,4369.68,4377.79,14
1789142040,2026-09-11 13:54,2026-09-11 15:54,4378.1,4382.59,4376.43,4379.19,14
1789142220,2026-09-11 13:57,2026-09-11 15:57,4379.09,4390.15,4377.39,4388.46,14
1789142400,2026-09-11 14:00,2026-09-11 16:00,4388.31,4393.26,4384.98,4389.53,14
1789142580,2026-09-11 14:03,2026-09-11 16:03,4389.48,4394.45,4386.36,4393.13,14
1789142760,2026-09-11 14:06,2026-09-11 16:06,4393.09,4393.19,4381.62,4384.77,14
1789142940,2026-09-11 14:09,2026-09-11 16:09,4384.68,4385.9,4380.61,4382.83,14
1789143120,2026-09-11 14:12,2026-09-11 16:12,4382.77,4391.32,4380.84,4389.26,14
1789143300,2026-09-11 14:15,2026-09-11 16:15,4389.33,4390.38,4381.72,4382.21,14
1789143480,2026-09-11 14:18,2026-09-11 16:18,4382.18,4389.66,4381.86,4385.53,14
1789143660,2026-09-11 14:21,2026-09-11 16:21,4385.24,4386.22,4380.58,4383.73,14
1789143840,2026-09-11 14:24,2026-09-11 16:24,4383.77,4388.48,4382.59,4387.67,14
1789144020,2026-09-11 14:27,2026-09-11 16:27,4387.65,4398.65,4384.43,4390.04,14
1789144200,2026-09-11 14:30,2026-09-11 16:30,4389.99,4390.98,4381.54,4384.86,15
1789144380,2026-09-11 14:33,2026-09-11 16:33,4384.95,4400.32,4383.92,4396.12,14
1789144560,2026-09-11 14:36,2026-09-11 16:36,4396.19,4397.19,4383.71,4385.68,14
1789144740,2026-09-11 14:39,2026-09-11 16:39,4385.74,4398.92,4385.02,4392.01,14
1789144920,2026-09-11 14:42,2026-09-11 16:42,4391.89,4394.7,4388.26,4394.47,14
1789145100,2026-09-11 14:45,2026-09-11 16:45,4394.49,4400.53,4392.54,4400.09,14
1789145280,2026-09-11 14:48,2026-09-11 16:48,4399.95,4400.38,4389.9,4392.4,14
1789145460,2026-09-11 14:51,2026-09-11 16:51,4392.39,4392.78,4387.09,4390.91,14
1789145640,2026-09-11 14:54,2026-09-11 16:54,4390.94,4391.63,4388.37,4390.0,14
1789145820,2026-09-11 14:57,2026-09-11 16:57,4390.31,4402.91,4387.19,4401.98,14
1789146000,2026-09-11 15:00,2026-09-11 17:00,4401.96,4402.5,4381.72,4384.29,14
1789146180,2026-09-11 15:03,2026-09-11 17:03,4384.49,4391.09,4384.49,4387.05,14
1789146360,2026-09-11 15:06,2026-09-11 17:06,4387.04,4392.24,4385.57,4389.12,14
1789146540,2026-09-11 15:09,2026-09-11 17:09,4389.1,4389.17,4384.54,4386.78,14
1789146720,2026-09-11 15:12,2026-09-11 17:12,4386.77,4386.97,4382.31,4383.01,14
1789146900,2026-09-11 15:15,2026-09-11 17:15,4382.92,4385.1,4378.05,4379.81,14
1789147080,2026-09-11 15:18,2026-09-11 17:18,4379.75,4384.19,4375.7,4382.81,14
1789147260,2026-09-11 15:21,2026-09-11 17:21,4382.88,4385.49,4380.78,4381.52,14
1789147440,2026-09-11 15:24,2026-09-11 17:24,4381.65,4382.28,4374.43,4376.0,14
1789147620,2026-09-11 15:27,2026-09-11 17:27,4376.04,4378.64,4374.67,4375.32,14
1789147800,2026-09-11 15:30,2026-09-11 17:30,4375.34,4375.66,4371.24,4373.91,14
1789147980,2026-09-11 15:33,2026-09-11 17:33,4373.7,4375.83,4370.5,4371.01,14
1789148160,2026-09-11 15:36,2026-09-11 17:36,4370.98,4371.28,4364.85,4366.18,14
1789148340,2026-09-11 15:39,2026-09-11 17:39,4366.07,4371.77,4365.56,4370.98,14
1789148520,2026-09-11 15:42,2026-09-11 17:42,4370.96,4372.26,4368.34,4371.56,14
1789148700,2026-09-11 15:45,2026-09-11 17:45,4371.54,4378.33,4371.29,4374.2,14
1789148880,2026-09-11 15:48,2026-09-11 17:48,4374.16,4384.63,4372.4,4380.87,14
1789149060,2026-09-11 15:51,2026-09-11 17:51,4380.95,4384.3,4378.55,4379.44,14
1789149240,2026-09-11 15:54,2026-09-11 17:54,4379.32,4381.3,4374.41,4375.86,14
1789149420,2026-09-11 15:57,2026-09-11 17:57,4375.83,4375.83,4370.6,4371.06,14
1789149600,2026-09-11 16:00,2026-09-11 18:00,4370.98,4372.98,4367.94,4368.74,14
1789149780,2026-09-11 16:03,2026-09-11 18:03,4368.67,4370.88,4366.56,4369.64,14
1789149960,2026-09-11 16:06,2026-09-11 18:06,4369.58,4370.23,4362.47,4363.92,14
1789150140,2026-09-11 16:09,2026-09-11 18:09,4363.87,4364.27,4361.61,4363.12,14
1789150320,2026-09-11 16:12,2026-09-11 18:12,4363.17,4363.62,4359.24,4362.69,14
1789150500,2026-09-11 16:15,2026-09-11 18:15,4362.63,4366.43,4362.06,4365.32,14
1789150680,2026-09-11 16:18,2026-09-11 18:18,4365.3,4365.34,4361.53,4363.51,14
1789150860,2026-09-11 16:21,2026-09-11 18:21,4363.45,4368.08,4363.42,4366.11,14
1789151040,2026-09-11 16:24,2026-09-11 18:24,4366.1,4368.16,4363.83,4366.86,14
1789151220,2026-09-11 16:27,2026-09-11 18:27,4366.89,4372.61,4366.89,4370.74,14
1789151400,2026-09-11 16:30,2026-09-11 18:30,4370.63,4374.46,4369.13,4374.1,14
1789151580,2026-09-11 16:33,2026-09-11 18:33,4374.12,4375.75,4370.74,4372.58,14
1789151760,2026-09-11 16:36,2026-09-11 18:36,4372.61,4377.5,4371.21,4374.68,14
1789151940,2026-09-11 16:39,2026-09-11 18:39,4374.9,4375.35,4370.42,4371.47,14
1789152120,2026-09-11 16:42,2026-09-11 18:42,4371.5,4375.63,4371.43,4372.86,14
1789152300,2026-09-11 16:45,2026-09-11 18:45,4372.84,4373.34,4369.72,4370.0,14
1789152480,2026-09-11 16:48,2026-09-11 18:48,4369.88,4373.93,4368.56,4373.39,14
1789152660,2026-09-11 16:51,2026-09-11 18:51,4373.41,4374.02,4367.15,4367.53,14
1789152840,2026-09-11 16:54,2026-09-11 18:54,4367.49,4369.46,4365.75,4366.18,14
1789153020,2026-09-11 16:57,2026-09-11 18:57,4366.06,4367.62,4365.41,4367.2,14
1789153200,2026-09-11 17:00,2026-09-11 19:00,4367.24,4371.05,4366.77,4370.3,14
1789153380,2026-09-11 17:03,2026-09-11 19:03,4370.31,4373.01,4369.42,4371.05,14
1789153560,2026-09-11 17:06,2026-09-11 19:06,4371.05,4371.74,4366.43,4367.0,14
1789153740,2026-09-11 17:09,2026-09-11 19:09,4366.99,4369.12,4366.66,4368.5,14
1789153920,2026-09-11 17:12,2026-09-11 19:12,4368.64,4368.66,4361.01,4361.58,14
1789154100,2026-09-11 17:15,2026-09-11 19:15,4361.55,4363.57,4360.25,4362.68,14
1789154280,2026-09-11 17:18,2026-09-11 19:18,4362.72,4364.05,4358.73,4358.93,14
1789154460,2026-09-11 17:21,2026-09-11 19:21,4358.9,4360.54,4354.88,4355.32,14
1789154640,2026-09-11 17:24,2026-09-11 19:24,4355.35,4357.0,4351.88,4356.62,14
1789154820,2026-09-11 17:27,2026-09-11 19:27,4356.74,4362.81,4354.67,4355.05,14
1789155000,2026-09-11 17:30,2026-09-11 19:30,4355.18,4361.6,4353.59,4360.95,14
1789155180,2026-09-11 17:33,2026-09-11 19:33,4360.96,4365.92,4360.76,4362.65,14
1789155360,2026-09-11 17:36,2026-09-11 19:36,4362.56,4363.56,4359.21,4362.39,14
1789155540,2026-09-11 17:39,2026-09-11 19:39,4362.37,4364.51,4358.9,4364.47,14
1789155720,2026-09-11 17:42,2026-09-11 19:42,4364.34,4364.6,4360.84,4363.73,14
1789155900,2026-09-11 17:45,2026-09-11 19:45,4363.84,4365.2,4362.6,4362.87,14
1789156080,2026-09-11 17:48,2026-09-11 19:48,4362.62,4363.74,4360.4,4360.91,14
1789156260,2026-09-11 17:51,2026-09-11 19:51,4360.92,4361.87,4360.35,4361.03,14
1789156440,2026-09-11 17:54,2026-09-11 19:54,4361.01,4362.96,4360.84,4362.19,14
1789156620,2026-09-11 17:57,2026-09-11 19:57,4362.13,4363.54,4361.2,4361.9,14
1789156800,2026-09-11 18:00,2026-09-11 20:00,4362.13,4364.34,4360.83,4363.12,14
1789156980,2026-09-11 18:03,2026-09-11 20:03,4363.15,4363.76,4361.44,4362.75,14
1789157160,2026-09-11 18:06,2026-09-11 20:06,4362.78,4369.27,4362.61,4363.4,14
1789157340,2026-09-11 18:09,2026-09-11 20:09,4363.39,4365.86,4362.07,4364.53,14
1789157520,2026-09-11 18:12,2026-09-11 20:12,4364.49,4367.14,4363.93,4365.22,14
1789157700,2026-09-11 18:15,2026-09-11 20:15,4365.43,4366.77,4363.24,4366.67,14
1789157880,2026-09-11 18:18,2026-09-11 20:18,4366.44,4369.34,4365.54,4367.42,14
1789158060,2026-09-11 18:21,2026-09-11 20:21,4367.41,4368.67,4365.62,4368.06,14
1789158240,2026-09-11 18:24,2026-09-11 20:24,4367.93,4369.6,4366.65,4366.68,14
1789158420,2026-09-11 18:27,2026-09-11 20:27,4366.86,4368.44,4366.04,4366.91,14
1789158600,2026-09-11 18:30,2026-09-11 20:30,4366.88,4370.48,4365.27,4368.59,14
1789158780,2026-09-11 18:33,2026-09-11 20:33,4368.7,4369.58,4367.86,4368.3,14
1789158960,2026-09-11 18:36,2026-09-11 20:36,4368.55,4369.24,4362.83,4363.46,14
1789159140,2026-09-11 18:39,2026-09-11 20:39,4363.35,4363.54,4360.65,4361.02,14
1789159320,2026-09-11 18:42,2026-09-11 20:42,4361.01,4363.46,4359.8,4362.04,14
1789159500,2026-09-11 18:45,2026-09-11 20:45,4361.87,4361.95,4359.32,4360.07,14
1789159680,2026-09-11 18:48,2026-09-11 20:48,4360.02,4362.51,4359.82,4361.53,14
1789159860,2026-09-11 18:51,2026-09-11 20:51,4361.57,4363.99,4361.01,4363.13,14
1789160040,2026-09-11 18:54,2026-09-11 20:54,4363.05,4363.2,4359.51,4360.02,14
1789160220,2026-09-11 18:57,2026-09-11 20:57,4360.03,4360.03,4357.96,4358.47,14
1789160400,2026-09-11 19:00,2026-09-11 21:00,4358.5,4359.62,4357.08,4359.48,14
1789160580,2026-09-11 19:03,2026-09-11 21:03,4359.48,4360.36,4357.71,4358.12,14
1789160760,2026-09-11 19:06,2026-09-11 21:06,4358.25,4358.9,4355.24,4355.65,14
1789160940,2026-09-11 19:09,2026-09-11 21:09,4355.69,4356.5,4353.78,4354.59,14
1789161120,2026-09-11 19:12,2026-09-11 21:12,4354.66,4354.83,4346.22,4347.06,14
1789161300,2026-09-11 19:15,2026-09-11 21:15,4346.95,4350.7,4344.96,4349.94,14
1789161480,2026-09-11 19:18,2026-09-11 21:18,4349.93,4352.13,4345.35,4346.84,14
1789161660,2026-09-11 19:21,2026-09-11 21:21,4346.86,4350.12,4344.31,4347.89,14
1789161840,2026-09-11 19:24,2026-09-11 21:24,4347.97,4351.0,4347.63,4348.75,14
1789162020,2026-09-11 19:27,2026-09-11 21:27,4348.73,4353.12,4348.73,4350.73,14
1789162200,2026-09-11 19:30,2026-09-11 21:30,4350.75,4351.76,4345.8,4347.18,14
1789162380,2026-09-11 19:33,2026-09-11 21:33,4347.2,4348.67,4346.14,4348.54,14
1789162560,2026-09-11 19:36,2026-09-11 21:36,4348.47,4350.55,4347.73,4347.98,14
1789162740,2026-09-11 19:39,2026-09-11 21:39,4347.91,4348.73,4346.92,4347.51,14
1789162920,2026-09-11 19:42,2026-09-11 21:42,4347.44,4349.33,4347.12,4347.12,14
1789163100,2026-09-11 19:45,2026-09-11 21:45,4347.09,4347.61,4345.08,4346.37,14
1789163280,2026-09-11 19:48,2026-09-11 21:48,4346.31,4346.52,4344.29,4345.8,14
1789163460,2026-09-11 19:51,2026-09-11 21:51,4345.84,4346.99,4344.85,4345.33,14
1789163640,2026-09-11 19:54,2026-09-11 21:54,4345.34,4346.96,4344.77,4346.49,14
1789163820,2026-09-11 19:57,2026-09-11 21:57,4346.44,4347.32,4345.88,4346.95,14
1789164000,2026-09-11 20:00,2026-09-11 22:00,4347.11,4348.44,4345.54,4347.12,14
1789164180,2026-09-11 20:03,2026-09-11 22:03,4347.03,4348.31,4345.33,4347.19,14
1789164360,2026-09-11 20:06,2026-09-11 22:06,4347.23,4349.01,4344.4,4348.57,14
1789164540,2026-09-11 20:09,2026-09-11 22:09,4348.54,4349.73,4347.22,4349.62,14
1789164720,2026-09-11 20:12,2026-09-11 22:12,4349.63,4352.21,4349.41,4352.18,14
1789164900,2026-09-11 20:15,2026-09-11 22:15,4352.13,4353.99,4350.64,4351.1,14
1789165080,2026-09-11 20:18,2026-09-11 22:18,4351.32,4352.22,4349.31,4350.45,14
1789165260,2026-09-11 20:21,2026-09-11 22:21,4350.41,4351.31,4349.13,4351.13,14
1789165440,2026-09-11 20:24,2026-09-11 22:24,4351.19,4353.26,4350.29,4351.49,14
1789165620,2026-09-11 20:27,2026-09-11 22:27,4351.54,4351.54,4347.54,4347.57,14
1789165800,2026-09-11 20:30,2026-09-11 22:30,4347.64,4348.52,4345.8,4346.07,14
1789165980,2026-09-11 20:33,2026-09-11 22:33,4346.17,4348.3,4345.27,4346.94,14
1789166160,2026-09-11 20:36,2026-09-11 22:36,4346.95,4347.64,4345.9,4346.4,14
1789166340,2026-09-11 20:39,2026-09-11 22:39,4346.36,4348.37,4345.91,4347.93,14
1789166520,2026-09-11 20:42,2026-09-11 22:42,4347.92,4347.97,4345.7,4346.3,14
1789166700,2026-09-11 20:45,2026-09-11 22:45,4346.28,4346.5,4343.32,4344.51,14
1789166880,2026-09-11 20:48,2026-09-11 22:48,4344.42,4344.96,4342.92,4344.44,14
1789167060,2026-09-11 20:51,2026-09-11 22:51,4344.45,4345.94,4342.9,4344.05,14
1789167240,2026-09-11 20:54,2026-09-11 22:54,4344.1,4346.93,4344.08,4346.08,14
1789167420,2026-09-11 20:57,2026-09-11 22:57,4346.07,4349.64,4346.04,4348.64,14
1789167600,2026-09-11 21:00,2026-09-11 23:00,4348.58,4351.65,4348.43,4348.63,14
1789167780,2026-09-11 21:03,2026-09-11 23:03,4348.65,4349.96,4348.15,4349.87,17
1789167960,2026-09-11 21:06,2026-09-11 23:06,4349.84,4350.84,4349.62,4350.09,17
1789168140,2026-09-11 21:09,2026-09-11 23:09,4350.1,4350.42,4348.52,4348.88,17
1789168320,2026-09-11 21:12,2026-09-11 23:12,4348.89,4349.32,4348.36,4348.43,17
1789168500,2026-09-11 21:15,2026-09-11 23:15,4348.31,4348.44,4347.13,4347.59,17
1789168680,2026-09-11 21:18,2026-09-11 23:18,4347.6,4350.04,4346.3,4350.0,17
1789168860,2026-09-11 21:21,2026-09-11 23:21,4350.05,4350.48,4349.3,4350.02,17
1789169040,2026-09-11 21:24,2026-09-11 23:24,4350.03,4350.32,4349.19,4349.2,17
1789169220,2026-09-11 21:27,2026-09-11 23:27,4349.19,4349.67,4348.46,4348.87,17
1789169400,2026-09-11 21:30,2026-09-11 23:30,4348.85,4349.05,4347.22,4347.84,17
1789169580,2026-09-11 21:33,2026-09-11 23:33,4347.79,4348.12,4347.18,4347.71,17
1789169760,2026-09-11 21:36,2026-09-11 23:36,4347.66,4349.24,4347.31,4349.06,17
1789169940,2026-09-11 21:39,2026-09-11 23:39,4349.05,4349.05,4347.77,4347.8,17
1789170120,2026-09-11 21:42,2026-09-11 23:42,4347.83,4347.99,4345.94,4346.59,17
1789170300,2026-09-11 21:45,2026-09-11 23:45,4346.65,4349.57,4346.54,4348.14,17
1789170480,2026-09-11 21:48,2026-09-11 23:48,4348.13,4348.13,4347.09,4347.21,17
1789170660,2026-09-11 21:51,2026-09-11 23:51,4347.22,4348.23,4345.54,4347.1,17
1789170840,2026-09-11 21:54,2026-09-11 23:54,4346.77,4348.97,4346.46,4348.38,17
1789171020,2026-09-11 21:57,2026-09-11 23:57,4348.24,4349.29,4348.18,4348.83,17
1789347600,2026-09-13 23:00,2026-09-14 01:00,4324.8,4338.37,4323.64,4336.58,17
1789347780,2026-09-13 23:03,2026-09-14 01:03,4336.52,4341.25,4334.1,4339.36,17
1789347960,2026-09-13 23:06,2026-09-14 01:06,4339.63,4340.1,4333.86,4333.86,17
1789348140,2026-09-13 23:09,2026-09-14 01:09,4334.0,4334.52,4330.06,4331.37,17
1789348320,2026-09-13 23:12,2026-09-14 01:12,4331.48,4334.37,4330.31,4331.15,17
1789348500,2026-09-13 23:15,2026-09-14 01:15,4331.24,4333.72,4330.04,4330.49,14
1789348680,2026-09-13 23:18,2026-09-14 01:18,4330.58,4335.3,4330.58,4333.11,14
1789348860,2026-09-13 23:21,2026-09-14 01:21,4332.99,4334.23,4329.78,4329.94,14
1789349040,2026-09-13 23:24,2026-09-14 01:24,4329.93,4333.19,4328.48,4332.97,14
1789349220,2026-09-13 23:27,2026-09-14 01:27,4333.1,4336.58,4333.08,4336.25,14
1789349400,2026-09-13 23:30,2026-09-14 01:30,4336.18,4337.06,4334.82,4335.77,14
1789349580,2026-09-13 23:33,2026-09-14 01:33,4335.91,4337.94,4335.15,4335.47,14
1789349760,2026-09-13 23:36,2026-09-14 01:36,4335.38,4337.02,4335.17,4335.91,14
1789349940,2026-09-13 23:39,2026-09-14 01:39,4335.86,4336.44,4334.79,4336.0,14
1789350120,2026-09-13 23:42,2026-09-14 01:42,4336.02,4337.44,4333.76,4337.14,14
1789350300,2026-09-13 23:45,2026-09-14 01:45,4337.22,4337.86,4335.77,4336.05,15
1789350480,2026-09-13 23:48,2026-09-14 01:48,4335.99,4336.68,4335.86,4335.89,15
1789350660,2026-09-13 23:51,2026-09-14 01:51,4335.95,4337.71,4335.19,4337.62,14
1789350840,2026-09-13 23:54,2026-09-14 01:54,4337.68,4340.03,4337.6,4338.62,14
1789351020,2026-09-13 23:57,2026-09-14 01:57,4338.59,4338.96,4337.56,4337.68,15
1789351200,2026-09-14 00:00,2026-09-14 02:00,4337.7,4342.27,4337.7,4341.11,14
1789351380,2026-09-14 00:03,2026-09-14 02:03,4341.09,4341.94,4340.71,4340.98,15
1789351560,2026-09-14 00:06,2026-09-14 02:06,4341.09,4341.71,4340.48,4341.69,15
1789351740,2026-09-14 00:09,2026-09-14 02:09,4341.64,4342.34,4340.8,4341.69,14
1789351920,2026-09-14 00:12,2026-09-14 02:12,4341.91,4341.95,4339.17,4339.17,15
1789352100,2026-09-14 00:15,2026-09-14 02:15,4339.13,4340.51,4338.52,4338.54,14
1789352280,2026-09-14 00:18,2026-09-14 02:18,4338.55,4338.84,4336.29,4336.51,14
1789352460,2026-09-14 00:21,2026-09-14 02:21,4336.52,4337.22,4335.57,4336.96,14
1789352640,2026-09-14 00:24,2026-09-14 02:24,4337.02,4338.6,4336.97,4337.7,14
1789352820,2026-09-14 00:27,2026-09-14 02:27,4337.67,4340.41,4336.88,4339.39,14
1789353000,2026-09-14 00:30,2026-09-14 02:30,4339.37,4340.36,4338.94,4340.14,14
1789353180,2026-09-14 00:33,2026-09-14 02:33,4340.36,4341.88,4339.71,4339.9,14
1789353360,2026-09-14 00:36,2026-09-14 02:36,4339.89,4341.53,4338.47,4341.24,14
1789353540,2026-09-14 00:39,2026-09-14 02:39,4341.41,4341.87,4338.35,4338.38,14
1789353720,2026-09-14 00:42,2026-09-14 02:42,4338.37,4339.0,4337.8,4337.95,15
1789353900,2026-09-14 00:45,2026-09-14 02:45,4337.71,4338.32,4335.72,4337.6,14
1789354080,2026-09-14 00:48,2026-09-14 02:48,4337.62,4338.04,4331.79,4332.83,15
1789354260,2026-09-14 00:51,2026-09-14 02:51,4332.92,4335.18,4332.25,4335.1,14
1789354440,2026-09-14 00:54,2026-09-14 02:54,4335.08,4335.26,4331.91,4333.01,14
1789354620,2026-09-14 00:57,2026-09-14 02:57,4333.14,4335.4,4331.99,4332.85,14
1789354800,2026-09-14 01:00,2026-09-14 03:00,4332.58,4334.61,4329.7,4334.6,14
1789354980,2026-09-14 01:03,2026-09-14 03:03,4334.41,4337.83,4333.04,4337.17,14
1789355160,2026-09-14 01:06,2026-09-14 03:06,4337.21,4345.44,4337.03,4345.31,14
1789355340,2026-09-14 01:09,2026-09-14 03:09,4345.16,4346.75,4344.11,4344.63,14
1789355520,2026-09-14 01:12,2026-09-14 03:12,4344.64,4347.56,4341.15,4342.91,14
1789355700,2026-09-14 01:15,2026-09-14 03:15,4342.86,4345.15,4339.81,4343.3,14
1789355880,2026-09-14 01:18,2026-09-14 03:18,4343.32,4343.33,4338.2,4339.91,14
1789356060,2026-09-14 01:21,2026-09-14 03:21,4339.86,4340.21,4336.83,4338.19,14
1789356240,2026-09-14 01:24,2026-09-14 03:24,4338.14,4340.41,4333.21,4333.99,14
1789356420,2026-09-14 01:27,2026-09-14 03:27,4333.94,4338.44,4333.87,4338.0,14
1789356600,2026-09-14 01:30,2026-09-14 03:30,4338.01,4340.16,4336.44,4339.85,14
1789356780,2026-09-14 01:33,2026-09-14 03:33,4339.99,4340.87,4334.89,4336.4,14
1789356960,2026-09-14 01:36,2026-09-14 03:36,4336.32,4336.64,4333.02,4333.56,14
1789357140,2026-09-14 01:39,2026-09-14 03:39,4333.57,4335.06,4332.24,4334.24,14
1789357320,2026-09-14 01:42,2026-09-14 03:42,4334.2,4338.81,4333.25,4338.04,14
1789357500,2026-09-14 01:45,2026-09-14 03:45,4338.08,4342.63,4337.09,4340.44,14
1789357680,2026-09-14 01:48,2026-09-14 03:48,4340.45,4341.92,4338.39,4340.62,14
1789357860,2026-09-14 01:51,2026-09-14 03:51,4340.67,4342.63,4339.88,4339.99,14
1789358040,2026-09-14 01:54,2026-09-14 03:54,4340.18,4343.3,4340.03,4340.93,14
1789358220,2026-09-14 01:57,2026-09-14 03:57,4340.91,4341.68,4338.2,4338.67,14
1789358400,2026-09-14 02:00,2026-09-14 04:00,4338.55,4344.72,4333.83,4342.26,14
1789358580,2026-09-14 02:03,2026-09-14 04:03,4342.43,4342.48,4330.98,4333.53,14
1789358760,2026-09-14 02:06,2026-09-14 04:06,4333.12,4335.96,4329.89,4335.29,14
1789358940,2026-09-14 02:09,2026-09-14 04:09,4334.89,4337.11,4331.39,4332.34,14
1789359120,2026-09-14 02:12,2026-09-14 04:12,4332.36,4332.77,4329.62,4331.75,14
1789359300,2026-09-14 02:15,2026-09-14 04:15,4331.68,4333.83,4328.63,4330.43,14
1789359480,2026-09-14 02:18,2026-09-14 04:18,4330.41,4333.02,4326.13,4329.28,14
1789359660,2026-09-14 02:21,2026-09-14 04:21,4329.25,4335.69,4329.01,4334.24,14
1789359840,2026-09-14 02:24,2026-09-14 04:24,4334.27,4337.71,4330.79,4335.07,14
1789360020,2026-09-14 02:27,2026-09-14 04:27,4335.0,4338.23,4333.42,4335.8,14
1789360200,2026-09-14 02:30,2026-09-14 04:30,4335.96,4336.17,4330.18,4331.03,14
1789360380,2026-09-14 02:33,2026-09-14 04:33,4330.98,4337.08,4328.3,4335.87,14
1789360560,2026-09-14 02:36,2026-09-14 04:36,4335.93,4341.57,4335.55,4341.57,14
1789360740,2026-09-14 02:39,2026-09-14 04:39,4341.63,4346.72,4341.4,4342.78,14
1789360920,2026-09-14 02:42,2026-09-14 04:42,4342.79,4343.15,4337.55,4342.63,14
1789361100,2026-09-14 02:45,2026-09-14 04:45,4342.74,4347.18,4342.7,4346.47,14
1789361280,2026-09-14 02:48,2026-09-14 04:48,4346.54,4349.08,4344.79,4345.02,14
1789361460,2026-09-14 02:51,2026-09-14 04:51,4344.98,4350.31,4342.83,4348.25,14
1789361640,2026-09-14 02:54,2026-09-14 04:54,4348.2,4350.55,4346.74,4350.5,14
1789361820,2026-09-14 02:57,2026-09-14 04:57,4350.3,4355.35,4349.78,4353.24,14
1789362000,2026-09-14 03:00,2026-09-14 05:00,4353.2,4354.25,4350.74,4351.43,14
1789362180,2026-09-14 03:03,2026-09-14 05:03,4351.44,4352.49,4348.43,4350.19,14
1789362360,2026-09-14 03:06,2026-09-14 05:06,4350.11,4354.87,4348.97,4354.33,14
1789362540,2026-09-14 03:09,2026-09-14 05:09,4354.31,4354.81,4350.32,4350.82,14
1789362720,2026-09-14 03:12,2026-09-14 05:12,4350.87,4350.92,4348.49,4349.5,14
1789362900,2026-09-14 03:15,2026-09-14 05:15,4349.4,4349.56,4348.21,4349.29,14
1789363080,2026-09-14 03:18,2026-09-14 05:18,4349.3,4351.09,4348.52,4350.64,14
1789363260,2026-09-14 03:21,2026-09-14 05:21,4350.67,4353.9,4349.43,4352.46,14
1789363440,2026-09-14 03:24,2026-09-14 05:24,4352.43,4354.05,4351.99,4353.71,14
1789363620,2026-09-14 03:27,2026-09-14 05:27,4353.65,4353.74,4351.95,4352.04,14
1789363800,2026-09-14 03:30,2026-09-14 05:30,4353.16,4355.36,4350.78,4353.47,14
1789363980,2026-09-14 03:33,2026-09-14 05:33,4353.49,4355.23,4351.64,4351.86,14
1789364160,2026-09-14 03:36,2026-09-14 05:36,4351.85,4351.85,4348.89,4350.06,14
1789364340,2026-09-14 03:39,2026-09-14 05:39,4350.03,4352.16,4344.91,4345.42,14
1789364520,2026-09-14 03:42,2026-09-14 05:42,4345.29,4347.79,4343.42,4345.56,14
1789364700,2026-09-14 03:45,2026-09-14 05:45,4345.51,4348.22,4345.18,4345.89,14
1789364880,2026-09-14 03:48,2026-09-14 05:48,4345.91,4347.34,4343.65,4344.15,14
1789365060,2026-09-14 03:51,2026-09-14 05:51,4344.16,4344.16,4339.48,4340.26,14
1789365240,2026-09-14 03:54,2026-09-14 05:54,4340.25,4340.83,4334.78,4335.53,14
1789365420,2026-09-14 03:57,2026-09-14 05:57,4335.54,4335.55,4330.13,4331.15,14
1789365600,2026-09-14 04:00,2026-09-14 06:00,4330.84,4332.5,4327.49,4330.57,14
1789365780,2026-09-14 04:03,2026-09-14 06:03,4330.91,4333.65,4330.78,4333.43,14
1789365960,2026-09-14 04:06,2026-09-14 06:06,4333.42,4334.92,4332.27,4334.59,14
1789366140,2026-09-14 04:09,2026-09-14 06:09,4334.72,4336.53,4333.03,4334.44,14
1789366320,2026-09-14 04:12,2026-09-14 06:12,4334.43,4336.32,4332.75,4333.64,14
1789366500,2026-09-14 04:15,2026-09-14 06:15,4333.6,4334.19,4331.93,4333.75,14
1789366680,2026-09-14 04:18,2026-09-14 06:18,4333.73,4336.4,4333.73,4335.65,14
1789366860,2026-09-14 04:21,2026-09-14 06:21,4335.66,4336.56,4334.27,4335.75,14
1789367040,2026-09-14 04:24,2026-09-14 06:24,4335.83,4335.86,4333.34,4333.72,14
1789367220,2026-09-14 04:27,2026-09-14 06:27,4333.83,4335.25,4333.24,4335.05,14
1789367400,2026-09-14 04:30,2026-09-14 06:30,4335.1,4335.34,4332.06,4332.47,14
1789367580,2026-09-14 04:33,2026-09-14 06:33,4332.38,4332.38,4329.05,4329.58,14
1789367760,2026-09-14 04:36,2026-09-14 06:36,4329.59,4332.18,4328.35,4331.81,14
1789367940,2026-09-14 04:39,2026-09-14 06:39,4331.8,4333.31,4327.19,4327.45,14
1789368120,2026-09-14 04:42,2026-09-14 06:42,4327.53,4329.54,4327.35,4329.53,14
1789368300,2026-09-14 04:45,2026-09-14 06:45,4329.52,4331.07,4328.62,4329.06,14
1789368480,2026-09-14 04:48,2026-09-14 06:48,4329.09,4333.49,4329.09,4333.3,14
1789368660,2026-09-14 04:51,2026-09-14 06:51,4333.26,4333.76,4330.36,4332.92,14
1789368840,2026-09-14 04:54,2026-09-14 06:54,4333.23,4333.35,4330.51,4331.44,14
1789369020,2026-09-14 04:57,2026-09-14 06:57,4331.45,4332.04,4329.48,4330.64,14
1789369200,2026-09-14 05:00,2026-09-14 07:00,4330.54,4331.88,4329.91,4330.24,14
1789369380,2026-09-14 05:03,2026-09-14 07:03,4330.25,4331.78,4329.85,4330.71,14
1789369560,2026-09-14 05:06,2026-09-14 07:06,4330.7,4331.13,4329.15,4329.23,14
1789369740,2026-09-14 05:09,2026-09-14 07:09,4329.45,4331.21,4329.28,4331.04,14
1789369920,2026-09-14 05:12,2026-09-14 07:12,4331.05,4331.07,4329.15,4329.15,14
1789370100,2026-09-14 05:15,2026-09-14 07:15,4329.17,4330.3,4329.17,4329.71,14
1789370280,2026-09-14 05:18,2026-09-14 07:18,4329.69,4329.94,4329.08,4329.5,14
1789370460,2026-09-14 05:21,2026-09-14 07:21,4329.48,4330.62,4329.22,4330.26,14
1789370640,2026-09-14 05:24,2026-09-14 07:24,4330.24,4331.33,4329.61,4330.95,14
1789370820,2026-09-14 05:27,2026-09-14 07:27,4330.97,4331.88,4330.75,4331.49,14
1789371000,2026-09-14 05:30,2026-09-14 07:30,4331.5,4331.75,4329.15,4329.33,14
1789371180,2026-09-14 05:33,2026-09-14 07:33,4329.27,4330.35,4327.62,4329.7,14
1789371360,2026-09-14 05:36,2026-09-14 07:36,4329.69,4329.99,4324.96,4325.4,14
1789371540,2026-09-14 05:39,2026-09-14 07:39,4325.26,4326.91,4324.28,4324.81,15
1789371720,2026-09-14 05:42,2026-09-14 07:42,4324.87,4325.87,4323.28,4323.67,14
1789371900,2026-09-14 05:45,2026-09-14 07:45,4323.7,4324.5,4322.2,4322.67,14
1789372080,2026-09-14 05:48,2026-09-14 07:48,4322.69,4325.84,4322.4,4325.14,14
1789372260,2026-09-14 05:51,2026-09-14 07:51,4325.22,4327.01,4323.06,4326.5,14
1789372440,2026-09-14 05:54,2026-09-14 07:54,4326.5,4331.67,4325.85,4329.49,14
1789372620,2026-09-14 05:57,2026-09-14 07:57,4329.52,4330.07,4328.6,4329.5,14
1789372800,2026-09-14 06:00,2026-09-14 08:00,4329.56,4330.33,4327.67,4328.0,14
1789372980,2026-09-14 06:03,2026-09-14 08:03,4328.01,4332.77,4327.05,4332.36,14
1789373160,2026-09-14 06:06,2026-09-14 08:06,4332.34,4332.53,4329.97,4330.84,14
1789373340,2026-09-14 06:09,2026-09-14 08:09,4330.75,4330.88,4326.55,4327.08,14
1789373520,2026-09-14 06:12,2026-09-14 08:12,4327.05,4330.97,4326.75,4330.97,14
1789373700,2026-09-14 06:15,2026-09-14 08:15,4330.98,4332.35,4330.59,4330.59,14
1789373880,2026-09-14 06:18,2026-09-14 08:18,4330.58,4331.12,4329.56,4329.9,14
1789374060,2026-09-14 06:21,2026-09-14 08:21,4329.93,4330.33,4328.1,4328.1,14
1789374240,2026-09-14 06:24,2026-09-14 08:24,4328.07,4329.19,4326.5,4328.77,14
1789374420,2026-09-14 06:27,2026-09-14 08:27,4328.8,4329.24,4326.77,4326.77,14
1789374600,2026-09-14 06:30,2026-09-14 08:30,4326.82,4335.2,4325.56,4335.06,14
1789374780,2026-09-14 06:33,2026-09-14 08:33,4335.09,4337.05,4332.43,4334.71,14
1789374960,2026-09-14 06:36,2026-09-14 08:36,4334.62,4336.38,4332.73,4335.25,14
1789375140,2026-09-14 06:39,2026-09-14 08:39,4335.27,4337.33,4330.46,4332.42,14
1789375320,2026-09-14 06:42,2026-09-14 08:42,4332.53,4332.71,4326.52,4331.14,14
1789375500,2026-09-14 06:45,2026-09-14 08:45,4331.39,4334.0,4329.28,4330.84,14
1789375680,2026-09-14 06:48,2026-09-14 08:48,4330.68,4331.47,4323.64,4327.31,14
1789375860,2026-09-14 06:51,2026-09-14 08:51,4327.3,4332.78,4327.25,4332.73,14
1789376040,2026-09-14 06:54,2026-09-14 08:54,4332.72,4336.4,4332.72,4335.0,14
1789376220,2026-09-14 06:57,2026-09-14 08:57,4334.97,4337.32,4334.43,4337.24,14
1789376400,2026-09-14 07:00,2026-09-14 09:00,4337.18,4338.61,4335.29,4336.56,14
1789376580,2026-09-14 07:03,2026-09-14 09:03,4336.58,4336.91,4332.91,4333.64,14
1789376760,2026-09-14 07:06,2026-09-14 09:06,4333.54,4334.62,4331.09,4332.96,14
1789376940,2026-09-14 07:09,2026-09-14 09:09,4332.76,4334.02,4330.32,4332.7,14
1789377120,2026-09-14 07:12,2026-09-14 09:12,4332.67,4332.94,4326.99,4330.14,14
1789377300,2026-09-14 07:15,2026-09-14 09:15,4330.22,4330.4,4327.73,4329.3,14
1789377480,2026-09-14 07:18,2026-09-14 09:18,4329.31,4331.72,4328.63,4329.57,14
1789377660,2026-09-14 07:21,2026-09-14 09:21,4329.32,4329.49,4327.16,4329.13,14
1789377840,2026-09-14 07:24,2026-09-14 09:24,4329.14,4331.95,4329.06,4331.63,14
1789378020,2026-09-14 07:27,2026-09-14 09:27,4331.65,4332.85,4330.14,4330.21,14
1789378200,2026-09-14 07:30,2026-09-14 09:30,4330.11,4332.56,4329.38,4330.32,14
1789378380,2026-09-14 07:33,2026-09-14 09:33,4330.33,4331.26,4329.15,4329.43,14
1789378560,2026-09-14 07:36,2026-09-14 09:36,4329.52,4332.59,4329.22,4329.22,14
1789378740,2026-09-14 07:39,2026-09-14 09:39,4329.3,4329.47,4326.9,4327.31,14
1789378920,2026-09-14 07:42,2026-09-14 09:42,4327.17,4327.77,4325.23,4327.35,14
1789379100,2026-09-14 07:45,2026-09-14 09:45,4327.38,4329.98,4326.05,4327.84,14
1789379280,2026-09-14 07:48,2026-09-14 09:48,4327.87,4328.64,4322.37,4322.72,14
1789379460,2026-09-14 07:51,2026-09-14 09:51,4322.76,4325.11,4322.51,4323.07,14
1789379640,2026-09-14 07:54,2026-09-14 09:54,4323.08,4323.86,4320.65,4321.46,14
1789379820,2026-09-14 07:57,2026-09-14 09:57,4321.47,4322.93,4321.24,4322.22,14
1789380000,2026-09-14 08:00,2026-09-14 10:00,4322.23,4322.67,4318.36,4318.78,14
1789380180,2026-09-14 08:03,2026-09-14 10:03,4318.65,4322.66,4317.85,4321.99,14
1789380360,2026-09-14 08:06,2026-09-14 10:06,4322.02,4323.33,4319.52,4321.14,14
1789380540,2026-09-14 08:09,2026-09-14 10:09,4321.19,4322.41,4318.87,4322.09,14
1789380720,2026-09-14 08:12,2026-09-14 10:12,4322.05,4324.34,4321.2,4323.84,14
1789380900,2026-09-14 08:15,2026-09-14 10:15,4323.9,4324.21,4321.56,4322.65,14
1789381080,2026-09-14 08:18,2026-09-14 10:18,4322.63,4324.31,4320.37,4320.9,14
1789381260,2026-09-14 08:21,2026-09-14 10:21,4320.89,4322.49,4319.86,4321.81,14
1789381440,2026-09-14 08:24,2026-09-14 10:24,4321.69,4322.04,4318.69,4321.18,14
1789381620,2026-09-14 08:27,2026-09-14 10:27,4321.28,4321.97,4316.37,4317.13,14
1789381800,2026-09-14 08:30,2026-09-14 10:30,4317.12,4319.59,4316.42,4318.39,14
1789381980,2026-09-14 08:33,2026-09-14 10:33,4318.34,4319.31,4316.07,4317.03,14
1789382160,2026-09-14 08:36,2026-09-14 10:36,4317.02,4318.21,4316.41,4317.63,14
1789382340,2026-09-14 08:39,2026-09-14 10:39,4318.11,4319.03,4315.65,4317.78,14
1789382520,2026-09-14 08:42,2026-09-14 10:42,4317.89,4319.77,4317.56,4319.25,14
1789382700,2026-09-14 08:45,2026-09-14 10:45,4319.36,4322.02,4318.28,4319.03,14
1789382880,2026-09-14 08:48,2026-09-14 10:48,4319.0,4321.27,4315.83,4316.93,14
1789383060,2026-09-14 08:51,2026-09-14 10:51,4316.91,4316.91,4310.81,4311.63,14
1789383240,2026-09-14 08:54,2026-09-14 10:54,4311.64,4312.78,4309.44,4309.6,14
1789383420,2026-09-14 08:57,2026-09-14 10:57,4309.65,4311.33,4307.97,4311.13,14
1789383600,2026-09-14 09:00,2026-09-14 11:00,4311.47,4314.42,4310.99,4313.29,14
1789383780,2026-09-14 09:03,2026-09-14 11:03,4313.35,4317.57,4311.54,4317.04,14
1789383960,2026-09-14 09:06,2026-09-14 11:06,4316.82,4318.33,4314.11,4314.68,14
1789384140,2026-09-14 09:09,2026-09-14 11:09,4314.89,4316.71,4314.8,4314.98,14
1789384320,2026-09-14 09:12,2026-09-14 11:12,4315.15,4315.53,4312.8,4313.31,14
1789384500,2026-09-14 09:15,2026-09-14 11:15,4313.27,4313.29,4310.69,4311.45,14
1789384680,2026-09-14 09:18,2026-09-14 11:18,4311.44,4313.47,4310.24,4312.66,14
1789384860,2026-09-14 09:21,2026-09-14 11:21,4312.64,4313.84,4311.66,4313.66,14
1789385040,2026-09-14 09:24,2026-09-14 11:24,4313.62,4314.67,4312.3,4313.27,14
1789385220,2026-09-14 09:27,2026-09-14 11:27,4313.19,4313.76,4310.53,4310.74,14
1789385400,2026-09-14 09:30,2026-09-14 11:30,4310.3,4314.27,4309.78,4313.94,14
1789385580,2026-09-14 09:33,2026-09-14 11:33,4313.97,4314.29,4311.19,4313.82,14
1789385760,2026-09-14 09:36,2026-09-14 11:36,4313.73,4316.17,4313.24,4314.12,14
1789385940,2026-09-14 09:39,2026-09-14 11:39,4314.06,4315.15,4311.91,4312.99,14
1789386120,2026-09-14 09:42,2026-09-14 11:42,4312.88,4313.56,4309.89,4312.14,14
1789386300,2026-09-14 09:45,2026-09-14 11:45,4312.08,4313.61,4310.25,4311.09,14
1789386480,2026-09-14 09:48,2026-09-14 11:48,4311.05,4311.09,4307.15,4308.39,14
1789386660,2026-09-14 09:51,2026-09-14 11:51,4308.34,4308.51,4305.94,4306.16,14
1789386840,2026-09-14 09:54,2026-09-14 11:54,4306.19,4307.02,4303.7,4304.05,14
1789387020,2026-09-14 09:57,2026-09-14 11:57,4303.9,4307.64,4303.28,4306.66,14
1789387200,2026-09-14 10:00,2026-09-14 12:00,4306.67,4312.03,4305.08,4308.81,14
1789387380,2026-09-14 10:03,2026-09-14 12:03,4308.65,4311.37,4307.85,4309.55,14
1789387560,2026-09-14 10:06,2026-09-14 12:06,4309.52,4309.82,4308.37,4309.61,14
1789387740,2026-09-14 10:09,2026-09-14 12:09,4309.58,4311.47,4306.35,4306.43,14
1789387920,2026-09-14 10:12,2026-09-14 12:12,4306.47,4307.06,4305.02,4306.12,14
1789388100,2026-09-14 10:15,2026-09-14 12:15,4306.0,4306.27,4299.42,4301.35,14
1789388280,2026-09-14 10:18,2026-09-14 12:18,4301.36,4301.53,4286.77,4292.79,14
1789388460,2026-09-14 10:21,2026-09-14 12:21,4292.77,4292.77,4287.07,4288.89,14
1789388640,2026-09-14 10:24,2026-09-14 12:24,4288.94,4289.09,4280.75,4283.57,14
1789388820,2026-09-14 10:27,2026-09-14 12:27,4283.24,4288.77,4282.36,4288.36,14
1789389000,2026-09-14 10:30,2026-09-14 12:30,4288.35,4289.94,4283.36,4283.86,14
1789389180,2026-09-14 10:33,2026-09-14 12:33,4283.79,4289.06,4283.73,4286.42,14
1789389360,2026-09-14 10:36,2026-09-14 12:36,4286.72,4288.69,4284.11,4284.51,14
1789389540,2026-09-14 10:39,2026-09-14 12:39,4284.48,4288.15,4278.9,4284.27,14
1789389720,2026-09-14 10:42,2026-09-14 12:42,4284.26,4286.8,4281.41,4281.69,14
1789389900,2026-09-14 10:45,2026-09-14 12:45,4281.67,4284.52,4279.11,4282.33,14
1789390080,2026-09-14 10:48,2026-09-14 12:48,4282.39,4284.16,4279.67,4281.06,14
1789390260,2026-09-14 10:51,2026-09-14 12:51,4281.08,4285.45,4278.51,4284.63,14
1789390440,2026-09-14 10:54,2026-09-14 12:54,4284.64,4288.17,4284.16,4286.96,14
1789390620,2026-09-14 10:57,2026-09-14 12:57,4286.85,4287.78,4284.27,4285.7,14
1789390800,2026-09-14 11:00,2026-09-14 13:00,4285.6,4286.33,4280.46,4281.11,14
1789390980,2026-09-14 11:03,2026-09-14 13:03,4281.42,4284.72,4278.21,4283.71,14
1789391160,2026-09-14 11:06,2026-09-14 13:06,4283.8,4285.92,4282.44,4285.08,14
1789391340,2026-09-14 11:09,2026-09-14 13:09,4285.13,4288.0,4284.26,4287.85,14
1789391520,2026-09-14 11:12,2026-09-14 13:12,4287.82,4289.51,4287.06,4288.47,14
1789391700,2026-09-14 11:15,2026-09-14 13:15,4288.5,4289.31,4286.05,4287.65,14
1789391880,2026-09-14 11:18,2026-09-14 13:18,4287.77,4291.08,4286.84,4287.03,14
1789392060,2026-09-14 11:21,2026-09-14 13:21,4287.04,4288.8,4285.64,4288.65,14
1789392240,2026-09-14 11:24,2026-09-14 13:24,4288.68,4292.58,4287.58,4292.25,14
1789392420,2026-09-14 11:27,2026-09-14 13:27,4292.27,4292.42,4290.19,4290.99,14
1789392600,2026-09-14 11:30,2026-09-14 13:30,4291.01,4291.82,4289.08,4290.99,14
1789392780,2026-09-14 11:33,2026-09-14 13:33,4291.0,4292.85,4290.82,4292.27,14
1789392960,2026-09-14 11:36,2026-09-14 13:36,4292.11,4293.37,4291.05,4293.33,14
1789393140,2026-09-14 11:39,2026-09-14 13:39,4293.27,4294.38,4292.83,4294.1,14
1789393320,2026-09-14 11:42,2026-09-14 13:42,4294.12,4294.92,4293.16,4293.81,14
1789393500,2026-09-14 11:45,2026-09-14 13:45,4293.78,4294.52,4292.02,4292.2,14
1789393680,2026-09-14 11:48,2026-09-14 13:48,4292.26,4293.31,4291.48,4291.98,14
1789393860,2026-09-14 11:51,2026-09-14 13:51,4292.17,4293.49,4291.42,4292.44,14
1789394040,2026-09-14 11:54,2026-09-14 13:54,4292.47,4294.13,4290.23,4294.01,14
1789394220,2026-09-14 11:57,2026-09-14 13:57,4293.99,4296.62,4293.89,4294.74,14
1789394400,2026-09-14 12:00,2026-09-14 14:00,4294.61,4296.34,4293.3,4295.62,14
1789394580,2026-09-14 12:03,2026-09-14 14:03,4295.67,4296.85,4293.88,4295.4,14
1789394760,2026-09-14 12:06,2026-09-14 14:06,4295.55,4296.75,4293.16,4295.13,14
1789394940,2026-09-14 12:09,2026-09-14 14:09,4295.12,4295.91,4292.08,4292.95,14
1789395120,2026-09-14 12:12,2026-09-14 14:12,4292.74,4293.65,4291.23,4292.26,14
1789395300,2026-09-14 12:15,2026-09-14 14:15,4292.24,4295.59,4291.3,4294.7,14
1789395480,2026-09-14 12:18,2026-09-14 14:18,4294.6,4296.39,4294.25,4296.26,14
1789395660,2026-09-14 12:21,2026-09-14 14:21,4296.1,4296.54,4293.96,4296.23,14
1789395840,2026-09-14 12:24,2026-09-14 14:24,4296.34,4296.83,4295.81,4296.22,14
1789396020,2026-09-14 12:27,2026-09-14 14:27,4296.26,4296.68,4295.63,4296.17,14
1789396200,2026-09-14 12:30,2026-09-14 14:30,4296.16,4297.03,4295.18,4295.61,14
1789396380,2026-09-14 12:33,2026-09-14 14:33,4295.6,4295.76,4293.54,4293.6,14
1789396560,2026-09-14 12:36,2026-09-14 14:36,4293.7,4294.29,4291.95,4293.27,14
1789396740,2026-09-14 12:39,2026-09-14 14:39,4293.28,4294.93,4292.05,4292.64,14
1789396920,2026-09-14 12:42,2026-09-14 14:42,4292.67,4294.38,4292.07,4292.35,14
1789397100,2026-09-14 12:45,2026-09-14 14:45,4292.33,4293.16,4291.49,4292.75,14
1789397280,2026-09-14 12:48,2026-09-14 14:48,4292.81,4293.83,4291.03,4291.69,14
1789397460,2026-09-14 12:51,2026-09-14 14:51,4291.72,4291.74,4286.74,4287.35,14
1789397640,2026-09-14 12:54,2026-09-14 14:54,4287.33,4288.5,4284.11,4284.81,14
1789397820,2026-09-14 12:57,2026-09-14 14:57,4284.82,4287.91,4284.65,4287.12,14
1789398000,2026-09-14 13:00,2026-09-14 15:00,4287.27,4290.21,4286.58,4288.11,14
1789398180,2026-09-14 13:03,2026-09-14 15:03,4288.08,4288.08,4285.22,4287.02,14
1789398360,2026-09-14 13:06,2026-09-14 15:06,4287.04,4293.1,4286.29,4291.95,14
1789398540,2026-09-14 13:09,2026-09-14 15:09,4291.84,4296.65,4291.84,4295.86,14
1789398720,2026-09-14 13:12,2026-09-14 15:12,4295.89,4296.83,4292.74,4294.46,14
1789398900,2026-09-14 13:15,2026-09-14 15:15,4294.49,4297.7,4291.03,4295.51,14
1789399080,2026-09-14 13:18,2026-09-14 15:18,4295.24,4295.9,4287.29,4287.85,14
1789399260,2026-09-14 13:21,2026-09-14 15:21,4287.91,4289.32,4286.07,4286.92,14
1789399440,2026-09-14 13:24,2026-09-14 15:24,4286.93,4287.26,4283.68,4285.86,14
1789399620,2026-09-14 13:27,2026-09-14 15:27,4285.81,4288.09,4285.19,4286.02,17
1789399800,2026-09-14 13:30,2026-09-14 15:30,4285.98,4289.54,4283.56,4286.2,17
1789399980,2026-09-14 13:33,2026-09-14 15:33,4286.24,4289.91,4280.59,4280.66,17
1789400160,2026-09-14 13:36,2026-09-14 15:36,4280.76,4281.01,4273.6,4277.22,14
1789400340,2026-09-14 13:39,2026-09-14 15:39,4277.23,4283.48,4275.81,4281.34,14
1789400520,2026-09-14 13:42,2026-09-14 15:42,4281.28,4286.58,4279.81,4283.79,14
1789400700,2026-09-14 13:45,2026-09-14 15:45,4283.64,4283.64,4278.56,4281.5,14
1789400880,2026-09-14 13:48,2026-09-14 15:48,4281.48,4281.48,4276.24,4277.95,14
1789401060,2026-09-14 13:51,2026-09-14 15:51,4277.72,4277.85,4269.12,4269.29,14
1789401240,2026-09-14 13:54,2026-09-14 15:54,4269.3,4271.46,4266.06,4266.64,14
1789401420,2026-09-14 13:57,2026-09-14 15:57,4266.54,4272.21,4266.52,4271.35,14
1789401600,2026-09-14 14:00,2026-09-14 16:00,4271.33,4272.77,4266.92,4269.9,14
1789401780,2026-09-14 14:03,2026-09-14 16:03,4269.74,4272.54,4265.65,4268.31,14
1789401960,2026-09-14 14:06,2026-09-14 16:06,4268.61,4270.44,4254.67,4254.96,14
1789402140,2026-09-14 14:09,2026-09-14 16:09,4254.92,4266.09,4253.75,4265.2,14
1789402320,2026-09-14 14:12,2026-09-14 16:12,4265.18,4268.53,4261.95,4266.13,14
1789402500,2026-09-14 14:15,2026-09-14 16:15,4266.02,4269.69,4263.56,4269.69,14
1789402680,2026-09-14 14:18,2026-09-14 16:18,4269.66,4275.01,4268.87,4273.33,14
1789402860,2026-09-14 14:21,2026-09-14 16:21,4273.47,4275.82,4272.0,4274.81,14
1789403040,2026-09-14 14:24,2026-09-14 16:24,4274.79,4277.68,4274.11,4275.35,14
1789403220,2026-09-14 14:27,2026-09-14 16:27,4275.34,4275.74,4271.38,4273.46,14
1789403400,2026-09-14 14:30,2026-09-14 16:30,4273.88,4278.34,4272.28,4277.81,14
1789403580,2026-09-14 14:33,2026-09-14 16:33,4277.65,4277.88,4271.09,4272.77,14
1789403760,2026-09-14 14:36,2026-09-14 16:36,4272.84,4275.05,4269.0,4271.24,14
1789403940,2026-09-14 14:39,2026-09-14 16:39,4271.3,4272.6,4266.99,4269.74,14
1789404120,2026-09-14 14:42,2026-09-14 16:42,4269.7,4275.03,4267.68,4274.86,14
1789404300,2026-09-14 14:45,2026-09-14 16:45,4274.81,4281.1,4271.94,4280.59,14
1789404480,2026-09-14 14:48,2026-09-14 16:48,4280.6,4281.11,4276.08,4277.16,14
1789404660,2026-09-14 14:51,2026-09-14 16:51,4277.07,4281.42,4274.99,4276.63,14
1789404840,2026-09-14 14:54,2026-09-14 16:54,4276.61,4276.67,4270.87,4271.6,14
1789405020,2026-09-14 14:57,2026-09-14 16:57,4271.46,4274.12,4269.74,4272.75,14
1789405200,2026-09-14 15:00,2026-09-14 17:00,4272.78,4276.01,4269.45,4269.45,14
1789405380,2026-09-14 15:03,2026-09-14 17:03,4269.52,4271.02,4265.24,4265.7,14
1789405560,2026-09-14 15:06,2026-09-14 17:06,4265.75,4271.6,4265.11,4269.38,14
1789405740,2026-09-14 15:09,2026-09-14 17:09,4269.39,4276.51,4268.51,4273.81,14
1789405920,2026-09-14 15:12,2026-09-14 17:12,4273.78,4281.84,4271.31,4281.28,14
1789406100,2026-09-14 15:15,2026-09-14 17:15,4281.43,4282.98,4274.78,4275.49,14
1789406280,2026-09-14 15:18,2026-09-14 17:18,4275.42,4276.47,4272.62,4272.75,14
1789406460,2026-09-14 15:21,2026-09-14 17:21,4272.64,4273.28,4265.73,4268.09,14
1789406640,2026-09-14 15:24,2026-09-14 17:24,4267.99,4268.28,4264.24,4264.86,14
1789406820,2026-09-14 15:27,2026-09-14 17:27,4264.85,4270.35,4264.06,4270.14,14
1789407000,2026-09-14 15:30,2026-09-14 17:30,4270.18,4271.26,4266.7,4269.73,14
1789407180,2026-09-14 15:33,2026-09-14 17:33,4269.75,4271.76,4269.42,4270.24,14
1789407360,2026-09-14 15:36,2026-09-14 17:36,4270.21,4272.29,4267.99,4271.68,14
1789407540,2026-09-14 15:39,2026-09-14 17:39,4271.87,4272.43,4269.07,4270.27,14
1789407720,2026-09-14 15:42,2026-09-14 17:42,4270.34,4277.26,4270.32,4276.99,14
1789407900,2026-09-14 15:45,2026-09-14 17:45,4277.19,4279.16,4276.2,4276.82,14
1789408080,2026-09-14 15:48,2026-09-14 17:48,4276.91,4279.25,4276.74,4277.63,14
1789408260,2026-09-14 15:51,2026-09-14 17:51,4277.52,4278.99,4273.99,4274.65,14
1789408440,2026-09-14 15:54,2026-09-14 17:54,4274.67,4278.14,4274.08,4276.94,14
1789408620,2026-09-14 15:57,2026-09-14 17:57,4277.03,4279.5,4274.97,4279.47,14
1789408800,2026-09-14 16:00,2026-09-14 18:00,4279.5,4280.25,4276.91,4277.87,14
1789408980,2026-09-14 16:03,2026-09-14 18:03,4277.98,4284.38,4272.64,4280.68,14
1789409160,2026-09-14 16:06,2026-09-14 18:06,4280.7,4286.28,4280.7,4282.41,14
1789409340,2026-09-14 16:09,2026-09-14 18:09,4282.4,4283.0,4279.72,4280.52,14
1789409520,2026-09-14 16:12,2026-09-14 18:12,4280.6,4280.99,4276.72,4277.07,14
1789409700,2026-09-14 16:15,2026-09-14 18:15,4276.81,4278.74,4274.49,4275.46,14
1789409880,2026-09-14 16:18,2026-09-14 18:18,4275.19,4276.63,4272.51,4275.65,14
1789410060,2026-09-14 16:21,2026-09-14 18:21,4275.54,4276.67,4274.22,4275.98,14
1789410240,2026-09-14 16:24,2026-09-14 18:24,4276.0,4280.33,4275.3,4279.81,14
1789410420,2026-09-14 16:27,2026-09-14 18:27,4280.05,4284.8,4279.71,4283.51,14
1789410600,2026-09-14 16:30,2026-09-14 18:30,4283.42,4289.84,4282.52,4287.94,14
1789410780,2026-09-14 16:33,2026-09-14 18:33,4287.88,4296.06,4286.87,4292.92,14
1789410960,2026-09-14 16:36,2026-09-14 18:36,4292.99,4297.29,4289.73,4296.56,14
1789411140,2026-09-14 16:39,2026-09-14 18:39,4296.6,4297.66,4292.49,4297.47,14
1789411320,2026-09-14 16:42,2026-09-14 18:42,4297.45,4298.25,4293.71,4294.05,14
1789411500,2026-09-14 16:45,2026-09-14 18:45,4294.15,4295.35,4290.81,4291.36,14
1789411680,2026-09-14 16:48,2026-09-14 18:48,4291.38,4293.17,4286.72,4287.41,14
1789411860,2026-09-14 16:51,2026-09-14 18:51,4287.46,4290.26,4286.98,4289.89,14
1789412040,2026-09-14 16:54,2026-09-14 18:54,4289.93,4291.17,4288.05,4290.71,14
1789412220,2026-09-14 16:57,2026-09-14 18:57,4290.81,4291.37,4287.8,4288.28,14
1789412400,2026-09-14 17:00,2026-09-14 19:00,4288.38,4290.24,4286.66,4288.41,14
1789412580,2026-09-14 17:03,2026-09-14 19:03,4288.32,4289.14,4286.16,4288.5,14
1789412760,2026-09-14 17:06,2026-09-14 19:06,4288.62,4293.12,4288.38,4292.13,14
1789412940,2026-09-14 17:09,2026-09-14 19:09,4292.15,4297.55,4291.33,4296.73,14
1789413120,2026-09-14 17:12,2026-09-14 19:12,4296.67,4297.36,4294.34,4294.34,14
1789413300,2026-09-14 17:15,2026-09-14 19:15,4294.51,4298.1,4294.51,4296.84,14
1789413480,2026-09-14 17:18,2026-09-14 19:18,4296.8,4299.38,4296.8,4298.55,14
1789413660,2026-09-14 17:21,2026-09-14 19:21,4298.44,4304.5,4297.29,4304.0,14
1789413840,2026-09-14 17:24,2026-09-14 19:24,4304.03,4305.37,4301.21,4302.47,14
1789414020,2026-09-14 17:27,2026-09-14 19:27,4302.46,4304.1,4299.63,4299.96,14
1789414200,2026-09-14 17:30,2026-09-14 19:30,4299.99,4304.25,4299.32,4301.6,14
1789414380,2026-09-14 17:33,2026-09-14 19:33,4301.74,4303.39,4299.83,4301.67,14
1789414560,2026-09-14 17:36,2026-09-14 19:36,4301.64,4303.29,4300.63,4302.65,14
1789414740,2026-09-14 17:39,2026-09-14 19:39,4302.46,4305.57,4301.16,4305.39,14
1789414920,2026-09-14 17:42,2026-09-14 19:42,4305.23,4307.97,4303.8,4305.86,14
1789415100,2026-09-14 17:45,2026-09-14 19:45,4305.9,4313.05,4304.59,4311.08,14
1789415280,2026-09-14 17:48,2026-09-14 19:48,4311.1,4315.45,4309.56,4313.75,14
1789415460,2026-09-14 17:51,2026-09-14 19:51,4313.72,4317.54,4312.6,4315.65,14
1789415640,2026-09-14 17:54,2026-09-14 19:54,4315.56,4317.48,4314.4,4316.15,14
1789415820,2026-09-14 17:57,2026-09-14 19:57,4316.18,4317.25,4314.53,4315.85,14
1789416000,2026-09-14 18:00,2026-09-14 20:00,4315.86,4316.55,4312.59,4313.56,14
1789416180,2026-09-14 18:03,2026-09-14 20:03,4313.6,4314.93,4312.29,4312.57,14
1789416360,2026-09-14 18:06,2026-09-14 20:06,4312.65,4314.16,4312.07,4313.48,14
1789416540,2026-09-14 18:09,2026-09-14 20:09,4313.45,4315.14,4312.46,4313.49,14
1789416720,2026-09-14 18:12,2026-09-14 20:12,4313.62,4315.75,4311.18,4311.2,14
1789416900,2026-09-14 18:15,2026-09-14 20:15,4310.97,4313.05,4310.1,4311.5,14
1789417080,2026-09-14 18:18,2026-09-14 20:18,4311.49,4311.65,4309.33,4309.88,14
1789417260,2026-09-14 18:21,2026-09-14 20:21,4309.87,4312.25,4309.8,4312.02,14
1789417440,2026-09-14 18:24,2026-09-14 20:24,4312.02,4313.32,4310.72,4312.8,14
1789417620,2026-09-14 18:27,2026-09-14 20:27,4312.76,4314.3,4309.87,4311.66,14
1789417800,2026-09-14 18:30,2026-09-14 20:30,4311.68,4313.75,4310.32,4311.32,14
1789417980,2026-09-14 18:33,2026-09-14 20:33,4311.31,4311.49,4307.71,4307.79,14
1789418160,2026-09-14 18:36,2026-09-14 20:36,4308.19,4311.48,4308.19,4311.03,14
1789418340,2026-09-14 18:39,2026-09-14 20:39,4311.14,4312.08,4309.2,4309.85,14
1789418520,2026-09-14 18:42,2026-09-14 20:42,4309.87,4311.39,4309.51,4310.05,14
1789418700,2026-09-14 18:45,2026-09-14 20:45,4310.06,4311.42,4309.14,4309.43,14
1789418880,2026-09-14 18:48,2026-09-14 20:48,4309.55,4311.08,4308.68,4309.1,14
1789419060,2026-09-14 18:51,2026-09-14 20:51,4309.19,4312.27,4308.63,4312.1,14
1789419240,2026-09-14 18:54,2026-09-14 20:54,4312.15,4314.19,4311.6,4313.38,14
1789419420,2026-09-14 18:57,2026-09-14 20:57,4313.37,4313.89,4310.4,4311.18,14
1789419600,2026-09-14 19:00,2026-09-14 21:00,4311.19,4315.82,4311.19,4313.81,14
1789419780,2026-09-14 19:03,2026-09-14 21:03,4313.82,4313.83,4308.35,4308.68,14
1789419960,2026-09-14 19:06,2026-09-14 21:06,4308.72,4311.64,4308.31,4311.51,14
1789420140,2026-09-14 19:09,2026-09-14 21:09,4311.39,4312.74,4309.99,4311.49,14
1789420320,2026-09-14 19:12,2026-09-14 21:12,4311.48,4312.93,4310.5,4312.64,14
1789420500,2026-09-14 19:15,2026-09-14 21:15,4312.67,4312.88,4311.33,4311.98,14
1789420680,2026-09-14 19:18,2026-09-14 21:18,4311.95,4312.52,4311.41,4311.61,14
1789420860,2026-09-14 19:21,2026-09-14 21:21,4311.62,4312.21,4308.18,4308.28,14
1789421040,2026-09-14 19:24,2026-09-14 21:24,4308.23,4308.99,4307.07,4307.57,14
1789421220,2026-09-14 19:27,2026-09-14 21:27,4307.54,4309.94,4306.4,4309.94,14
1789421400,2026-09-14 19:30,2026-09-14 21:30,4309.84,4310.38,4308.67,4310.33,14
1789421580,2026-09-14 19:33,2026-09-14 21:33,4310.37,4313.37,4309.93,4312.31,14
1789421760,2026-09-14 19:36,2026-09-14 21:36,4312.36,4313.08,4311.42,4312.54,14
1789421940,2026-09-14 19:39,2026-09-14 21:39,4312.49,4312.57,4309.68,4310.05,14
1789422120,2026-09-14 19:42,2026-09-14 21:42,4310.06,4310.23,4309.17,4309.36,14
1789422300,2026-09-14 19:45,2026-09-14 21:45,4309.3,4310.0,4307.17,4307.77,14
1789422480,2026-09-14 19:48,2026-09-14 21:48,4307.81,4308.69,4304.82,4305.65,14
1789422660,2026-09-14 19:51,2026-09-14 21:51,4305.83,4306.09,4304.88,4305.72,14
1789422840,2026-09-14 19:54,2026-09-14 21:54,4305.73,4307.68,4305.54,4306.32,14
1789423020,2026-09-14 19:57,2026-09-14 21:57,4306.37,4307.93,4305.89,4307.58,14
1789423200,2026-09-14 20:00,2026-09-14 22:00,4307.69,4308.08,4305.33,4305.96,14
1789423380,2026-09-14 20:03,2026-09-14 22:03,4305.89,4306.76,4304.35,4306.46,14
1789423560,2026-09-14 20:06,2026-09-14 22:06,4306.45,4306.52,4302.77,4304.63,14
1789423740,2026-09-14 20:09,2026-09-14 22:09,4304.61,4305.48,4303.6,4305.17,14
1789423920,2026-09-14 20:12,2026-09-14 22:12,4305.18,4306.84,4304.83,4305.93,14
1789424100,2026-09-14 20:15,2026-09-14 22:15,4305.92,4306.02,4302.38,4302.8,14
1789424280,2026-09-14 20:18,2026-09-14 22:18,4302.73,4303.52,4300.16,4301.95,14
1789424460,2026-09-14 20:21,2026-09-14 22:21,4301.96,4302.53,4297.07,4297.8,14
1789424640,2026-09-14 20:24,2026-09-14 22:24,4297.72,4298.19,4296.12,4297.19,14
1789424820,2026-09-14 20:27,2026-09-14 22:27,4297.06,4298.62,4296.48,4296.49,14
1789425000,2026-09-14 20:30,2026-09-14 22:30,4296.5,4297.53,4295.58,4295.81,14
1789425180,2026-09-14 20:33,2026-09-14 22:33,4295.91,4296.23,4292.11,4293.24,14
1789425360,2026-09-14 20:36,2026-09-14 22:36,4293.42,4294.68,4293.15,4293.36,14
1789425540,2026-09-14 20:39,2026-09-14 22:39,4293.37,4293.37,4290.35,4291.35,14
1789425720,2026-09-14 20:42,2026-09-14 22:42,4291.34,4292.28,4290.87,4291.78,14
1789425900,2026-09-14 20:45,2026-09-14 22:45,4291.83,4291.87,4289.57,4289.92,14
1789426080,2026-09-14 20:48,2026-09-14 22:48,4289.85,4289.86,4285.46,4287.06,14
1789426260,2026-09-14 20:51,2026-09-14 22:51,4287.01,4288.05,4285.6,4286.75,14
1789426440,2026-09-14 20:54,2026-09-14 22:54,4286.82,4287.47,4283.19,4283.54,14
1789426620,2026-09-14 20:57,2026-09-14 22:57,4283.53,4286.16,4282.83,4283.75,14
1789426800,2026-09-14 21:00,2026-09-14 23:00,4283.97,4285.08,4282.32,4283.17,14
1789426980,2026-09-14 21:03,2026-09-14 23:03,4283.14,4286.41,4282.55,4285.94,17
1789427160,2026-09-14 21:06,2026-09-14 23:06,4285.96,4286.77,4284.96,4285.82,17
1789427340,2026-09-14 21:09,2026-09-14 23:09,4285.8,4288.24,4285.44,4287.92,17
1789427520,2026-09-14 21:12,2026-09-14 23:12,4287.96,4288.59,4287.23,4287.99,17
1789427700,2026-09-14 21:15,2026-09-14 23:15,4288.0,4290.75,4288.0,4290.71,17
1789427880,2026-09-14 21:18,2026-09-14 23:18,4290.69,4295.57,4290.22,4294.49,17
1789428060,2026-09-14 21:21,2026-09-14 23:21,4294.5,4296.08,4293.85,4295.43,17
1789428240,2026-09-14 21:24,2026-09-14 23:24,4295.47,4297.66,4295.15,4297.51,17
1789428420,2026-09-14 21:27,2026-09-14 23:27,4297.58,4298.37,4296.62,4296.8,17
1789428600,2026-09-14 21:30,2026-09-14 23:30,4296.87,4299.27,4296.44,4299.14,17
1789428780,2026-09-14 21:33,2026-09-14 23:33,4299.2,4299.61,4297.03,4297.16,17
1789428960,2026-09-14 21:36,2026-09-14 23:36,4297.17,4297.46,4294.7,4295.7,17
1789429140,2026-09-14 21:39,2026-09-14 23:39,4295.75,4296.91,4294.81,4295.42,17
1789429320,2026-09-14 21:42,2026-09-14 23:42,4295.55,4296.25,4294.52,4294.9,17
1789429500,2026-09-14 21:45,2026-09-14 23:45,4294.98,4296.02,4294.84,4295.99,17
1789429680,2026-09-14 21:48,2026-09-14 23:48,4295.98,4297.41,4295.63,4297.41,17
1789429860,2026-09-14 21:51,2026-09-14 23:51,4297.46,4297.63,4296.65,4297.13,17
1789430040,2026-09-14 21:54,2026-09-14 23:54,4297.19,4299.45,4296.93,4298.02,17
1789430220,2026-09-14 21:57,2026-09-14 23:57,4297.96,4298.79,4297.74,4298.62,17
1789434000,2026-09-14 23:00,2026-09-15 01:00,4298.48,4302.8,4298.48,4299.61,17
1789434180,2026-09-14 23:03,2026-09-15 01:03,4299.85,4300.26,4298.34,4299.11,17
1789434360,2026-09-14 23:06,2026-09-15 01:06,4299.14,4299.14,4296.94,4297.31,17
1789434540,2026-09-14 23:09,2026-09-15 01:09,4297.3,4297.9,4296.49,4297.15,17
1789434720,2026-09-14 23:12,2026-09-15 01:12,4297.16,4297.86,4296.59,4297.05,17
1789434900,2026-09-14 23:15,2026-09-15 01:15,4297.03,4297.77,4296.47,4297.3,14
1789435080,2026-09-14 23:18,2026-09-15 01:18,4297.31,4297.55,4295.87,4296.12,14
1789435260,2026-09-14 23:21,2026-09-15 01:21,4296.14,4298.38,4295.88,4297.41,14
1789435440,2026-09-14 23:24,2026-09-15 01:24,4297.38,4297.46,4292.84,4294.64,14
1789435620,2026-09-14 23:27,2026-09-15 01:27,4294.68,4296.26,4294.43,4295.99,14
1789435800,2026-09-14 23:30,2026-09-15 01:30,4295.95,4297.92,4295.72,4297.79,14
1789435980,2026-09-14 23:33,2026-09-15 01:33,4297.78,4297.94,4296.6,4297.15,14
1789436160,2026-09-14 23:36,2026-09-15 01:36,4297.16,4298.63,4293.85,4296.1,14
1789436340,2026-09-14 23:39,2026-09-15 01:39,4296.18,4297.39,4294.71,4296.59,14
1789436520,2026-09-14 23:42,2026-09-15 01:42,4296.62,4297.84,4293.81,4296.03,14
1789436700,2026-09-14 23:45,2026-09-15 01:45,4296.0,4296.49,4294.85,4295.13,14
1789436880,2026-09-14 23:48,2026-09-15 01:48,4295.19,4296.4,4294.48,4296.13,14
1789437060,2026-09-14 23:51,2026-09-15 01:51,4296.35,4297.89,4294.27,4296.41,14
1789437240,2026-09-14 23:54,2026-09-15 01:54,4296.33,4297.2,4295.36,4296.22,14
1789437420,2026-09-14 23:57,2026-09-15 01:57,4296.26,4296.93,4293.39,4295.58,14
1789437600,2026-09-15 00:00,2026-09-15 02:00,4295.38,4297.57,4294.49,4294.98,14
1789437780,2026-09-15 00:03,2026-09-15 02:03,4294.85,4295.26,4293.12,4294.82,14
1789437960,2026-09-15 00:06,2026-09-15 02:06,4294.85,4295.4,4292.34,4293.47,14
1789438140,2026-09-15 00:09,2026-09-15 02:09,4293.5,4293.79,4291.25,4292.33,14
1789438320,2026-09-15 00:12,2026-09-15 02:12,4292.41,4294.41,4291.89,4292.56,14
1789438500,2026-09-15 00:15,2026-09-15 02:15,4292.54,4292.63,4290.2,4291.27,14
1789438680,2026-09-15 00:18,2026-09-15 02:18,4291.15,4291.74,4288.14,4288.6,14
1789438860,2026-09-15 00:21,2026-09-15 02:21,4288.74,4290.73,4287.43,4290.37,14
1789439040,2026-09-15 00:24,2026-09-15 02:24,4290.41,4291.1,4288.9,4289.79,14
1789439220,2026-09-15 00:27,2026-09-15 02:27,4289.72,4290.31,4287.21,4290.23,14
1789439400,2026-09-15 00:30,2026-09-15 02:30,4290.33,4291.91,4288.48,4288.49,14
1789439580,2026-09-15 00:33,2026-09-15 02:33,4288.51,4291.35,4288.13,4290.53,14
1789439760,2026-09-15 00:36,2026-09-15 02:36,4290.51,4290.65,4288.44,4290.18,14
1789439940,2026-09-15 00:39,2026-09-15 02:39,4289.87,4291.74,4288.8,4289.32,14
1789440120,2026-09-15 00:42,2026-09-15 02:42,4289.31,4289.84,4288.88,4289.55,14
1789440300,2026-09-15 00:45,2026-09-15 02:45,4289.52,4289.63,4287.44,4288.27,14
1789440480,2026-09-15 00:48,2026-09-15 02:48,4288.26,4289.2,4287.8,4288.72,14
1789440660,2026-09-15 00:51,2026-09-15 02:51,4288.75,4288.9,4287.5,4287.81,14
1789440840,2026-09-15 00:54,2026-09-15 02:54,4287.83,4288.63,4287.28,4288.0,14
1789441020,2026-09-15 00:57,2026-09-15 02:57,4287.95,4288.87,4287.68,4288.33,14
1789441200,2026-09-15 01:00,2026-09-15 03:00,4288.26,4289.12,4287.03,4287.18,14
1789441380,2026-09-15 01:03,2026-09-15 03:03,4287.17,4287.89,4283.87,4285.13,14
1789441560,2026-09-15 01:06,2026-09-15 03:06,4285.09,4288.52,4284.98,4286.58,14
1789441740,2026-09-15 01:09,2026-09-15 03:09,4286.56,4287.5,4284.36,4284.66,14
1789441920,2026-09-15 01:12,2026-09-15 03:12,4284.68,4287.39,4284.19,4286.95,14
1789442100,2026-09-15 01:15,2026-09-15 03:15,4286.94,4289.64,4286.04,4288.58,14
1789442280,2026-09-15 01:18,2026-09-15 03:18,4288.64,4288.7,4283.92,4285.1,14
1789442460,2026-09-15 01:21,2026-09-15 03:21,4285.14,4286.31,4284.49,4285.35,14
1789442640,2026-09-15 01:24,2026-09-15 03:24,4285.38,4290.02,4285.38,4288.4,14
1789442820,2026-09-15 01:27,2026-09-15 03:27,4288.29,4289.65,4286.51,4288.25,14
1789443000,2026-09-15 01:30,2026-09-15 03:30,4288.3,4289.29,4285.64,4286.17,14
1789443180,2026-09-15 01:33,2026-09-15 03:33,4286.08,4286.18,4283.56,4284.43,14
1789443360,2026-09-15 01:36,2026-09-15 03:36,4284.61,4288.49,4284.61,4287.4,14
1789443540,2026-09-15 01:39,2026-09-15 03:39,4287.44,4293.11,4287.25,4291.34,14
1789443720,2026-09-15 01:42,2026-09-15 03:42,4291.12,4293.71,4291.0,4292.7,14
1789443900,2026-09-15 01:45,2026-09-15 03:45,4292.73,4294.29,4291.75,4292.79,14
1789444080,2026-09-15 01:48,2026-09-15 03:48,4292.77,4295.17,4292.2,4294.9,14
1789444260,2026-09-15 01:51,2026-09-15 03:51,4294.86,4296.44,4293.45,4295.73,14
1789444440,2026-09-15 01:54,2026-09-15 03:54,4295.71,4295.71,4293.24,4294.23,14
1789444620,2026-09-15 01:57,2026-09-15 03:57,4294.22,4294.64,4292.55,4293.09,14
1789444800,2026-09-15 02:00,2026-09-15 04:00,4293.08,4295.16,4288.17,4290.73,14
1789444980,2026-09-15 02:03,2026-09-15 04:03,4290.72,4298.33,4289.69,4296.74,14
1789445160,2026-09-15 02:06,2026-09-15 04:06,4296.72,4298.55,4293.44,4297.75,14
1789445340,2026-09-15 02:09,2026-09-15 04:09,4297.77,4298.19,4293.77,4297.47,14
1789445520,2026-09-15 02:12,2026-09-15 04:12,4297.49,4300.01,4296.52,4299.57,14
1789445700,2026-09-15 02:15,2026-09-15 04:15,4299.51,4302.85,4299.09,4301.4,14
1789445880,2026-09-15 02:18,2026-09-15 04:18,4301.43,4305.82,4300.96,4303.01,14
1789446060,2026-09-15 02:21,2026-09-15 04:21,4303.03,4304.87,4302.01,4302.25,14
1789446240,2026-09-15 02:24,2026-09-15 04:24,4302.31,4303.72,4301.15,4301.35,14
1789446420,2026-09-15 02:27,2026-09-15 04:27,4301.27,4302.39,4300.4,4301.95,14
1789446600,2026-09-15 02:30,2026-09-15 04:30,4302.12,4304.91,4301.47,4304.89,14
1789446780,2026-09-15 02:33,2026-09-15 04:33,4304.68,4306.53,4300.6,4300.91,14
1789446960,2026-09-15 02:36,2026-09-15 04:36,4300.89,4302.22,4295.84,4296.84,14
1789447140,2026-09-15 02:39,2026-09-15 04:39,4296.86,4299.04,4296.15,4296.71,14
1789447320,2026-09-15 02:42,2026-09-15 04:42,4296.7,4300.18,4295.55,4298.7,14
1789447500,2026-09-15 02:45,2026-09-15 04:45,4298.69,4301.24,4296.64,4300.41,14
1789447680,2026-09-15 02:48,2026-09-15 04:48,4300.43,4302.1,4297.87,4297.87,14
1789447860,2026-09-15 02:51,2026-09-15 04:51,4297.94,4298.82,4294.63,4298.53,14
1789448040,2026-09-15 02:54,2026-09-15 04:54,4298.63,4303.51,4297.94,4302.69,14
1789448220,2026-09-15 02:57,2026-09-15 04:57,4302.71,4305.15,4301.05,4304.59,14
1789448400,2026-09-15 03:00,2026-09-15 05:00,4304.98,4311.76,4304.64,4308.66,14
1789448580,2026-09-15 03:03,2026-09-15 05:03,4308.64,4308.69,4305.94,4306.18,14
1789448760,2026-09-15 03:06,2026-09-15 05:06,4306.31,4309.0,4306.11,4308.08,14
1789448940,2026-09-15 03:09,2026-09-15 05:09,4308.26,4308.82,4305.15,4305.32,14
1789449120,2026-09-15 03:12,2026-09-15 05:12,4305.31,4307.55,4305.0,4307.38,14
1789449300,2026-09-15 03:15,2026-09-15 05:15,4307.39,4308.13,4305.89,4306.18,14
1789449480,2026-09-15 03:18,2026-09-15 05:18,4305.96,4307.67,4305.63,4306.95,14
1789449660,2026-09-15 03:21,2026-09-15 05:21,4306.56,4308.88,4306.05,4308.05,14
1789449840,2026-09-15 03:24,2026-09-15 05:24,4308.08,4309.35,4307.97,4308.75,14
1789450020,2026-09-15 03:27,2026-09-15 05:27,4308.81,4310.0,4308.12,4310.0,14
1789450200,2026-09-15 03:30,2026-09-15 05:30,4309.96,4311.03,4307.1,4309.85,14
1789450380,2026-09-15 03:33,2026-09-15 05:33,4309.94,4312.36,4309.86,4311.51,14
1789450560,2026-09-15 03:36,2026-09-15 05:36,4311.5,4314.49,4309.06,4314.23,14
1789450740,2026-09-15 03:39,2026-09-15 05:39,4314.11,4317.18,4313.71,4314.27,14
1789450920,2026-09-15 03:42,2026-09-15 05:42,4314.26,4315.32,4311.24,4311.25,14
1789451100,2026-09-15 03:45,2026-09-15 05:45,4311.22,4315.06,4310.99,4313.59,14
1789451280,2026-09-15 03:48,2026-09-15 05:48,4313.72,4317.35,4312.83,4315.07,14
1789451460,2026-09-15 03:51,2026-09-15 05:51,4315.27,4316.1,4313.04,4313.2,14
1789451640,2026-09-15 03:54,2026-09-15 05:54,4313.24,4313.62,4311.62,4313.33,14
1789451820,2026-09-15 03:57,2026-09-15 05:57,4313.25,4314.75,4312.2,4314.36,14
1789452000,2026-09-15 04:00,2026-09-15 06:00,4314.3,4314.7,4310.0,4311.97,14
1789452180,2026-09-15 04:03,2026-09-15 06:03,4311.65,4313.44,4311.2,4312.8,14
1789452360,2026-09-15 04:06,2026-09-15 06:06,4312.79,4314.36,4311.5,4313.75,14
1789452540,2026-09-15 04:09,2026-09-15 06:09,4313.73,4314.25,4311.51,4311.85,14
1789452720,2026-09-15 04:12,2026-09-15 06:12,4311.92,4312.44,4310.62,4311.13,14
1789452900,2026-09-15 04:15,2026-09-15 06:15,4311.14,4312.57,4310.12,4311.3,14
1789453080,2026-09-15 04:18,2026-09-15 06:18,4311.37,4313.41,4311.12,4311.79,14
1789453260,2026-09-15 04:21,2026-09-15 06:21,4311.75,4314.45,4311.75,4313.2,14
1789453440,2026-09-15 04:24,2026-09-15 06:24,4313.15,4313.89,4309.83,4310.58,14
1789453620,2026-09-15 04:27,2026-09-15 06:27,4310.57,4312.23,4310.49,4310.78,14
1789453800,2026-09-15 04:30,2026-09-15 06:30,4310.79,4312.77,4310.68,4311.42,14
1789453980,2026-09-15 04:33,2026-09-15 06:33,4311.48,4313.69,4311.35,4313.04,14
1789454160,2026-09-15 04:36,2026-09-15 06:36,4312.93,4313.53,4309.9,4309.9,14
1789454340,2026-09-15 04:39,2026-09-15 06:39,4309.88,4310.42,4308.78,4309.24,14
1789454520,2026-09-15 04:42,2026-09-15 06:42,4309.34,4309.47,4308.23,4308.74,14
1789454700,2026-09-15 04:45,2026-09-15 06:45,4308.75,4310.31,4308.02,4308.81,14
1789454880,2026-09-15 04:48,2026-09-15 06:48,4308.92,4308.93,4304.88,4305.64,14
1789455060,2026-09-15 04:51,2026-09-15 06:51,4305.57,4305.6,4303.88,4304.21,14
1789455240,2026-09-15 04:54,2026-09-15 06:54,4304.19,4305.28,4303.5,4304.23,14
1789455420,2026-09-15 04:57,2026-09-15 06:57,4304.11,4304.94,4303.72,4303.83,14
1789455600,2026-09-15 05:00,2026-09-15 07:00,4303.8,4304.34,4302.67,4302.83,14
1789455780,2026-09-15 05:03,2026-09-15 07:03,4302.82,4304.5,4302.5,4304.24,14
1789455960,2026-09-15 05:06,2026-09-15 07:06,4304.23,4305.7,4302.69,4305.38,14
1789456140,2026-09-15 05:09,2026-09-15 07:09,4305.73,4307.01,4304.5,4304.8,14
1789456320,2026-09-15 05:12,2026-09-15 07:12,4304.73,4309.74,4304.49,4307.35,14
1789456500,2026-09-15 05:15,2026-09-15 07:15,4307.41,4308.68,4305.07,4305.85,14
1789456680,2026-09-15 05:18,2026-09-15 07:18,4305.8,4306.04,4303.35,4304.71,14
1789456860,2026-09-15 05:21,2026-09-15 07:21,4304.74,4305.09,4302.85,4303.12,14
1789457040,2026-09-15 05:24,2026-09-15 07:24,4303.28,4303.74,4302.76,4303.22,14
1789457220,2026-09-15 05:27,2026-09-15 07:27,4303.17,4304.33,4302.86,4303.67,14
1789457400,2026-09-15 05:30,2026-09-15 07:30,4303.74,4304.16,4303.15,4303.4,14
1789457580,2026-09-15 05:33,2026-09-15 07:33,4303.37,4304.33,4302.28,4302.97,14
1789457760,2026-09-15 05:36,2026-09-15 07:36,4302.98,4303.16,4300.74,4302.36,14
1789457940,2026-09-15 05:39,2026-09-15 07:39,4302.53,4306.13,4302.53,4305.81,14
1789458120,2026-09-15 05:42,2026-09-15 07:42,4305.84,4306.29,4304.58,4305.04,14
1789458300,2026-09-15 05:45,2026-09-15 07:45,4305.02,4306.44,4304.21,4306.07,14
1789458480,2026-09-15 05:48,2026-09-15 07:48,4306.06,4307.26,4305.12,4306.05,14
1789458660,2026-09-15 05:51,2026-09-15 07:51,4305.91,4306.19,4304.53,4304.95,14
1789458840,2026-09-15 05:54,2026-09-15 07:54,4304.93,4307.43,4304.26,4306.35,14
1789459020,2026-09-15 05:57,2026-09-15 07:57,4306.25,4307.87,4304.33,4305.0,14
1789459200,2026-09-15 06:00,2026-09-15 08:00,4304.95,4307.59,4304.36,4307.12,14
1789459380,2026-09-15 06:03,2026-09-15 08:03,4307.06,4307.2,4302.54,4302.92,14
1789459560,2026-09-15 06:06,2026-09-15 08:06,4302.9,4303.21,4301.45,4302.06,14
1789459740,2026-09-15 06:09,2026-09-15 08:09,4302.05,4303.09,4300.99,4301.32,14
1789459920,2026-09-15 06:12,2026-09-15 08:12,4301.29,4302.35,4300.73,4301.84,14
1789460100,2026-09-15 06:15,2026-09-15 08:15,4301.96,4302.2,4299.13,4299.23,14
1789460280,2026-09-15 06:18,2026-09-15 08:18,4299.35,4301.6,4298.79,4300.22,14
1789460460,2026-09-15 06:21,2026-09-15 08:21,4300.29,4300.34,4297.2,4297.85,14
1789460640,2026-09-15 06:24,2026-09-15 08:24,4297.84,4298.32,4296.45,4296.89,14
1789460820,2026-09-15 06:27,2026-09-15 08:27,4296.92,4298.58,4296.45,4297.53,14
1789461000,2026-09-15 06:30,2026-09-15 08:30,4297.44,4300.37,4293.87,4294.76,14
1789461180,2026-09-15 06:33,2026-09-15 08:33,4294.75,4295.21,4289.37,4293.5,14
1789461360,2026-09-15 06:36,2026-09-15 08:36,4293.56,4295.18,4291.95,4292.66,14
1789461540,2026-09-15 06:39,2026-09-15 08:39,4292.67,4296.88,4292.54,4295.85,14
1789461720,2026-09-15 06:42,2026-09-15 08:42,4295.91,4297.05,4294.13,4296.36,14
1789461900,2026-09-15 06:45,2026-09-15 08:45,4296.43,4300.05,4296.31,4297.09,14
1789462080,2026-09-15 06:48,2026-09-15 08:48,4297.24,4298.39,4294.08,4295.99,14
1789462260,2026-09-15 06:51,2026-09-15 08:51,4295.97,4298.99,4295.61,4296.03,14
1789462440,2026-09-15 06:54,2026-09-15 08:54,4296.05,4296.37,4292.18,4292.28,14
1789462620,2026-09-15 06:57,2026-09-15 08:57,4292.3,4293.37,4290.81,4291.28,17
1789462800,2026-09-15 07:00,2026-09-15 09:00,4291.27,4294.7,4291.02,4292.3,17
1789462980,2026-09-15 07:03,2026-09-15 09:03,4292.31,4293.73,4288.35,4288.37,17
1789463160,2026-09-15 07:06,2026-09-15 09:06,4288.29,4289.8,4286.15,4288.88,14
1789463340,2026-09-15 07:09,2026-09-15 09:09,4288.9,4291.43,4286.23,4286.43,14
1789463520,2026-09-15 07:12,2026-09-15 09:12,4286.42,4290.55,4286.39,4290.03,14
1789463700,2026-09-15 07:15,2026-09-15 09:15,4290.01,4292.67,4288.88,4292.15,14
1789463880,2026-09-15 07:18,2026-09-15 09:18,4292.12,4292.61,4288.6,4288.86,14
1789464060,2026-09-15 07:21,2026-09-15 09:21,4288.84,4291.66,4288.45,4289.96,14
1789464240,2026-09-15 07:24,2026-09-15 09:24,4289.95,4290.67,4287.28,4288.33,14
1789464420,2026-09-15 07:27,2026-09-15 09:27,4288.32,4290.26,4286.87,4289.2,14
1789464600,2026-09-15 07:30,2026-09-15 09:30,4289.25,4289.64,4286.17,4287.04,14
1789464780,2026-09-15 07:33,2026-09-15 09:33,4287.0,4289.03,4285.74,4287.97,14
1789464960,2026-09-15 07:36,2026-09-15 09:36,4287.87,4289.93,4287.52,4289.92,14
1789465140,2026-09-15 07:39,2026-09-15 09:39,4289.89,4291.61,4289.35,4290.22,14
1789465320,2026-09-15 07:42,2026-09-15 09:42,4290.07,4291.07,4288.63,4290.83,14
1789465500,2026-09-15 07:45,2026-09-15 09:45,4290.8,4294.66,4290.47,4291.71,14
1789465680,2026-09-15 07:48,2026-09-15 09:48,4291.7,4293.67,4291.12,4293.2,14
1789465860,2026-09-15 07:51,2026-09-15 09:51,4293.09,4294.16,4292.28,4293.0,14
1789466040,2026-09-15 07:54,2026-09-15 09:54,4292.99,4294.42,4292.45,4294.15,14
1789466220,2026-09-15 07:57,2026-09-15 09:57,4293.9,4295.69,4293.29,4293.36,14
1789466400,2026-09-15 08:00,2026-09-15 10:00,4293.21,4295.62,4290.04,4291.14,14
1789466580,2026-09-15 08:03,2026-09-15 10:03,4291.1,4292.75,4289.36,4289.36,14
1789466760,2026-09-15 08:06,2026-09-15 10:06,4289.4,4291.39,4288.88,4290.61,14
1789466940,2026-09-15 08:09,2026-09-15 10:09,4290.6,4291.82,4287.48,4288.06,14
1789467120,2026-09-15 08:12,2026-09-15 10:12,4288.13,4288.96,4286.87,4288.31,14
1789467300,2026-09-15 08:15,2026-09-15 10:15,4288.29,4291.46,4288.0,4290.41,14
1789467480,2026-09-15 08:18,2026-09-15 10:18,4290.4,4292.22,4289.24,4289.83,14
1789467660,2026-09-15 08:21,2026-09-15 10:21,4289.79,4290.32,4287.75,4288.34,14
1789467840,2026-09-15 08:24,2026-09-15 10:24,4288.36,4289.4,4287.53,4288.03,14
1789468020,2026-09-15 08:27,2026-09-15 10:27,4288.17,4292.35,4287.71,4291.91,14
1789468200,2026-09-15 08:30,2026-09-15 10:30,4292.01,4292.96,4289.99,4290.64,14
1789468380,2026-09-15 08:33,2026-09-15 10:33,4290.72,4291.55,4287.07,4288.8,14
1789468560,2026-09-15 08:36,2026-09-15 10:36,4288.79,4288.98,4285.39,4286.06,14
1789468740,2026-09-15 08:39,2026-09-15 10:39,4286.05,4287.11,4282.69,4282.96,14
1789468920,2026-09-15 08:42,2026-09-15 10:42,4282.67,4285.11,4280.93,4284.05,14
1789469100,2026-09-15 08:45,2026-09-15 10:45,4283.95,4289.93,4283.7,4286.15,14
1789469280,2026-09-15 08:48,2026-09-15 10:48,4286.24,4286.41,4281.9,4282.51,14
1789469460,2026-09-15 08:51,2026-09-15 10:51,4282.55,4282.68,4276.63,4277.64,14
1789469640,2026-09-15 08:54,2026-09-15 10:54,4277.6,4279.06,4276.33,4278.45,14
1789469820,2026-09-15 08:57,2026-09-15 10:57,4278.44,4280.92,4277.73,4280.53,14
1789470000,2026-09-15 09:00,2026-09-15 11:00,4280.77,4280.91,4270.92,4271.18,14
1789470180,2026-09-15 09:03,2026-09-15 11:03,4271.09,4271.16,4266.05,4268.71,14
1789470360,2026-09-15 09:06,2026-09-15 11:06,4268.68,4268.78,4264.3,4264.72,14
1789470540,2026-09-15 09:09,2026-09-15 11:09,4264.64,4266.25,4263.87,4264.6,14
1789470720,2026-09-15 09:12,2026-09-15 11:12,4264.55,4268.17,4263.61,4268.11,14
1789470900,2026-09-15 09:15,2026-09-15 11:15,4268.0,4272.8,4267.04,4270.87,14
1789471080,2026-09-15 09:18,2026-09-15 11:18,4271.12,4274.45,4270.9,4273.05,14
1789471260,2026-09-15 09:21,2026-09-15 11:21,4273.03,4274.83,4271.62,4272.93,14
1789471440,2026-09-15 09:24,2026-09-15 11:24,4272.36,4272.39,4270.78,4271.9,14
1789471620,2026-09-15 09:27,2026-09-15 11:27,4271.68,4275.07,4271.12,4273.02,14
1789471800,2026-09-15 09:30,2026-09-15 11:30,4273.13,4274.44,4271.66,4273.66,14
1789471980,2026-09-15 09:33,2026-09-15 11:33,4273.91,4274.86,4272.75,4274.29,14
1789472160,2026-09-15 09:36,2026-09-15 11:36,4274.03,4274.85,4270.5,4270.56,14
1789472340,2026-09-15 09:39,2026-09-15 11:39,4270.55,4271.14,4268.99,4269.69,14
1789472520,2026-09-15 09:42,2026-09-15 11:42,4269.71,4270.24,4267.1,4267.52,14
1789472700,2026-09-15 09:45,2026-09-15 11:45,4267.55,4269.4,4267.12,4268.25,14
1789472880,2026-09-15 09:48,2026-09-15 11:48,4268.23,4268.55,4265.59,4267.2,14
1789473060,2026-09-15 09:51,2026-09-15 11:51,4267.23,4268.05,4266.2,4266.73,14
1789473240,2026-09-15 09:54,2026-09-15 11:54,4266.71,4268.61,4265.62,4267.21,14
1789473420,2026-09-15 09:57,2026-09-15 11:57,4267.18,4268.77,4261.47,4262.48,14
1789473600,2026-09-15 10:00,2026-09-15 12:00,4262.39,4264.1,4261.55,4262.43,14
1789473780,2026-09-15 10:03,2026-09-15 12:03,4262.48,4267.35,4262.34,4266.9,14
1789473960,2026-09-15 10:06,2026-09-15 12:06,4266.99,4267.1,4264.4,4265.72,14
1789474140,2026-09-15 10:09,2026-09-15 12:09,4265.62,4266.58,4263.6,4265.65,14
1789474320,2026-09-15 10:12,2026-09-15 12:12,4265.67,4267.09,4264.18,4265.85,14
1789474500,2026-09-15 10:15,2026-09-15 12:15,4265.8,4268.44,4263.63,4264.02,14
1789474680,2026-09-15 10:18,2026-09-15 12:18,4263.9,4264.22,4261.86,4263.26,14
1789474860,2026-09-15 10:21,2026-09-15 12:21,4263.28,4266.71,4262.37,4264.93,14
1789475040,2026-09-15 10:24,2026-09-15 12:24,4264.83,4266.23,4262.97,4263.89,14
1789475220,2026-09-15 10:27,2026-09-15 12:27,4263.9,4269.66,4262.86,4267.28,14
1789475400,2026-09-15 10:30,2026-09-15 12:30,4267.25,4268.02,4264.87,4266.43,14
1789475580,2026-09-15 10:33,2026-09-15 12:33,4266.41,4267.82,4264.86,4267.37,14
1789475760,2026-09-15 10:36,2026-09-15 12:36,4267.21,4269.16,4265.42,4268.26,14
1789475940,2026-09-15 10:39,2026-09-15 12:39,4268.28,4270.72,4267.68,4270.3,14
1789476120,2026-09-15 10:42,2026-09-15 12:42,4270.31,4272.24,4269.29,4269.63,14
1789476300,2026-09-15 10:45,2026-09-15 12:45,4269.76,4271.03,4268.24,4269.86,14
1789476480,2026-09-15 10:48,2026-09-15 12:48,4269.85,4272.17,4269.38,4270.45,14
1789476660,2026-09-15 10:51,2026-09-15 12:51,4270.49,4271.3,4268.69,4268.69,14
1789476840,2026-09-15 10:54,2026-09-15 12:54,4268.65,4271.08,4268.51,4269.67,14
1789477020,2026-09-15 10:57,2026-09-15 12:57,4269.68,4269.79,4267.74,4268.49,14
1789477200,2026-09-15 11:00,2026-09-15 13:00,4268.53,4271.67,4268.51,4271.09,14
1789477380,2026-09-15 11:03,2026-09-15 13:03,4271.18,4273.56,4271.06,4272.73,14
1789477560,2026-09-15 11:06,2026-09-15 13:06,4272.91,4275.04,4272.7,4274.03,14
1789477740,2026-09-15 11:09,2026-09-15 13:09,4274.06,4277.69,4273.42,4273.95,14
1789477920,2026-09-15 11:12,2026-09-15 13:12,4274.04,4274.24,4272.07,4272.95,14
1789478100,2026-09-15 11:15,2026-09-15 13:15,4272.94,4273.0,4269.8,4270.45,14
1789478280,2026-09-15 11:18,2026-09-15 13:18,4270.49,4272.83,4270.16,4272.53,14
1789478460,2026-09-15 11:21,2026-09-15 13:21,4272.47,4274.69,4270.55,4274.42,14
1789478640,2026-09-15 11:24,2026-09-15 13:24,4274.38,4275.04,4273.59,4273.72,14
1789478820,2026-09-15 11:27,2026-09-15 13:27,4273.7,4274.73,4273.06,4274.41,14
1789479000,2026-09-15 11:30,2026-09-15 13:30,4274.41,4275.0,4273.67,4274.62,14
1789479180,2026-09-15 11:33,2026-09-15 13:33,4274.64,4275.68,4274.4,4274.71,14
1789479360,2026-09-15 11:36,2026-09-15 13:36,4274.72,4276.36,4274.16,4274.55,14
1789479540,2026-09-15 11:39,2026-09-15 13:39,4274.48,4275.04,4273.56,4274.89,14
1789479720,2026-09-15 11:42,2026-09-15 13:42,4274.98,4277.36,4274.83,4275.0,14
1789479900,2026-09-15 11:45,2026-09-15 13:45,4274.98,4277.17,4274.81,4275.31,14
1789480080,2026-09-15 11:48,2026-09-15 13:48,4275.34,4278.78,4274.44,4278.78,14
1789480260,2026-09-15 11:51,2026-09-15 13:51,4278.84,4281.95,4278.4,4281.82,14
1789480440,2026-09-15 11:54,2026-09-15 13:54,4281.81,4283.98,4281.1,4282.79,14
1789480620,2026-09-15 11:57,2026-09-15 13:57,4282.75,4283.61,4280.84,4281.53,14
1789480800,2026-09-15 12:00,2026-09-15 14:00,4281.35,4282.16,4280.61,4281.17,14
1789480980,2026-09-15 12:03,2026-09-15 14:03,4281.18,4281.91,4278.89,4279.43,14
1789481160,2026-09-15 12:06,2026-09-15 14:06,4279.57,4280.74,4278.61,4280.14,14
1789481340,2026-09-15 12:09,2026-09-15 14:09,4280.1,4283.66,4280.02,4282.1,14
1789481520,2026-09-15 12:12,2026-09-15 14:12,4282.16,4284.08,4281.54,4283.88,14
1789481700,2026-09-15 12:15,2026-09-15 14:15,4283.62,4285.5,4283.15,4285.43,14
1789481880,2026-09-15 12:18,2026-09-15 14:18,4285.26,4285.46,4282.58,4283.85,14
1789482060,2026-09-15 12:21,2026-09-15 14:21,4283.84,4285.12,4283.06,4284.18,14
1789482240,2026-09-15 12:24,2026-09-15 14:24,4284.2,4284.42,4282.87,4283.7,14
1789482420,2026-09-15 12:27,2026-09-15 14:27,4283.69,4284.16,4282.18,4283.32,14
1789482600,2026-09-15 12:30,2026-09-15 14:30,4283.21,4283.3,4281.09,4281.45,14
1789482780,2026-09-15 12:33,2026-09-15 14:33,4281.57,4285.02,4281.57,4284.41,14
1789482960,2026-09-15 12:36,2026-09-15 14:36,4284.46,4284.46,4280.85,4281.2,14
1789483140,2026-09-15 12:39,2026-09-15 14:39,4281.1,4281.73,4280.11,4281.1,14
1789483320,2026-09-15 12:42,2026-09-15 14:42,4281.12,4284.08,4281.08,4282.92,14
1789483500,2026-09-15 12:45,2026-09-15 14:45,4282.9,4285.26,4282.46,4284.24,14
1789483680,2026-09-15 12:48,2026-09-15 14:48,4284.43,4284.97,4283.36,4283.85,14
1789483860,2026-09-15 12:51,2026-09-15 14:51,4283.88,4284.94,4282.77,4282.88,16
1789484040,2026-09-15 12:54,2026-09-15 14:54,4282.89,4285.77,4282.23,4284.44,16
1789484220,2026-09-15 12:57,2026-09-15 14:57,4284.43,4286.57,4283.77,4284.5,16
1789484400,2026-09-15 13:00,2026-09-15 15:00,4284.4,4285.11,4281.47,4282.04,16
1789484580,2026-09-15 13:03,2026-09-15 15:03,4282.05,4284.9,4281.68,4283.0,15
1789484760,2026-09-15 13:06,2026-09-15 15:06,4283.08,4283.5,4278.94,4279.02,14
1789484940,2026-09-15 13:09,2026-09-15 15:09,4278.96,4278.97,4275.84,4277.78,14
1789485120,2026-09-15 13:12,2026-09-15 15:12,4277.74,4279.03,4277.08,4278.58,14
1789485300,2026-09-15 13:15,2026-09-15 15:15,4278.32,4279.38,4273.94,4274.06,14
1789485480,2026-09-15 13:18,2026-09-15 15:18,4274.08,4275.38,4271.53,4271.98,14
1789485660,2026-09-15 13:21,2026-09-15 15:21,4272.41,4274.94,4271.29,4272.24,14
1789485840,2026-09-15 13:24,2026-09-15 15:24,4272.0,4276.09,4272.0,4274.63,14
1789486020,2026-09-15 13:27,2026-09-15 15:27,4274.85,4278.02,4274.57,4277.68,14
1789486200,2026-09-15 13:30,2026-09-15 15:30,4277.83,4278.74,4275.43,4276.12,14
1789486380,2026-09-15 13:33,2026-09-15 15:33,4275.9,4286.33,4274.71,4284.39,14
1789486560,2026-09-15 13:36,2026-09-15 15:36,4284.48,4285.22,4279.36,4280.92,14
1789486740,2026-09-15 13:39,2026-09-15 15:39,4281.01,4281.82,4277.96,4280.01,14
1789486920,2026-09-15 13:42,2026-09-15 15:42,4280.03,4281.73,4279.19,4281.18,14
1789487100,2026-09-15 13:45,2026-09-15 15:45,4281.27,4284.51,4281.03,4283.41,14
1789487280,2026-09-15 13:48,2026-09-15 15:48,4283.85,4291.41,4282.59,4290.0,14
1789487460,2026-09-15 13:51,2026-09-15 15:51,4289.79,4291.66,4287.3,4291.53,14
1789487640,2026-09-15 13:54,2026-09-15 15:54,4291.55,4295.72,4287.78,4287.86,14
1789487820,2026-09-15 13:57,2026-09-15 15:57,4287.87,4291.86,4285.25,4290.89,14
1789488000,2026-09-15 14:00,2026-09-15 16:00,4290.6,4294.59,4289.59,4291.04,14
1789488180,2026-09-15 14:03,2026-09-15 16:03,4291.18,4293.7,4288.44,4288.8,14
1789488360,2026-09-15 14:06,2026-09-15 16:06,4288.85,4289.01,4284.03,4285.09,14
1789488540,2026-09-15 14:09,2026-09-15 16:09,4284.93,4289.89,4284.51,4287.81,14
1789488720,2026-09-15 14:12,2026-09-15 16:12,4287.89,4289.02,4286.56,4286.92,14
1789488900,2026-09-15 14:15,2026-09-15 16:15,4286.91,4289.79,4285.72,4289.79,14
1789489080,2026-09-15 14:18,2026-09-15 16:18,4289.8,4290.14,4285.88,4288.46,14
1789489260,2026-09-15 14:21,2026-09-15 16:21,4288.47,4289.62,4283.98,4289.32,14
1789489440,2026-09-15 14:24,2026-09-15 16:24,4289.09,4292.93,4287.72,4291.78,14
1789489620,2026-09-15 14:27,2026-09-15 16:27,4291.83,4291.88,4286.59,4287.54,14
1789489800,2026-09-15 14:30,2026-09-15 16:30,4287.81,4291.66,4284.73,4285.17,14
1789489980,2026-09-15 14:33,2026-09-15 16:33,4285.27,4290.54,4284.32,4289.9,14
1789490160,2026-09-15 14:36,2026-09-15 16:36,4289.99,4294.31,4288.69,4290.15,14
1789490340,2026-09-15 14:39,2026-09-15 16:39,4290.2,4291.31,4286.08,4289.08,14
1789490520,2026-09-15 14:42,2026-09-15 16:42,4289.03,4290.97,4285.46,4289.65,14
1789490700,2026-09-15 14:45,2026-09-15 16:45,4289.66,4295.15,4288.24,4292.7,14
1789490880,2026-09-15 14:48,2026-09-15 16:48,4292.65,4295.71,4291.07,4293.37,14
1789491060,2026-09-15 14:51,2026-09-15 16:51,4293.57,4297.72,4293.02,4295.87,14
1789491240,2026-09-15 14:54,2026-09-15 16:54,4295.9,4297.25,4294.23,4295.14,14
1789491420,2026-09-15 14:57,2026-09-15 16:57,4295.13,4298.56,4294.72,4294.85,14
1789491600,2026-09-15 15:00,2026-09-15 17:00,4294.89,4299.08,4294.32,4297.55,14
1789491780,2026-09-15 15:03,2026-09-15 17:03,4297.42,4299.14,4293.82,4295.76,14
1789491960,2026-09-15 15:06,2026-09-15 17:06,4295.78,4300.68,4295.52,4299.61,14
1789492140,2026-09-15 15:09,2026-09-15 17:09,4299.6,4300.41,4295.05,4296.29,14
1789492320,2026-09-15 15:12,2026-09-15 17:12,4296.33,4296.33,4293.38,4294.79,14
1789492500,2026-09-15 15:15,2026-09-15 17:15,4294.78,4295.81,4290.69,4291.94,14
1789492680,2026-09-15 15:18,2026-09-15 17:18,4291.82,4295.32,4289.74,4291.6,14
1789492860,2026-09-15 15:21,2026-09-15 17:21,4291.59,4292.35,4286.12,4287.1,14
1789493040,2026-09-15 15:24,2026-09-15 17:24,4287.1,4289.78,4286.18,4287.53,14
1789493220,2026-09-15 15:27,2026-09-15 17:27,4287.53,4287.53,4283.04,4284.37,14
1789493400,2026-09-15 15:30,2026-09-15 17:30,4284.3,4285.0,4279.61,4280.21,14
1789493580,2026-09-15 15:33,2026-09-15 17:33,4280.36,4286.24,4280.31,4284.03,14
1789493760,2026-09-15 15:36,2026-09-15 17:36,4283.92,4283.92,4276.55,4277.25,14
1789493940,2026-09-15 15:39,2026-09-15 17:39,4277.35,4278.97,4275.62,4277.45,14
1789494120,2026-09-15 15:42,2026-09-15 17:42,4277.43,4279.56,4277.2,4278.22,14
1789494300,2026-09-15 15:45,2026-09-15 17:45,4278.16,4283.12,4278.16,4281.25,14
1789494480,2026-09-15 15:48,2026-09-15 17:48,4281.2,4281.2,4276.92,4278.64,14
1789494660,2026-09-15 15:51,2026-09-15 17:51,4278.71,4279.52,4274.06,4277.6,14
1789494840,2026-09-15 15:54,2026-09-15 17:54,4277.45,4280.44,4277.36,4278.2,14
1789495020,2026-09-15 15:57,2026-09-15 17:57,4278.12,4279.97,4275.16,4277.38,14
1789495200,2026-09-15 16:00,2026-09-15 18:00,4277.29,4281.5,4276.6,4278.57,14
1789495380,2026-09-15 16:03,2026-09-15 18:03,4278.59,4283.95,4278.22,4282.41,14
1789495560,2026-09-15 16:06,2026-09-15 18:06,4282.45,4284.38,4280.88,4281.4,14
1789495740,2026-09-15 16:09,2026-09-15 18:09,4281.39,4286.11,4281.16,4285.58,14
1789495920,2026-09-15 16:12,2026-09-15 18:12,4285.5,4285.79,4282.1,4285.14,14
1789496100,2026-09-15 16:15,2026-09-15 18:15,4285.16,4287.64,4283.54,4286.29,14
1789496280,2026-09-15 16:18,2026-09-15 18:18,4286.19,4287.33,4285.59,4286.01,14
1789496460,2026-09-15 16:21,2026-09-15 18:21,4285.97,4286.5,4282.21,4282.96,14
1789496640,2026-09-15 16:24,2026-09-15 18:24,4282.97,4286.33,4282.82,4285.08,14
1789496820,2026-09-15 16:27,2026-09-15 18:27,4285.15,4285.93,4283.21,4283.62,14
1789497000,2026-09-15 16:30,2026-09-15 18:30,4283.73,4285.68,4283.13,4285.3,14
1789497180,2026-09-15 16:33,2026-09-15 18:33,4284.99,4286.19,4281.33,4285.01,14
1789497360,2026-09-15 16:36,2026-09-15 18:36,4285.02,4288.38,4285.02,4286.74,14
1789497540,2026-09-15 16:39,2026-09-15 18:39,4286.73,4290.48,4286.19,4288.78,14
1789497720,2026-09-15 16:42,2026-09-15 18:42,4288.79,4289.2,4287.17,4287.62,14
1789497900,2026-09-15 16:45,2026-09-15 18:45,4287.72,4288.78,4285.32,4285.82,14
1789498080,2026-09-15 16:48,2026-09-15 18:48,4285.79,4291.63,4284.93,4291.09,14
1789498260,2026-09-15 16:51,2026-09-15 18:51,4291.06,4291.63,4289.38,4291.15,14
1789498440,2026-09-15 16:54,2026-09-15 18:54,4291.3,4294.85,4287.87,4291.22,14
1789498620,2026-09-15 16:57,2026-09-15 18:57,4291.31,4291.84,4289.15,4289.51,14
1789498800,2026-09-15 17:00,2026-09-15 19:00,4289.55,4291.13,4288.37,4290.21,14
1789498980,2026-09-15 17:03,2026-09-15 19:03,4290.28,4291.71,4289.22,4290.1,14
1789499160,2026-09-15 17:06,2026-09-15 19:06,4290.13,4291.04,4288.88,4290.1,14
1789499340,2026-09-15 17:09,2026-09-15 19:09,4290.08,4291.06,4289.04,4289.18,14
1789499520,2026-09-15 17:12,2026-09-15 19:12,4289.07,4289.44,4286.05,4286.26,14
1789499700,2026-09-15 17:15,2026-09-15 19:15,4286.27,4288.71,4285.29,4287.69,14
1789499880,2026-09-15 17:18,2026-09-15 19:18,4287.7,4290.47,4287.09,4290.03,14
1789500060,2026-09-15 17:21,2026-09-15 19:21,4290.05,4295.75,4290.02,4294.48,14
1789500240,2026-09-15 17:24,2026-09-15 19:24,4294.53,4297.21,4294.39,4296.66,14
1789500420,2026-09-15 17:27,2026-09-15 19:27,4296.65,4297.01,4294.5,4295.39,14
1789500600,2026-09-15 17:30,2026-09-15 19:30,4295.7,4297.25,4294.39,4297.25,14
1789500780,2026-09-15 17:33,2026-09-15 19:33,4297.41,4297.8,4291.35,4291.48,14
1789500960,2026-09-15 17:36,2026-09-15 19:36,4291.5,4295.89,4291.5,4294.05,14
1789501140,2026-09-15 17:39,2026-09-15 19:39,4294.13,4295.47,4292.75,4294.25,14
1789501320,2026-09-15 17:42,2026-09-15 19:42,4294.1,4296.76,4293.2,4296.39,14
1789501500,2026-09-15 17:45,2026-09-15 19:45,4296.45,4297.48,4295.62,4295.94,14
1789501680,2026-09-15 17:48,2026-09-15 19:48,4296.04,4297.18,4294.82,4296.69,14
1789501860,2026-09-15 17:51,2026-09-15 19:51,4296.68,4297.8,4296.23,4297.41,14
1789502040,2026-09-15 17:54,2026-09-15 19:54,4297.42,4298.31,4295.11,4295.35,14
1789502220,2026-09-15 17:57,2026-09-15 19:57,4295.39,4297.02,4295.21,4295.31,14
1789502400,2026-09-15 18:00,2026-09-15 20:00,4295.32,4296.52,4292.5,4293.49,14
1789502580,2026-09-15 18:03,2026-09-15 20:03,4293.48,4293.86,4290.19,4291.32,14
1789502760,2026-09-15 18:06,2026-09-15 20:06,4291.31,4293.4,4290.5,4292.89,14
1789502940,2026-09-15 18:09,2026-09-15 20:09,4292.91,4295.79,4292.33,4294.18,14
1789503120,2026-09-15 18:12,2026-09-15 20:12,4294.26,4299.05,4294.06,4295.16,14
1789503300,2026-09-15 18:15,2026-09-15 20:15,4295.15,4296.27,4293.55,4295.62,14
1789503480,2026-09-15 18:18,2026-09-15 20:18,4295.61,4296.35,4293.62,4295.54,14
1789503660,2026-09-15 18:21,2026-09-15 20:21,4295.56,4295.61,4291.84,4293.64,14
1789503840,2026-09-15 18:24,2026-09-15 20:24,4293.72,4294.62,4292.12,4293.41,14
1789504020,2026-09-15 18:27,2026-09-15 20:27,4293.4,4294.96,4291.45,4292.93,14
1789504200,2026-09-15 18:30,2026-09-15 20:30,4292.92,4298.06,4292.78,4297.07,14
1789504380,2026-09-15 18:33,2026-09-15 20:33,4296.96,4298.28,4295.93,4297.68,14
1789504560,2026-09-15 18:36,2026-09-15 20:36,4297.67,4298.81,4296.67,4297.19,14
1789504740,2026-09-15 18:39,2026-09-15 20:39,4297.16,4297.16,4292.56,4292.99,14
1789504920,2026-09-15 18:42,2026-09-15 20:42,4292.89,4293.9,4292.13,4293.34,14
1789505100,2026-09-15 18:45,2026-09-15 20:45,4293.36,4295.39,4293.05,4295.36,14
1789505280,2026-09-15 18:48,2026-09-15 20:48,4295.24,4295.92,4294.23,4295.27,14
1789505460,2026-09-15 18:51,2026-09-15 20:51,4295.28,4296.12,4294.58,4294.98,14
1789505640,2026-09-15 18:54,2026-09-15 20:54,4294.99,4295.71,4293.96,4295.56,14
1789505820,2026-09-15 18:57,2026-09-15 20:57,4295.57,4295.95,4294.24,4295.12,14
1789506000,2026-09-15 19:00,2026-09-15 21:00,4295.24,4296.27,4292.93,4294.2,14
1789506180,2026-09-15 19:03,2026-09-15 21:03,4294.15,4296.43,4292.88,4296.15,14
1789506360,2026-09-15 19:06,2026-09-15 21:06,4296.16,4298.76,4296.15,4297.6,14
1789506540,2026-09-15 19:09,2026-09-15 21:09,4297.63,4299.78,4296.15,4299.1,14
1789506720,2026-09-15 19:12,2026-09-15 21:12,4299.16,4304.54,4299.16,4302.54,14
1789506900,2026-09-15 19:15,2026-09-15 21:15,4302.63,4306.91,4301.98,4306.22,14
1789507080,2026-09-15 19:18,2026-09-15 21:18,4306.2,4306.54,4303.28,4305.24,14
1789507260,2026-09-15 19:21,2026-09-15 21:21,4305.23,4305.58,4303.64,4305.11,14
1789507440,2026-09-15 19:24,2026-09-15 21:24,4304.84,4306.64,4304.2,4304.89,14
1789507620,2026-09-15 19:27,2026-09-15 21:27,4304.87,4305.4,4303.56,4304.78,14
1789507800,2026-09-15 19:30,2026-09-15 21:30,4304.78,4304.78,4302.06,4302.06,14
1789507980,2026-09-15 19:33,2026-09-15 21:33,4302.05,4303.81,4301.85,4303.26,14
1789508160,2026-09-15 19:36,2026-09-15 21:36,4303.35,4303.66,4301.6,4302.55,14
1789508340,2026-09-15 19:39,2026-09-15 21:39,4302.51,4308.36,4302.45,4308.35,14
1789508520,2026-09-15 19:42,2026-09-15 21:42,4308.33,4308.56,4304.36,4304.71,14
1789508700,2026-09-15 19:45,2026-09-15 21:45,4304.73,4308.06,4304.39,4308.05,14
1789508880,2026-09-15 19:48,2026-09-15 21:48,4307.98,4309.84,4305.77,4309.13,14
1789509060,2026-09-15 19:51,2026-09-15 21:51,4309.07,4310.6,4308.34,4308.71,14
1789509240,2026-09-15 19:54,2026-09-15 21:54,4308.7,4309.04,4307.44,4308.27,14
1789509420,2026-09-15 19:57,2026-09-15 21:57,4308.32,4308.88,4306.51,4308.88,14
1789509600,2026-09-15 20:00,2026-09-15 22:00,4308.9,4310.8,4305.96,4305.97,14
1789509780,2026-09-15 20:03,2026-09-15 22:03,4305.96,4307.06,4303.43,4303.66,14
1789509960,2026-09-15 20:06,2026-09-15 22:06,4303.65,4305.63,4302.67,4305.17,14
1789510140,2026-09-15 20:09,2026-09-15 22:09,4305.43,4305.43,4302.99,4304.12,14
1789510320,2026-09-15 20:12,2026-09-15 22:12,4303.98,4304.11,4300.28,4300.47,14
1789510500,2026-09-15 20:15,2026-09-15 22:15,4300.46,4302.53,4299.51,4301.61,14
1789510680,2026-09-15 20:18,2026-09-15 22:18,4301.6,4302.36,4298.14,4298.45,14
1789510860,2026-09-15 20:21,2026-09-15 22:21,4298.54,4301.35,4298.54,4301.01,14
1789511040,2026-09-15 20:24,2026-09-15 22:24,4300.99,4301.94,4300.2,4301.69,14
1789511220,2026-09-15 20:27,2026-09-15 22:27,4301.43,4301.9,4300.99,4300.99,14
1789511400,2026-09-15 20:30,2026-09-15 22:30,4301.01,4302.74,4298.76,4302.63,14
1789511580,2026-09-15 20:33,2026-09-15 22:33,4302.34,4302.34,4299.19,4299.33,14
1789511760,2026-09-15 20:36,2026-09-15 22:36,4299.3,4300.02,4298.73,4299.26,14
1789511940,2026-09-15 20:39,2026-09-15 22:39,4299.27,4299.45,4297.69,4298.21,14
1789512120,2026-09-15 20:42,2026-09-15 22:42,4298.27,4298.63,4296.69,4296.74,14
1789512300,2026-09-15 20:45,2026-09-15 22:45,4296.73,4298.92,4296.12,4298.09,14
1789512480,2026-09-15 20:48,2026-09-15 22:48,4298.1,4299.76,4298.04,4298.73,14
1789512660,2026-09-15 20:51,2026-09-15 22:51,4298.63,4298.92,4295.8,4296.26,14
1789512840,2026-09-15 20:54,2026-09-15 22:54,4296.27,4296.98,4294.94,4295.33,14
1789513020,2026-09-15 20:57,2026-09-15 22:57,4295.35,4298.08,4294.26,4297.75,14
1789513200,2026-09-15 21:00,2026-09-15 23:00,4297.8,4299.23,4296.67,4297.06,14
1789513380,2026-09-15 21:03,2026-09-15 23:03,4297.09,4297.9,4295.83,4297.09,17
1789513560,2026-09-15 21:06,2026-09-15 23:06,4297.13,4298.45,4296.61,4297.69,17
1789513740,2026-09-15 21:09,2026-09-15 23:09,4297.7,4298.41,4297.08,4297.21,17
1789513920,2026-09-15 21:12,2026-09-15 23:12,4297.34,4297.35,4295.5,4296.13,17
1789514100,2026-09-15 21:15,2026-09-15 23:15,4296.11,4296.34,4295.37,4295.93,17
1789514280,2026-09-15 21:18,2026-09-15 23:18,4295.94,4296.65,4295.34,4296.18,17
1789514460,2026-09-15 21:21,2026-09-15 23:21,4296.21,4296.88,4294.5,4295.33,17
1789514640,2026-09-15 21:24,2026-09-15 23:24,4295.34,4295.35,4294.35,4294.92,17
1789514820,2026-09-15 21:27,2026-09-15 23:27,4294.89,4295.06,4293.78,4294.23,17
1789515000,2026-09-15 21:30,2026-09-15 23:30,4294.23,4296.27,4294.23,4294.97,17
1789515180,2026-09-15 21:33,2026-09-15 23:33,4294.98,4295.11,4292.14,4292.34,17
1789515360,2026-09-15 21:36,2026-09-15 23:36,4292.49,4293.24,4291.79,4292.81,17
1789515540,2026-09-15 21:39,2026-09-15 23:39,4292.84,4293.15,4292.07,4292.87,17
1789515720,2026-09-15 21:42,2026-09-15 23:42,4292.88,4293.43,4292.59,4293.11,17
1789515900,2026-09-15 21:45,2026-09-15 23:45,4293.09,4293.4,4292.45,4293.09,17
1789516080,2026-09-15 21:48,2026-09-15 23:48,4292.83,4293.39,4291.9,4292.99,17
1789516260,2026-09-15 21:51,2026-09-15 23:51,4293.03,4294.44,4292.63,4293.08,17
1789516440,2026-09-15 21:54,2026-09-15 23:54,4293.1,4293.49,4292.31,4293.27,17
1789516620,2026-09-15 21:57,2026-09-15 23:57,4293.25,4294.26,4293.23,4294.26,17
1789520400,2026-09-15 23:00,2026-09-16 01:00,4292.58,4296.4,4292.58,4294.83,17
1789520580,2026-09-15 23:03,2026-09-16 01:03,4294.65,4295.59,4293.88,4295.09,17
1789520760,2026-09-15 23:06,2026-09-16 01:06,4295.11,4295.65,4294.87,4295.02,17
1789520940,2026-09-15 23:09,2026-09-16 01:09,4295.03,4295.91,4294.89,4295.53,17
1789521120,2026-09-15 23:12,2026-09-16 01:12,4295.16,4295.75,4292.7,4292.72,17
1789521300,2026-09-15 23:15,2026-09-16 01:15,4292.81,4294.18,4292.51,4292.74,15
1789521480,2026-09-15 23:18,2026-09-16 01:18,4292.89,4293.25,4291.89,4292.33,15
1789521660,2026-09-15 23:21,2026-09-16 01:21,4292.73,4294.25,4291.62,4294.05,16
1789521840,2026-09-15 23:24,2026-09-16 01:24,4294.13,4298.13,4293.17,4298.11,16
1789522020,2026-09-15 23:27,2026-09-16 01:27,4297.8,4299.23,4297.24,4298.59,14
1789522200,2026-09-15 23:30,2026-09-16 01:30,4298.57,4299.08,4294.97,4297.54,16
1789522380,2026-09-15 23:33,2026-09-16 01:33,4297.48,4297.83,4296.02,4297.27,14
1789522560,2026-09-15 23:36,2026-09-16 01:36,4297.35,4298.24,4297.04,4298.18,14
1789522740,2026-09-15 23:39,2026-09-16 01:39,4298.16,4298.16,4295.66,4296.31,14
1789522920,2026-09-15 23:42,2026-09-16 01:42,4296.29,4296.32,4294.41,4294.83,14
1789523100,2026-09-15 23:45,2026-09-16 01:45,4294.79,4295.48,4294.31,4294.62,14
1789523280,2026-09-15 23:48,2026-09-16 01:48,4294.65,4295.02,4293.71,4293.97,15
1789523460,2026-09-15 23:51,2026-09-16 01:51,4294.01,4294.64,4293.0,4293.91,14
1789523640,2026-09-15 23:54,2026-09-16 01:54,4293.96,4294.14,4291.45,4292.18,14
1789523820,2026-09-15 23:57,2026-09-16 01:57,4292.26,4292.56,4288.76,4289.07,14
1789524000,2026-09-16 00:00,2026-09-16 02:00,4289.01,4289.81,4286.11,4286.47,14
1789524180,2026-09-16 00:03,2026-09-16 02:03,4286.52,4287.65,4285.02,4287.13,14
1789524360,2026-09-16 00:06,2026-09-16 02:06,4287.15,4287.62,4286.35,4286.67,14
1789524540,2026-09-16 00:09,2026-09-16 02:09,4286.68,4288.42,4285.32,4287.9,14
1789524720,2026-09-16 00:12,2026-09-16 02:12,4287.7,4288.82,4286.05,4286.22,14
1789524900,2026-09-16 00:15,2026-09-16 02:15,4286.3,4287.3,4285.28,4286.63,14
1789525080,2026-09-16 00:18,2026-09-16 02:18,4286.64,4287.42,4286.62,4287.3,14
1789525260,2026-09-16 00:21,2026-09-16 02:21,4287.33,4287.33,4286.42,4286.83,14
1789525440,2026-09-16 00:24,2026-09-16 02:24,4286.88,4287.24,4284.18,4284.84,14
1789525620,2026-09-16 00:27,2026-09-16 02:27,4284.59,4284.6,4282.17,4284.33,14
1789525800,2026-09-16 00:30,2026-09-16 02:30,4284.3,4286.38,4283.0,4286.04,14
1789525980,2026-09-16 00:33,2026-09-16 02:33,4286.01,4287.96,4285.33,4287.5,14
1789526160,2026-09-16 00:36,2026-09-16 02:36,4287.51,4287.51,4284.85,4285.01,14
1789526340,2026-09-16 00:39,2026-09-16 02:39,4285.02,4285.81,4282.72,4284.56,14
1789526520,2026-09-16 00:42,2026-09-16 02:42,4284.53,4285.77,4283.48,4284.79,14
1789526700,2026-09-16 00:45,2026-09-16 02:45,4284.85,4286.45,4284.3,4286.2,14
1789526880,2026-09-16 00:48,2026-09-16 02:48,4286.27,4286.35,4283.32,4284.53,14
1789527060,2026-09-16 00:51,2026-09-16 02:51,4284.55,4284.89,4283.2,4283.54,14
1789527240,2026-09-16 00:54,2026-09-16 02:54,4283.53,4284.11,4281.37,4282.1,14
1789527420,2026-09-16 00:57,2026-09-16 02:57,4282.11,4283.6,4281.45,4283.6,14
1789527600,2026-09-16 01:00,2026-09-16 03:00,4283.6,4284.33,4281.22,4281.78,14
1789527780,2026-09-16 01:03,2026-09-16 03:03,4281.84,4282.45,4280.69,4282.09,14
1789527960,2026-09-16 01:06,2026-09-16 03:06,4282.11,4285.04,4281.97,4282.07,14
1789528140,2026-09-16 01:09,2026-09-16 03:09,4282.43,4282.67,4280.82,4281.73,14
1789528320,2026-09-16 01:12,2026-09-16 03:12,4281.76,4283.21,4281.66,4282.7,14
1789528500,2026-09-16 01:15,2026-09-16 03:15,4282.72,4284.33,4281.9,4283.79,14
1789528680,2026-09-16 01:18,2026-09-16 03:18,4283.82,4286.15,4282.95,4284.83,14
1789528860,2026-09-16 01:21,2026-09-16 03:21,4284.85,4286.08,4283.32,4285.19,14
1789529040,2026-09-16 01:24,2026-09-16 03:24,4285.23,4285.45,4283.5,4285.09,14
1789529220,2026-09-16 01:27,2026-09-16 03:27,4285.07,4285.08,4283.16,4284.21,14
1789529400,2026-09-16 01:30,2026-09-16 03:30,4284.22,4285.01,4282.0,4282.12,14
1789529580,2026-09-16 01:33,2026-09-16 03:33,4282.07,4282.47,4279.85,4280.31,14
1789529760,2026-09-16 01:36,2026-09-16 03:36,4280.3,4281.6,4279.7,4281.1,14
1789529940,2026-09-16 01:39,2026-09-16 03:39,4281.08,4285.44,4280.83,4285.13,14
1789530120,2026-09-16 01:42,2026-09-16 03:42,4285.21,4285.56,4283.18,4283.75,14
1789530300,2026-09-16 01:45,2026-09-16 03:45,4283.72,4285.35,4282.38,4282.77,14
1789530480,2026-09-16 01:48,2026-09-16 03:48,4282.72,4284.5,4281.21,4281.41,14
1789530660,2026-09-16 01:51,2026-09-16 03:51,4281.42,4282.71,4279.65,4279.89,14
1789530840,2026-09-16 01:54,2026-09-16 03:54,4279.86,4279.99,4275.51,4277.59,14
1789531020,2026-09-16 01:57,2026-09-16 03:57,4277.67,4278.62,4275.61,4277.49,14
1789531200,2026-09-16 02:00,2026-09-16 04:00,4277.43,4284.61,4276.74,4283.1,14
1789531380,2026-09-16 02:03,2026-09-16 04:03,4283.32,4284.86,4278.9,4280.01,14
1789531560,2026-09-16 02:06,2026-09-16 04:06,4280.02,4282.68,4278.44,4280.86,14
1789531740,2026-09-16 02:09,2026-09-16 04:09,4280.83,4283.16,4279.21,4282.87,14
1789531920,2026-09-16 02:12,2026-09-16 04:12,4282.89,4287.98,4282.25,4287.47,14
1789532100,2026-09-16 02:15,2026-09-16 04:15,4287.48,4290.28,4285.25,4285.92,14
1789532280,2026-09-16 02:18,2026-09-16 04:18,4285.93,4290.49,4284.56,4289.74,14
1789532460,2026-09-16 02:21,2026-09-16 04:21,4289.76,4290.32,4288.0,4289.77,14
1789532640,2026-09-16 02:24,2026-09-16 04:24,4290.05,4292.77,4288.85,4292.01,14
1789532820,2026-09-16 02:27,2026-09-16 04:27,4291.98,4293.8,4290.29,4290.6,14
1789533000,2026-09-16 02:30,2026-09-16 04:30,4290.58,4291.37,4287.78,4288.9,14
1789533180,2026-09-16 02:33,2026-09-16 04:33,4288.88,4289.98,4287.52,4287.88,14
1789533360,2026-09-16 02:36,2026-09-16 04:36,4287.79,4289.74,4287.52,4288.31,14
1789533540,2026-09-16 02:39,2026-09-16 04:39,4288.22,4290.56,4285.97,4290.4,14
1789533720,2026-09-16 02:42,2026-09-16 04:42,4290.39,4290.71,4288.02,4288.74,14
1789533900,2026-09-16 02:45,2026-09-16 04:45,4288.68,4289.25,4286.3,4287.56,14
1789534080,2026-09-16 02:48,2026-09-16 04:48,4287.51,4289.02,4285.29,4285.39,14
1789534260,2026-09-16 02:51,2026-09-16 04:51,4285.36,4288.32,4284.28,4287.49,14
1789534440,2026-09-16 02:54,2026-09-16 04:54,4287.46,4287.47,4283.35,4283.35,14
1789534620,2026-09-16 02:57,2026-09-16 04:57,4283.46,4283.78,4280.45,4282.56,14
1789534800,2026-09-16 03:00,2026-09-16 05:00,4282.52,4287.01,4281.96,4286.54,14
1789534980,2026-09-16 03:03,2026-09-16 05:03,4286.55,4287.81,4285.14,4286.17,14
1789535160,2026-09-16 03:06,2026-09-16 05:06,4286.26,4287.84,4284.79,4287.36,14
1789535340,2026-09-16 03:09,2026-09-16 05:09,4287.37,4293.41,4286.49,4293.37,14
1789535520,2026-09-16 03:12,2026-09-16 05:12,4293.34,4294.75,4291.31,4292.05,14
1789535700,2026-09-16 03:15,2026-09-16 05:15,4292.29,4293.8,4289.81,4291.47,14
1789535880,2026-09-16 03:18,2026-09-16 05:18,4291.57,4295.07,4290.73,4291.65,14
1789536060,2026-09-16 03:21,2026-09-16 05:21,4291.57,4295.04,4290.91,4293.84,14
1789536240,2026-09-16 03:24,2026-09-16 05:24,4293.89,4297.81,4293.81,4297.75,14
1789536420,2026-09-16 03:27,2026-09-16 05:27,4297.78,4300.69,4297.61,4299.03,14
1789536600,2026-09-16 03:30,2026-09-16 05:30,4299.04,4311.16,4298.49,4305.52,14
1789536780,2026-09-16 03:33,2026-09-16 05:33,4305.75,4313.25,4304.77,4312.99,14
1789536960,2026-09-16 03:36,2026-09-16 05:36,4313.07,4315.88,4309.29,4309.82,14
1789537140,2026-09-16 03:39,2026-09-16 05:39,4309.85,4313.88,4309.85,4312.63,14
1789537320,2026-09-16 03:42,2026-09-16 05:42,4312.61,4314.06,4310.77,4310.98,14
1789537500,2026-09-16 03:45,2026-09-16 05:45,4310.95,4315.62,4310.78,4313.73,14
1789537680,2026-09-16 03:48,2026-09-16 05:48,4313.78,4316.4,4313.73,4315.86,14
1789537860,2026-09-16 03:51,2026-09-16 05:51,4315.85,4317.03,4313.72,4314.58,14
1789538040,2026-09-16 03:54,2026-09-16 05:54,4314.71,4322.77,4313.69,4321.06,14
1789538220,2026-09-16 03:57,2026-09-16 05:57,4320.96,4323.45,4319.09,4321.48,14
1789538400,2026-09-16 04:00,2026-09-16 06:00,4321.41,4328.09,4321.41,4327.48,14
1789538580,2026-09-16 04:03,2026-09-16 06:03,4327.36,4330.42,4325.69,4328.49,14
1789538760,2026-09-16 04:06,2026-09-16 06:06,4328.67,4330.7,4325.94,4326.53,14
1789538940,2026-09-16 04:09,2026-09-16 06:09,4326.58,4331.29,4325.48,4329.81,14
1789539120,2026-09-16 04:12,2026-09-16 06:12,4329.77,4338.67,4329.77,4336.74,14
1789539300,2026-09-16 04:15,2026-09-16 06:15,4336.89,4339.77,4336.17,4338.41,14
1789539480,2026-09-16 04:18,2026-09-16 06:18,4338.31,4338.5,4335.49,4338.06,14
1789539660,2026-09-16 04:21,2026-09-16 06:21,4338.03,4341.2,4336.93,4338.09,14
1789539840,2026-09-16 04:24,2026-09-16 06:24,4338.28,4338.72,4334.28,4335.63,14
1789540020,2026-09-16 04:27,2026-09-16 06:27,4335.66,4335.89,4331.89,4332.17,14
1789540200,2026-09-16 04:30,2026-09-16 06:30,4332.12,4332.73,4328.95,4329.7,14
1789540380,2026-09-16 04:33,2026-09-16 06:33,4329.81,4331.01,4328.36,4328.78,14
1789540560,2026-09-16 04:36,2026-09-16 06:36,4328.83,4328.9,4326.15,4327.33,14
1789540740,2026-09-16 04:39,2026-09-16 06:39,4327.36,4329.42,4327.26,4327.36,14
1789540920,2026-09-16 04:42,2026-09-16 06:42,4327.35,4327.89,4325.86,4327.0,14
1789541100,2026-09-16 04:45,2026-09-16 06:45,4326.99,4328.07,4325.91,4327.14,14
1789541280,2026-09-16 04:48,2026-09-16 06:48,4327.15,4327.25,4322.95,4323.42,14
1789541460,2026-09-16 04:51,2026-09-16 06:51,4323.44,4327.1,4322.87,4326.15,14
1789541640,2026-09-16 04:54,2026-09-16 06:54,4326.14,4327.25,4325.74,4326.88,14
1789541820,2026-09-16 04:57,2026-09-16 06:57,4326.9,4327.89,4326.08,4327.12,14
1789542000,2026-09-16 05:00,2026-09-16 07:00,4327.11,4328.7,4326.82,4327.17,14
1789542180,2026-09-16 05:03,2026-09-16 07:03,4327.16,4328.45,4325.68,4326.77,14
1789542360,2026-09-16 05:06,2026-09-16 07:06,4326.76,4327.2,4326.06,4326.62,14
1789542540,2026-09-16 05:09,2026-09-16 07:09,4326.64,4327.6,4325.61,4327.52,14
1789542720,2026-09-16 05:12,2026-09-16 07:12,4327.5,4327.99,4325.3,4327.03,14
1789542900,2026-09-16 05:15,2026-09-16 07:15,4327.06,4327.45,4325.47,4325.55,14
1789543080,2026-09-16 05:18,2026-09-16 07:18,4325.51,4326.98,4323.23,4326.63,14
1789543260,2026-09-16 05:21,2026-09-16 07:21,4326.52,4328.68,4325.47,4327.67,14
1789543440,2026-09-16 05:24,2026-09-16 07:24,4327.41,4328.01,4326.32,4326.88,14
1789543620,2026-09-16 05:27,2026-09-16 07:27,4326.89,4327.04,4325.28,4325.65,14
1789543800,2026-09-16 05:30,2026-09-16 07:30,4325.7,4328.37,4325.23,4327.25,14
1789543980,2026-09-16 05:33,2026-09-16 07:33,4327.26,4327.43,4324.72,4325.57,14
1789544160,2026-09-16 05:36,2026-09-16 07:36,4325.31,4326.13,4324.77,4325.28,14
1789544340,2026-09-16 05:39,2026-09-16 07:39,4325.33,4326.02,4324.93,4325.44,14
1789544520,2026-09-16 05:42,2026-09-16 07:42,4325.18,4325.4,4322.74,4323.13,14
1789544700,2026-09-16 05:45,2026-09-16 07:45,4323.17,4323.66,4322.24,4322.96,14
1789544880,2026-09-16 05:48,2026-09-16 07:48,4322.98,4323.11,4320.75,4321.54,14
1789545060,2026-09-16 05:51,2026-09-16 07:51,4321.57,4322.14,4320.65,4321.58,14
1789545240,2026-09-16 05:54,2026-09-16 07:54,4321.56,4322.17,4320.63,4321.18,14
1789545420,2026-09-16 05:57,2026-09-16 07:57,4321.21,4322.43,4321.1,4321.76,14
1789545600,2026-09-16 06:00,2026-09-16 08:00,4322.02,4322.96,4320.68,4321.87,14
1789545780,2026-09-16 06:03,2026-09-16 08:03,4321.86,4323.51,4321.42,4323.45,14
1789545960,2026-09-16 06:06,2026-09-16 08:06,4323.43,4324.67,4322.25,4323.19,14
1789546140,2026-09-16 06:09,2026-09-16 08:09,4323.08,4324.49,4321.15,4321.68,14
1789546320,2026-09-16 06:12,2026-09-16 08:12,4321.82,4324.58,4321.1,4321.74,14
1789546500,2026-09-16 06:15,2026-09-16 08:15,4321.73,4324.47,4321.48,4323.54,14
1789546680,2026-09-16 06:18,2026-09-16 08:18,4323.56,4326.47,4323.56,4324.72,14
1789546860,2026-09-16 06:21,2026-09-16 08:21,4324.68,4325.64,4323.78,4324.12,14
1789547040,2026-09-16 06:24,2026-09-16 08:24,4324.1,4327.1,4323.21,4325.6,14
1789547220,2026-09-16 06:27,2026-09-16 08:27,4325.57,4327.0,4324.22,4324.8,14
1789547400,2026-09-16 06:30,2026-09-16 08:30,4324.96,4327.97,4324.66,4327.26,14
1789547580,2026-09-16 06:33,2026-09-16 08:33,4327.24,4329.53,4326.75,4329.01,14
1789547760,2026-09-16 06:36,2026-09-16 08:36,4329.04,4330.93,4326.77,4329.8,14
1789547940,2026-09-16 06:39,2026-09-16 08:39,4329.82,4330.53,4328.13,4329.11,14
1789548120,2026-09-16 06:42,2026-09-16 08:42,4329.21,4333.19,4328.29,4332.95,14
1789548300,2026-09-16 06:45,2026-09-16 08:45,4332.96,4333.88,4330.31,4330.36,14
1789548480,2026-09-16 06:48,2026-09-16 08:48,4330.34,4330.39,4327.77,4329.48,14
1789548660,2026-09-16 06:51,2026-09-16 08:51,4329.53,4332.35,4329.43,4329.78,14
1789548840,2026-09-16 06:54,2026-09-16 08:54,4329.75,4330.89,4328.6,4330.35,14
1789549020,2026-09-16 06:57,2026-09-16 08:57,4330.47,4330.75,4326.47,4326.73,17
1789549200,2026-09-16 07:00,2026-09-16 09:00,4326.82,4332.06,4325.73,4326.15,17
1789549380,2026-09-16 07:03,2026-09-16 09:03,4326.17,4326.29,4322.01,4323.31,17
1789549560,2026-09-16 07:06,2026-09-16 09:06,4323.31,4325.49,4321.64,4324.18,14
1789549740,2026-09-16 07:09,2026-09-16 09:09,4324.35,4326.24,4323.64,4325.95,14
1789549920,2026-09-16 07:12,2026-09-16 09:12,4325.93,4327.54,4325.53,4326.0,14
1789550100,2026-09-16 07:15,2026-09-16 09:15,4325.97,4327.06,4324.89,4325.44,14
1789550280,2026-09-16 07:18,2026-09-16 09:18,4325.46,4328.04,4325.05,4327.5,14
1789550460,2026-09-16 07:21,2026-09-16 09:21,4327.47,4330.37,4326.53,4328.19,14
1789550640,2026-09-16 07:24,2026-09-16 09:24,4328.22,4328.47,4326.27,4327.25,14
1789550820,2026-09-16 07:27,2026-09-16 09:27,4327.34,4327.34,4325.55,4326.82,14
1789551000,2026-09-16 07:30,2026-09-16 09:30,4326.66,4327.46,4324.32,4325.7,14
1789551180,2026-09-16 07:33,2026-09-16 09:33,4325.74,4326.09,4323.57,4325.29,14
1789551360,2026-09-16 07:36,2026-09-16 09:36,4325.36,4327.11,4324.22,4326.36,14
1789551540,2026-09-16 07:39,2026-09-16 09:39,4326.16,4326.74,4325.02,4325.75,14
1789551720,2026-09-16 07:42,2026-09-16 09:42,4325.59,4328.13,4324.39,4327.91,14
1789551900,2026-09-16 07:45,2026-09-16 09:45,4327.89,4328.3,4325.99,4326.44,14
1789552080,2026-09-16 07:48,2026-09-16 09:48,4326.37,4328.38,4325.38,4326.9,14
1789552260,2026-09-16 07:51,2026-09-16 09:51,4326.85,4330.89,4326.83,4328.36,14
1789552440,2026-09-16 07:54,2026-09-16 09:54,4328.15,4330.78,4327.27,4329.72,14
1789552620,2026-09-16 07:57,2026-09-16 09:57,4329.73,4333.24,4329.54,4333.02,14
1789552800,2026-09-16 08:00,2026-09-16 10:00,4332.84,4334.87,4331.77,4333.41,14
1789552980,2026-09-16 08:03,2026-09-16 10:03,4333.85,4335.91,4332.04,4332.7,14
1789553160,2026-09-16 08:06,2026-09-16 10:06,4332.74,4334.38,4330.0,4333.34,14
1789553340,2026-09-16 08:09,2026-09-16 10:09,4333.44,4334.16,4331.57,4331.97,14
1789553520,2026-09-16 08:12,2026-09-16 10:12,4331.99,4335.57,4331.37,4335.32,14
1789553700,2026-09-16 08:15,2026-09-16 10:15,4335.4,4337.11,4333.65,4336.86,14
1789553880,2026-09-16 08:18,2026-09-16 10:18,4336.93,4337.56,4332.19,4333.55,14
1789554060,2026-09-16 08:21,2026-09-16 10:21,4333.87,4336.56,4332.21,4335.42,14
1789554240,2026-09-16 08:24,2026-09-16 10:24,4335.43,4335.63,4332.8,4333.27,14
1789554420,2026-09-16 08:27,2026-09-16 10:27,4333.16,4336.23,4333.13,4335.89,14
1789554600,2026-09-16 08:30,2026-09-16 10:30,4335.64,4337.41,4334.13,4334.32,14
1789554780,2026-09-16 08:33,2026-09-16 10:33,4334.45,4338.06,4333.73,4337.56,14
1789554960,2026-09-16 08:36,2026-09-16 10:36,4337.6,4339.11,4337.18,4338.02,14
1789555140,2026-09-16 08:39,2026-09-16 10:39,4338.12,4339.19,4336.13,4336.38,14
1789555320,2026-09-16 08:42,2026-09-16 10:42,4336.41,4337.21,4334.45,4336.19,14
1789555500,2026-09-16 08:45,2026-09-16 10:45,4336.2,4338.1,4335.39,4335.39,14
1789555680,2026-09-16 08:48,2026-09-16 10:48,4335.3,4335.65,4332.5,4332.76,14
1789555860,2026-09-16 08:51,2026-09-16 10:51,4332.77,4332.91,4329.85,4330.17,14
1789556040,2026-09-16 08:54,2026-09-16 10:54,4330.18,4330.65,4328.94,4330.5,14
1789556220,2026-09-16 08:57,2026-09-16 10:57,4330.46,4330.46,4328.55,4329.15,14
1789556400,2026-09-16 09:00,2026-09-16 11:00,4329.14,4329.71,4325.36,4327.22,14
1789556580,2026-09-16 09:03,2026-09-16 11:03,4327.24,4327.54,4324.7,4326.09,14
1789556760,2026-09-16 09:06,2026-09-16 11:06,4326.18,4326.21,4323.8,4324.64,14
1789556940,2026-09-16 09:09,2026-09-16 11:09,4324.65,4325.83,4322.96,4325.56,14
1789557120,2026-09-16 09:12,2026-09-16 11:12,4325.63,4328.01,4324.76,4327.77,14
1789557300,2026-09-16 09:15,2026-09-16 11:15,4327.77,4331.88,4326.67,4331.51,14
1789557480,2026-09-16 09:18,2026-09-16 11:18,4331.54,4335.13,4329.6,4332.95,14
1789557660,2026-09-16 09:21,2026-09-16 11:21,4333.06,4337.57,4332.73,4334.66,14
1789557840,2026-09-16 09:24,2026-09-16 11:24,4334.92,4335.77,4333.12,4333.79,14
1789558020,2026-09-16 09:27,2026-09-16 11:27,4333.8,4334.62,4332.97,4334.29,14
1789558200,2026-09-16 09:30,2026-09-16 11:30,4334.19,4334.47,4328.91,4329.87,14
1789558380,2026-09-16 09:33,2026-09-16 11:33,4329.76,4329.98,4326.44,4328.1,14
1789558560,2026-09-16 09:36,2026-09-16 11:36,4327.89,4328.05,4324.47,4324.73,14
1789558740,2026-09-16 09:39,2026-09-16 11:39,4324.82,4325.55,4323.64,4324.89,14
1789558920,2026-09-16 09:42,2026-09-16 11:42,4324.88,4329.16,4324.45,4328.18,14
1789559100,2026-09-16 09:45,2026-09-16 11:45,4328.22,4329.02,4326.82,4327.15,14
1789559280,2026-09-16 09:48,2026-09-16 11:48,4327.09,4329.03,4325.19,4326.16,14
1789559460,2026-09-16 09:51,2026-09-16 11:51,4326.41,4329.43,4324.98,4329.25,14
1789559640,2026-09-16 09:54,2026-09-16 11:54,4329.27,4330.17,4328.7,4329.29,14
1789559820,2026-09-16 09:57,2026-09-16 11:57,4329.37,4331.4,4328.97,4330.12,14
1789560000,2026-09-16 10:00,2026-09-16 12:00,4330.15,4332.36,4329.87,4331.19,14
1789560180,2026-09-16 10:03,2026-09-16 12:03,4331.13,4331.71,4329.73,4330.48,14
1789560360,2026-09-16 10:06,2026-09-16 12:06,4330.52,4332.77,4330.23,4330.79,14
1789560540,2026-09-16 10:09,2026-09-16 12:09,4330.8,4332.79,4330.52,4332.05,14
1789560720,2026-09-16 10:12,2026-09-16 12:12,4332.03,4332.38,4331.29,4331.82,14
1789560900,2026-09-16 10:15,2026-09-16 12:15,4331.84,4333.88,4330.86,4331.26,14
1789561080,2026-09-16 10:18,2026-09-16 12:18,4331.24,4331.39,4328.84,4329.45,14
1789561260,2026-09-16 10:21,2026-09-16 12:21,4329.63,4330.72,4327.83,4328.04,14
1789561440,2026-09-16 10:24,2026-09-16 12:24,4328.06,4333.58,4327.19,4331.39,14
1789561620,2026-09-16 10:27,2026-09-16 12:27,4331.47,4333.44,4328.64,4329.43,14
1789561800,2026-09-16 10:30,2026-09-16 12:30,4329.5,4335.06,4329.42,4334.55,14
1789561980,2026-09-16 10:33,2026-09-16 12:33,4334.56,4335.35,4332.71,4335.2,14
1789562160,2026-09-16 10:36,2026-09-16 12:36,4335.23,4335.8,4333.28,4333.44,14
1789562340,2026-09-16 10:39,2026-09-16 12:39,4333.32,4336.1,4332.61,4334.31,14
1789562520,2026-09-16 10:42,2026-09-16 12:42,4334.45,4337.27,4334.25,4335.02,14
1789562700,2026-09-16 10:45,2026-09-16 12:45,4335.03,4335.67,4331.51,4332.37,14
1789562880,2026-09-16 10:48,2026-09-16 12:48,4332.27,4335.48,4331.7,4334.82,14
1789563060,2026-09-16 10:51,2026-09-16 12:51,4334.83,4335.86,4334.5,4335.15,14
1789563240,2026-09-16 10:54,2026-09-16 12:54,4335.11,4337.61,4334.6,4337.48,14
1789563420,2026-09-16 10:57,2026-09-16 12:57,4337.48,4339.44,4337.42,4337.89,14
1789563600,2026-09-16 11:00,2026-09-16 13:00,4337.86,4341.34,4337.86,4340.6,14
1789563780,2026-09-16 11:03,2026-09-16 13:03,4340.54,4341.99,4338.55,4339.04,14
1789563960,2026-09-16 11:06,2026-09-16 13:06,4339.03,4343.13,4337.43,4342.97,14
1789564140,2026-09-16 11:09,2026-09-16 13:09,4342.94,4349.06,4342.94,4347.48,14
1789564320,2026-09-16 11:12,2026-09-16 13:12,4347.37,4348.74,4341.58,4342.58,14
1789564500,2026-09-16 11:15,2026-09-16 13:15,4342.59,4344.4,4341.69,4341.94,14
1789564680,2026-09-16 11:18,2026-09-16 13:18,4341.88,4346.15,4341.68,4345.86,14
1789564860,2026-09-16 11:21,2026-09-16 13:21,4345.81,4345.85,4342.18,4342.49,14
1789565040,2026-09-16 11:24,2026-09-16 13:24,4342.41,4346.24,4340.65,4346.11,14
1789565220,2026-09-16 11:27,2026-09-16 13:27,4346.06,4348.8,4346.06,4348.07,14
1789565400,2026-09-16 11:30,2026-09-16 13:30,4348.15,4348.88,4345.73,4348.25,14
1789565580,2026-09-16 11:33,2026-09-16 13:33,4348.26,4348.31,4346.32,4347.26,14
1789565760,2026-09-16 11:36,2026-09-16 13:36,4347.31,4349.64,4346.64,4347.33,14
1789565940,2026-09-16 11:39,2026-09-16 13:39,4347.69,4348.88,4347.2,4348.1,14
1789566120,2026-09-16 11:42,2026-09-16 13:42,4348.12,4349.53,4347.62,4348.95,14
1789566300,2026-09-16 11:45,2026-09-16 13:45,4348.94,4349.69,4347.71,4348.66,14
1789566480,2026-09-16 11:48,2026-09-16 13:48,4348.65,4349.07,4347.55,4347.85,14
1789566660,2026-09-16 11:51,2026-09-16 13:51,4347.85,4347.92,4346.5,4346.51,14
1789566840,2026-09-16 11:54,2026-09-16 13:54,4346.57,4347.47,4345.58,4346.95,14
1789567020,2026-09-16 11:57,2026-09-16 13:57,4346.89,4350.88,4346.79,4350.63,14
1789567200,2026-09-16 12:00,2026-09-16 14:00,4351.21,4353.12,4348.53,4350.43,14
1789567380,2026-09-16 12:03,2026-09-16 14:03,4350.34,4350.95,4348.64,4349.64,14
1789567560,2026-09-16 12:06,2026-09-16 14:06,4349.66,4351.45,4348.64,4349.14,14
1789567740,2026-09-16 12:09,2026-09-16 14:09,4349.04,4350.99,4348.45,4350.08,14
1789567920,2026-09-16 12:12,2026-09-16 14:12,4350.07,4350.32,4346.62,4347.12,14
1789568100,2026-09-16 12:15,2026-09-16 14:15,4347.09,4348.24,4346.94,4348.05,14
1789568280,2026-09-16 12:18,2026-09-16 14:18,4348.02,4348.6,4346.68,4347.46,14
1789568460,2026-09-16 12:21,2026-09-16 14:21,4347.57,4348.39,4346.74,4348.32,14
1789568640,2026-09-16 12:24,2026-09-16 14:24,4348.35,4349.69,4347.68,4348.81,14
1789568820,2026-09-16 12:27,2026-09-16 14:27,4348.8,4353.43,4348.61,4350.57,14
1789569000,2026-09-16 12:30,2026-09-16 14:30,4350.58,4351.4,4348.69,4348.79,14
1789569180,2026-09-16 12:33,2026-09-16 14:33,4348.83,4351.52,4348.83,4350.08,14
1789569360,2026-09-16 12:36,2026-09-16 14:36,4350.12,4353.27,4348.75,4350.78,14
1789569540,2026-09-16 12:39,2026-09-16 14:39,4350.63,4351.56,4347.4,4349.01,14
1789569720,2026-09-16 12:42,2026-09-16 14:42,4349.1,4351.15,4348.19,4349.89,14
1789569900,2026-09-16 12:45,2026-09-16 14:45,4349.86,4350.8,4349.16,4349.46,14
1789570080,2026-09-16 12:48,2026-09-16 14:48,4349.47,4350.1,4345.61,4346.89,14
1789570260,2026-09-16 12:51,2026-09-16 14:51,4346.91,4347.9,4346.07,4346.69,14
1789570440,2026-09-16 12:54,2026-09-16 14:54,4346.71,4348.66,4343.6,4343.85,14
1789570620,2026-09-16 12:57,2026-09-16 14:57,4343.87,4344.36,4341.73,4342.02,14
1789570800,2026-09-16 13:00,2026-09-16 15:00,4342.0,4343.08,4340.7,4342.88,14
1789570980,2026-09-16 13:03,2026-09-16 15:03,4342.8,4344.11,4341.87,4343.77,14
1789571160,2026-09-16 13:06,2026-09-16 15:06,4343.73,4348.34,4343.73,4347.17,14
1789571340,2026-09-16 13:09,2026-09-16 15:09,4347.11,4348.08,4344.25,4345.85,14
1789571520,2026-09-16 13:12,2026-09-16 15:12,4345.93,4346.74,4343.15,4343.63,14
1789571700,2026-09-16 13:15,2026-09-16 15:15,4343.68,4345.94,4342.7,4343.59,14
1789571880,2026-09-16 13:18,2026-09-16 15:18,4343.41,4343.59,4338.68,4340.45,14
1789572060,2026-09-16 13:21,2026-09-16 15:21,4340.48,4341.09,4338.67,4339.83,14
1789572240,2026-09-16 13:24,2026-09-16 15:24,4339.79,4340.9,4337.79,4340.46,14
1789572420,2026-09-16 13:27,2026-09-16 15:27,4340.54,4341.39,4338.65,4339.46,14
1789572600,2026-09-16 13:30,2026-09-16 15:30,4339.56,4342.61,4335.44,4340.68,14
1789572780,2026-09-16 13:33,2026-09-16 15:33,4340.84,4343.56,4340.48,4342.36,14
1789572960,2026-09-16 13:36,2026-09-16 15:36,4342.35,4342.39,4338.98,4341.12,14
1789573140,2026-09-16 13:39,2026-09-16 15:39,4341.09,4344.58,4341.06,4342.98,14
1789573320,2026-09-16 13:42,2026-09-16 15:42,4343.04,4345.26,4342.62,4344.02,14
1789573500,2026-09-16 13:45,2026-09-16 15:45,4343.98,4344.68,4342.55,4343.39,14
1789573680,2026-09-16 13:48,2026-09-16 15:48,4343.38,4347.58,4343.38,4347.26,14
1789573860,2026-09-16 13:51,2026-09-16 15:51,4347.25,4347.68,4342.55,4345.85,14
1789574040,2026-09-16 13:54,2026-09-16 15:54,4345.9,4347.97,4344.22,4346.08,14
1789574220,2026-09-16 13:57,2026-09-16 15:57,4346.08,4349.18,4344.84,4347.46,14
1789574400,2026-09-16 14:00,2026-09-16 16:00,4347.2,4350.21,4345.58,4347.15,14
1789574580,2026-09-16 14:03,2026-09-16 16:03,4347.04,4348.68,4344.44,4345.09,14
1789574760,2026-09-16 14:06,2026-09-16 16:06,4344.83,4349.58,4343.79,4349.58,14
1789574940,2026-09-16 14:09,2026-09-16 16:09,4349.57,4351.47,4347.65,4350.28,14
1789575120,2026-09-16 14:12,2026-09-16 16:12,4350.02,4357.12,4350.02,4356.24,14
1789575300,2026-09-16 14:15,2026-09-16 16:15,4356.26,4360.49,4354.16,4354.42,14
1789575480,2026-09-16 14:18,2026-09-16 16:18,4354.41,4355.63,4349.17,4349.37,14
1789575660,2026-09-16 14:21,2026-09-16 16:21,4349.38,4355.8,4349.37,4353.15,14
1789575840,2026-09-16 14:24,2026-09-16 16:24,4353.22,4354.78,4352.43,4354.27,14
1789576020,2026-09-16 14:27,2026-09-16 16:27,4354.31,4355.36,4351.82,4352.21,14
1789576200,2026-09-16 14:30,2026-09-16 16:30,4352.25,4354.25,4350.28,4351.64,14
1789576380,2026-09-16 14:33,2026-09-16 16:33,4351.89,4354.29,4348.04,4349.59,14
1789576560,2026-09-16 14:36,2026-09-16 16:36,4349.67,4350.26,4345.35,4347.69,14
1789576740,2026-09-16 14:39,2026-09-16 16:39,4347.78,4347.79,4343.89,4345.52,14
1789576920,2026-09-16 14:42,2026-09-16 16:42,4345.44,4345.5,4340.62,4340.82,14
1789577100,2026-09-16 14:45,2026-09-16 16:45,4340.83,4345.99,4340.68,4344.94,14
1789577280,2026-09-16 14:48,2026-09-16 16:48,4344.95,4345.02,4341.51,4343.86,14
1789577460,2026-09-16 14:51,2026-09-16 16:51,4343.74,4344.05,4337.77,4339.16,14
1789577640,2026-09-16 14:54,2026-09-16 16:54,4339.11,4339.37,4335.29,4337.02,14
1789577820,2026-09-16 14:57,2026-09-16 16:57,4337.03,4339.63,4336.02,4338.62,14
1789578000,2026-09-16 15:00,2026-09-16 17:00,4338.68,4339.64,4332.16,4332.43,14
1789578180,2026-09-16 15:03,2026-09-16 17:03,4332.37,4332.79,4326.48,4326.68,14
1789578360,2026-09-16 15:06,2026-09-16 17:06,4326.86,4329.63,4324.37,4329.54,14
1789578540,2026-09-16 15:09,2026-09-16 17:09,4329.87,4335.78,4328.71,4334.95,14
1789578720,2026-09-16 15:12,2026-09-16 17:12,4335.05,4340.01,4335.05,4339.85,14
1789578900,2026-09-16 15:15,2026-09-16 17:15,4339.83,4341.23,4335.19,4335.58,14
1789579080,2026-09-16 15:18,2026-09-16 17:18,4335.61,4336.43,4330.71,4333.07,14
1789579260,2026-09-16 15:21,2026-09-16 17:21,4333.05,4335.91,4332.21,4333.18,14
1789579440,2026-09-16 15:24,2026-09-16 17:24,4333.16,4335.13,4331.8,4334.63,14
1789579620,2026-09-16 15:27,2026-09-16 17:27,4334.59,4337.95,4333.46,4337.69,17
1789579800,2026-09-16 15:30,2026-09-16 17:30,4337.71,4338.54,4334.17,4336.37,17
1789579980,2026-09-16 15:33,2026-09-16 17:33,4336.28,4339.13,4334.68,4337.7,17
1789580160,2026-09-16 15:36,2026-09-16 17:36,4337.79,4342.15,4337.46,4342.06,14
1789580340,2026-09-16 15:39,2026-09-16 17:39,4342.08,4343.63,4339.95,4341.27,14
1789580520,2026-09-16 15:42,2026-09-16 17:42,4341.28,4345.95,4340.38,4345.39,14
1789580700,2026-09-16 15:45,2026-09-16 17:45,4345.41,4348.4,4344.72,4347.39,14
1789580880,2026-09-16 15:48,2026-09-16 17:48,4347.46,4354.45,4347.46,4353.17,14
1789581060,2026-09-16 15:51,2026-09-16 17:51,4353.1,4353.33,4350.94,4350.95,14
1789581240,2026-09-16 15:54,2026-09-16 17:54,4351.18,4351.18,4347.35,4349.15,14
1789581420,2026-09-16 15:57,2026-09-16 17:57,4349.25,4356.05,4348.79,4355.03,14
1789581600,2026-09-16 16:00,2026-09-16 18:00,4355.0,4357.59,4351.2,4351.49,14
1789581780,2026-09-16 16:03,2026-09-16 18:03,4351.45,4353.64,4350.47,4351.58,14
1789581960,2026-09-16 16:06,2026-09-16 18:06,4351.6,4357.92,4349.92,4354.38,14
1789582140,2026-09-16 16:09,2026-09-16 18:09,4354.42,4358.16,4353.94,4354.19,14
1789582320,2026-09-16 16:12,2026-09-16 18:12,4354.18,4356.14,4353.02,4353.23,14
1789582500,2026-09-16 16:15,2026-09-16 18:15,4353.25,4355.24,4351.5,4352.16,14
1789582680,2026-09-16 16:18,2026-09-16 18:18,4352.17,4354.91,4350.67,4351.16,14
1789582860,2026-09-16 16:21,2026-09-16 18:21,4351.18,4352.29,4350.25,4351.2,14
1789583040,2026-09-16 16:24,2026-09-16 18:24,4351.21,4352.08,4345.81,4346.21,14
1789583220,2026-09-16 16:27,2026-09-16 18:27,4346.43,4348.05,4344.49,4344.59,14
1789583400,2026-09-16 16:30,2026-09-16 18:30,4344.72,4346.54,4343.06,4344.92,14
1789583580,2026-09-16 16:33,2026-09-16 18:33,4344.94,4349.19,4344.54,4349.19,14
1789583760,2026-09-16 16:36,2026-09-16 18:36,4349.12,4352.99,4348.97,4351.94,14
1789583940,2026-09-16 16:39,2026-09-16 18:39,4351.87,4352.18,4349.72,4350.55,14
1789584120,2026-09-16 16:42,2026-09-16 18:42,4350.61,4351.54,4349.7,4350.79,14
1789584300,2026-09-16 16:45,2026-09-16 18:45,4350.8,4361.85,4350.36,4355.15,14
1789584480,2026-09-16 16:48,2026-09-16 18:48,4355.0,4356.72,4350.3,4351.49,14
1789584660,2026-09-16 16:51,2026-09-16 18:51,4351.42,4355.08,4351.29,4351.64,14
1789584840,2026-09-16 16:54,2026-09-16 18:54,4351.72,4352.45,4349.8,4350.88,14
1789585020,2026-09-16 16:57,2026-09-16 18:57,4350.98,4353.91,4350.78,4352.84,14
1789585200,2026-09-16 17:00,2026-09-16 19:00,4352.9,4353.25,4350.34,4351.06,14
1789585380,2026-09-16 17:03,2026-09-16 19:03,4351.1,4351.21,4347.49,4347.49,14
1789585560,2026-09-16 17:06,2026-09-16 19:06,4347.6,4349.65,4346.85,4349.43,14
1789585740,2026-09-16 17:09,2026-09-16 19:09,4349.33,4351.14,4349.15,4350.31,14
1789585920,2026-09-16 17:12,2026-09-16 19:12,4350.34,4351.35,4348.33,4350.15,14
1789586100,2026-09-16 17:15,2026-09-16 19:15,4350.17,4352.18,4350.06,4350.62,14
1789586280,2026-09-16 17:18,2026-09-16 19:18,4350.36,4350.78,4348.91,4349.53,14
1789586460,2026-09-16 17:21,2026-09-16 19:21,4349.4,4349.63,4346.48,4347.44,14
1789586640,2026-09-16 17:24,2026-09-16 19:24,4347.38,4348.32,4346.27,4346.51,14
1789586820,2026-09-16 17:27,2026-09-16 19:27,4346.49,4346.64,4344.3,4345.83,14
1789587000,2026-09-16 17:30,2026-09-16 19:30,4345.78,4348.03,4344.91,4346.65,14
1789587180,2026-09-16 17:33,2026-09-16 19:33,4346.73,4348.64,4346.73,4347.53,14
1789587360,2026-09-16 17:36,2026-09-16 19:36,4347.52,4348.21,4345.31,4346.46,14
1789587540,2026-09-16 17:39,2026-09-16 19:39,4346.45,4348.52,4346.27,4347.58,14
1789587720,2026-09-16 17:42,2026-09-16 19:42,4347.61,4347.85,4346.86,4347.35,14
1789587900,2026-09-16 17:45,2026-09-16 19:45,4347.36,4348.27,4346.79,4347.92,14
1789588080,2026-09-16 17:48,2026-09-16 19:48,4347.93,4348.76,4344.06,4344.65,14
1789588260,2026-09-16 17:51,2026-09-16 19:51,4344.66,4345.7,4343.67,4345.59,14
1789588440,2026-09-16 17:54,2026-09-16 19:54,4345.6,4347.55,4345.05,4345.77,14
1789588620,2026-09-16 17:57,2026-09-16 19:57,4345.76,4347.43,4345.66,4346.73,14
1789588800,2026-09-16 18:00,2026-09-16 20:00,4346.75,4346.93,4343.22,4344.15,14
1789588980,2026-09-16 18:03,2026-09-16 20:03,4344.14,4345.83,4343.63,4345.75,14
1789589160,2026-09-16 18:06,2026-09-16 20:06,4345.74,4346.08,4343.17,4343.94,14
1789589340,2026-09-16 18:09,2026-09-16 20:09,4344.0,4344.03,4342.07,4342.37,14
1789589520,2026-09-16 18:12,2026-09-16 20:12,4342.38,4343.97,4341.75,4343.51,14
1789589700,2026-09-16 18:15,2026-09-16 20:15,4343.38,4345.04,4343.26,4343.95,14
1789589880,2026-09-16 18:18,2026-09-16 20:18,4343.96,4345.6,4343.79,4344.49,14
1789590060,2026-09-16 18:21,2026-09-16 20:21,4344.5,4344.5,4342.57,4343.77,14
1789590240,2026-09-16 18:24,2026-09-16 20:24,4343.78,4346.54,4343.71,4346.16,14
1789590420,2026-09-16 18:27,2026-09-16 20:27,4346.15,4347.71,4345.11,4347.05,14
1789590600,2026-09-16 18:30,2026-09-16 20:30,4347.04,4348.7,4346.09,4348.7,14
1789590780,2026-09-16 18:33,2026-09-16 20:33,4348.64,4350.23,4347.69,4348.67,14
1789590960,2026-09-16 18:36,2026-09-16 20:36,4348.58,4348.58,4345.09,4345.34,14
1789591140,2026-09-16 18:39,2026-09-16 20:39,4345.33,4345.59,4343.16,4345.0,14
1789591320,2026-09-16 18:42,2026-09-16 20:42,4344.95,4345.41,4343.85,4344.03,14
1789591500,2026-09-16 18:45,2026-09-16 20:45,4344.05,4344.92,4342.47,4342.47,14
1789591680,2026-09-16 18:48,2026-09-16 20:48,4342.48,4345.28,4342.47,4344.64,14
1789591860,2026-09-16 18:51,2026-09-16 20:51,4344.53,4348.89,4343.92,4348.69,14
1789592040,2026-09-16 18:54,2026-09-16 20:54,4348.8,4351.11,4347.47,4350.51,14
1789592220,2026-09-16 18:57,2026-09-16 20:57,4350.47,4367.01,4350.32,4358.6,17
1789592400,2026-09-16 19:00,2026-09-16 21:00,4359.54,4367.55,4313.82,4332.16,22
1789592580,2026-09-16 19:03,2026-09-16 21:03,4332.09,4341.45,4323.31,4333.21,21
1789592760,2026-09-16 19:06,2026-09-16 21:06,4333.06,4346.0,4331.45,4339.26,16
1789592940,2026-09-16 19:09,2026-09-16 21:09,4339.34,4339.35,4315.46,4315.79,14
1789593120,2026-09-16 19:12,2026-09-16 21:12,4315.67,4316.86,4307.98,4310.71,14
1789593300,2026-09-16 19:15,2026-09-16 21:15,4310.7,4314.71,4306.37,4312.72,14
1789593480,2026-09-16 19:18,2026-09-16 21:18,4312.79,4322.64,4309.14,4320.46,14
1789593660,2026-09-16 19:21,2026-09-16 21:21,4320.47,4324.06,4313.68,4320.25,14
1789593840,2026-09-16 19:24,2026-09-16 21:24,4320.06,4321.94,4312.73,4315.69,14
1789594020,2026-09-16 19:27,2026-09-16 21:27,4316.03,4323.12,4312.41,4322.59,17
1789594200,2026-09-16 19:30,2026-09-16 21:30,4322.56,4323.85,4292.47,4292.62,17
1789594380,2026-09-16 19:33,2026-09-16 21:33,4292.15,4293.63,4273.48,4275.32,21
1789594560,2026-09-16 19:36,2026-09-16 21:36,4275.03,4285.01,4262.83,4283.81,16
1789594740,2026-09-16 19:39,2026-09-16 21:39,4283.57,4293.83,4282.67,4291.87,14
1789594920,2026-09-16 19:42,2026-09-16 21:42,4291.7,4311.19,4291.5,4301.32,16
1789595100,2026-09-16 19:45,2026-09-16 21:45,4301.23,4307.23,4295.63,4296.39,14
1789595280,2026-09-16 19:48,2026-09-16 21:48,4296.44,4297.86,4287.89,4288.69,14
1789595460,2026-09-16 19:51,2026-09-16 21:51,4288.29,4288.29,4266.01,4266.15,16
1789595640,2026-09-16 19:54,2026-09-16 21:54,4266.19,4273.19,4260.08,4265.53,14
1789595820,2026-09-16 19:57,2026-09-16 21:57,4265.21,4271.12,4257.61,4261.31,14
1789596000,2026-09-16 20:00,2026-09-16 22:00,4261.3,4280.33,4260.79,4278.81,14
1789596180,2026-09-16 20:03,2026-09-16 22:03,4278.79,4287.41,4267.72,4271.16,14
1789596360,2026-09-16 20:06,2026-09-16 22:06,4271.33,4273.09,4253.4,4256.16,14
1789596540,2026-09-16 20:09,2026-09-16 22:09,4256.25,4259.58,4235.33,4245.42,14
1789596720,2026-09-16 20:12,2026-09-16 22:12,4245.32,4253.74,4238.01,4252.88,14
1789596900,2026-09-16 20:15,2026-09-16 22:15,4253.01,4258.03,4243.24,4245.42,14
1789597080,2026-09-16 20:18,2026-09-16 22:18,4245.25,4250.67,4240.79,4245.06,14
1789597260,2026-09-16 20:21,2026-09-16 22:21,4245.52,4253.16,4245.0,4252.47,14
1789597440,2026-09-16 20:24,2026-09-16 22:24,4252.5,4257.82,4243.38,4244.31,14
1789597620,2026-09-16 20:27,2026-09-16 22:27,4244.34,4253.97,4239.64,4253.49,14
1789597800,2026-09-16 20:30,2026-09-16 22:30,4253.5,4262.2,4253.18,4259.78,14
1789597980,2026-09-16 20:33,2026-09-16 22:33,4259.83,4265.35,4256.36,4261.58,14
1789598160,2026-09-16 20:36,2026-09-16 22:36,4261.44,4263.69,4256.15,4257.95,14
1789598340,2026-09-16 20:39,2026-09-16 22:39,4257.96,4271.26,4257.37,4266.52,14
1789598520,2026-09-16 20:42,2026-09-16 22:42,4266.41,4269.72,4264.0,4264.91,14
1789598700,2026-09-16 20:45,2026-09-16 22:45,4264.69,4271.35,4264.61,4266.92,14
1789598880,2026-09-16 20:48,2026-09-16 22:48,4266.94,4276.33,4265.59,4275.59,14
1789599060,2026-09-16 20:51,2026-09-16 22:51,4275.51,4276.7,4268.14,4268.86,14
1789599240,2026-09-16 20:54,2026-09-16 22:54,4268.33,4274.15,4267.51,4271.14,14
1789599420,2026-09-16 20:57,2026-09-16 22:57,4271.12,4273.6,4268.68,4272.3,14
1789599600,2026-09-16 21:00,2026-09-16 23:00,4272.28,4272.96,4267.36,4271.71,14
1789599780,2026-09-16 21:03,2026-09-16 23:03,4271.75,4273.87,4269.89,4269.91,17
1789599960,2026-09-16 21:06,2026-09-16 23:06,4269.92,4270.56,4266.26,4266.42,17
1789600140,2026-09-16 21:09,2026-09-16 23:09,4266.37,4267.76,4264.37,4264.63,17
1789600320,2026-09-16 21:12,2026-09-16 23:12,4264.67,4266.72,4263.27,4264.62,17
1789600500,2026-09-16 21:15,2026-09-16 23:15,4264.88,4266.78,4263.35,4266.48,17
1789600680,2026-09-16 21:18,2026-09-16 23:18,4266.49,4268.37,4264.33,4265.19,17
1789600860,2026-09-16 21:21,2026-09-16 23:21,4265.31,4266.03,4261.59,4261.66,17
1789601040,2026-09-16 21:24,2026-09-16 23:24,4261.9,4262.96,4257.88,4259.04,17
1789601220,2026-09-16 21:27,2026-09-16 23:27,4258.97,4260.45,4257.14,4260.29,17
1789601400,2026-09-16 21:30,2026-09-16 23:30,4260.16,4262.36,4258.47,4259.41,17
1789601580,2026-09-16 21:33,2026-09-16 23:33,4259.42,4262.67,4258.37,4260.78,17
1789601760,2026-09-16 21:36,2026-09-16 23:36,4260.89,4265.17,4259.68,4263.88,17
1789601940,2026-09-16 21:39,2026-09-16 23:39,4263.98,4265.44,4263.45,4264.15,17
1789602120,2026-09-16 21:42,2026-09-16 23:42,4264.09,4264.09,4261.86,4262.72,17
1789602300,2026-09-16 21:45,2026-09-16 23:45,4262.8,4265.41,4262.69,4264.47,17
1789602480,2026-09-16 21:48,2026-09-16 23:48,4264.51,4266.73,4263.23,4263.37,17
1789602660,2026-09-16 21:51,2026-09-16 23:51,4263.42,4264.26,4261.68,4261.77,17
1789602840,2026-09-16 21:54,2026-09-16 23:54,4261.74,4263.91,4261.17,4262.95,17
1789603020,2026-09-16 21:57,2026-09-16 23:57,4262.97,4264.48,4262.87,4264.39,17
1789606800,2026-09-16 23:00,2026-09-17 01:00,4263.82,4264.94,4258.09,4261.8,17
1789606980,2026-09-16 23:03,2026-09-17 01:03,4261.84,4262.39,4258.98,4261.96,17
1789607160,2026-09-16 23:06,2026-09-17 01:06,4261.97,4263.0,4260.16,4261.14,17
1789607340,2026-09-16 23:09,2026-09-17 01:09,4261.09,4262.02,4259.42,4260.52,17
1789607520,2026-09-16 23:12,2026-09-17 01:12,4260.49,4262.04,4259.1,4259.37,17
1789607700,2026-09-16 23:15,2026-09-17 01:15,4259.36,4259.57,4257.34,4258.23,14
1789607880,2026-09-16 23:18,2026-09-17 01:18,4258.14,4261.38,4257.57,4261.07,14
1789608060,2026-09-16 23:21,2026-09-17 01:21,4261.12,4262.09,4259.57,4260.47,14
1789608240,2026-09-16 23:24,2026-09-17 01:24,4260.48,4263.64,4260.35,4263.56,14
1789608420,2026-09-16 23:27,2026-09-17 01:27,4263.49,4263.57,4261.61,4262.14,14
1789608600,2026-09-16 23:30,2026-09-17 01:30,4262.25,4266.92,4262.07,4266.69,14
1789608780,2026-09-16 23:33,2026-09-17 01:33,4266.65,4272.38,4266.33,4272.16,14
1789608960,2026-09-16 23:36,2026-09-17 01:36,4272.13,4276.15,4270.93,4275.61,14
1789609140,2026-09-16 23:39,2026-09-17 01:39,4275.62,4276.03,4273.37,4273.9,14
1789609320,2026-09-16 23:42,2026-09-17 01:42,4273.83,4274.33,4272.79,4272.95,14
1789609500,2026-09-16 23:45,2026-09-17 01:45,4273.14,4274.29,4272.16,4272.39,14
1789609680,2026-09-16 23:48,2026-09-17 01:48,4272.4,4272.57,4269.31,4269.85,14
1789609860,2026-09-16 23:51,2026-09-17 01:51,4269.86,4269.96,4265.36,4266.48,14
1789610040,2026-09-16 23:54,2026-09-17 01:54,4266.36,4268.5,4266.19,4266.73,14
1789610220,2026-09-16 23:57,2026-09-17 01:57,4266.99,4271.3,4266.45,4266.56,14
1789610400,2026-09-17 00:00,2026-09-17 02:00,4266.5,4268.14,4263.45,4263.54,14
1789610580,2026-09-17 00:03,2026-09-17 02:03,4263.58,4265.91,4262.23,4263.87,14
1789610760,2026-09-17 00:06,2026-09-17 02:06,4263.85,4265.12,4258.89,4264.69,14
1789610940,2026-09-17 00:09,2026-09-17 02:09,4264.68,4267.09,4263.15,4265.77,14
1789611120,2026-09-17 00:12,2026-09-17 02:12,4265.85,4266.47,4261.35,4262.83,14
1789611300,2026-09-17 00:15,2026-09-17 02:15,4262.84,4266.85,4262.2,4266.71,14
1789611480,2026-09-17 00:18,2026-09-17 02:18,4266.7,4270.5,4266.28,4269.96,14
1789611660,2026-09-17 00:21,2026-09-17 02:21,4269.93,4273.4,4269.46,4272.26,14
1789611840,2026-09-17 00:24,2026-09-17 02:24,4272.21,4272.46,4269.7,4270.06,14
1789612020,2026-09-17 00:27,2026-09-17 02:27,4270.09,4271.93,4270.09,4271.6,14
1789612200,2026-09-17 00:30,2026-09-17 02:30,4271.62,4273.48,4271.08,4272.9,14
1789612380,2026-09-17 00:33,2026-09-17 02:33,4272.92,4273.42,4270.49,4270.94,14
1789612560,2026-09-17 00:36,2026-09-17 02:36,4270.93,4271.17,4268.7,4270.67,14
1789612740,2026-09-17 00:39,2026-09-17 02:39,4270.66,4274.5,4269.35,4270.97,14
1789612920,2026-09-17 00:42,2026-09-17 02:42,4270.96,4274.19,4270.69,4273.67,14
1789613100,2026-09-17 00:45,2026-09-17 02:45,4273.69,4274.88,4271.52,4274.1,14
1789613280,2026-09-17 00:48,2026-09-17 02:48,4273.98,4275.53,4272.21,4273.1,14
1789613460,2026-09-17 00:51,2026-09-17 02:51,4273.08,4275.45,4272.51,4272.97,14
1789613640,2026-09-17 00:54,2026-09-17 02:54,4273.01,4274.19,4271.61,4272.79,14
1789613820,2026-09-17 00:57,2026-09-17 02:57,4272.92,4273.6,4271.54,4272.07,14
1789614000,2026-09-17 01:00,2026-09-17 03:00,4272.09,4272.56,4266.72,4269.48,14
1789614180,2026-09-17 01:03,2026-09-17 03:03,4269.49,4273.39,4268.49,4272.07,14
1789614360,2026-09-17 01:06,2026-09-17 03:06,4272.22,4274.66,4271.31,4273.91,14
1789614540,2026-09-17 01:09,2026-09-17 03:09,4274.02,4285.3,4273.47,4285.3,14
1789614720,2026-09-17 01:12,2026-09-17 03:12,4285.14,4286.68,4281.78,4284.64,14
1789614900,2026-09-17 01:15,2026-09-17 03:15,4284.74,4286.34,4282.65,4284.24,14
1789615080,2026-09-17 01:18,2026-09-17 03:18,4284.28,4288.05,4281.51,4287.64,14
1789615260,2026-09-17 01:21,2026-09-17 03:21,4287.68,4289.53,4285.08,4286.7,14
1789615440,2026-09-17 01:24,2026-09-17 03:24,4286.68,4288.64,4284.05,4284.42,14
1789615620,2026-09-17 01:27,2026-09-17 03:27,4284.49,4287.06,4283.19,4284.82,14
1789615800,2026-09-17 01:30,2026-09-17 03:30,4284.84,4287.53,4281.97,4286.38,14
1789615980,2026-09-17 01:33,2026-09-17 03:33,4286.31,4288.88,4284.8,4286.97,14
1789616160,2026-09-17 01:36,2026-09-17 03:36,4287.02,4288.94,4283.81,4287.81,14
1789616340,2026-09-17 01:39,2026-09-17 03:39,4287.84,4291.41,4287.01,4290.86,14
1789616520,2026-09-17 01:42,2026-09-17 03:42,4290.97,4292.76,4288.57,4289.15,14
1789616700,2026-09-17 01:45,2026-09-17 03:45,4289.14,4289.58,4285.11,4285.82,14
1789616880,2026-09-17 01:48,2026-09-17 03:48,4285.81,4287.06,4283.43,4283.56,14
1789617060,2026-09-17 01:51,2026-09-17 03:51,4283.58,4283.88,4279.02,4279.41,14
1789617240,2026-09-17 01:54,2026-09-17 03:54,4279.45,4280.7,4278.46,4279.95,14
1789617420,2026-09-17 01:57,2026-09-17 03:57,4279.72,4282.46,4277.34,4280.22,14
1789617600,2026-09-17 02:00,2026-09-17 04:00,4280.26,4295.93,4280.19,4294.13,14
1789617780,2026-09-17 02:03,2026-09-17 04:03,4294.21,4299.87,4292.07,4299.62,14
1789617960,2026-09-17 02:06,2026-09-17 04:06,4299.55,4309.91,4299.35,4304.19,14
1789618140,2026-09-17 02:09,2026-09-17 04:09,4304.15,4306.03,4299.32,4300.15,14
1789618320,2026-09-17 02:12,2026-09-17 04:12,4300.28,4300.35,4295.17,4299.04,14
1789618500,2026-09-17 02:15,2026-09-17 04:15,4299.03,4304.21,4298.51,4302.7,14
1789618680,2026-09-17 02:18,2026-09-17 04:18,4302.61,4306.99,4301.31,4303.67,14
1789618860,2026-09-17 02:21,2026-09-17 04:21,4303.35,4308.81,4302.86,4306.01,14
1789619040,2026-09-17 02:24,2026-09-17 04:24,4306.02,4312.85,4306.02,4309.86,14
1789619220,2026-09-17 02:27,2026-09-17 04:27,4309.65,4310.94,4308.06,4309.67,14
1789619400,2026-09-17 02:30,2026-09-17 04:30,4309.8,4315.38,4308.61,4314.28,14
1789619580,2026-09-17 02:33,2026-09-17 04:33,4314.32,4316.82,4312.14,4316.18,14
1789619760,2026-09-17 02:36,2026-09-17 04:36,4316.16,4318.0,4314.03,4315.1,14
1789619940,2026-09-17 02:39,2026-09-17 04:39,4315.11,4315.11,4309.29,4309.88,14
1789620120,2026-09-17 02:42,2026-09-17 04:42,4309.84,4311.89,4309.16,4309.32,14
1789620300,2026-09-17 02:45,2026-09-17 04:45,4309.3,4310.12,4306.65,4308.0,14
1789620480,2026-09-17 02:48,2026-09-17 04:48,4308.01,4312.08,4307.66,4310.26,14
1789620660,2026-09-17 02:51,2026-09-17 04:51,4310.24,4310.29,4305.73,4306.8,14
1789620840,2026-09-17 02:54,2026-09-17 04:54,4306.77,4306.97,4301.03,4301.06,14
1789621020,2026-09-17 02:57,2026-09-17 04:57,4301.05,4302.51,4298.48,4300.47,14
1789621200,2026-09-17 03:00,2026-09-17 05:00,4300.52,4301.5,4297.62,4299.77,14
1789621380,2026-09-17 03:03,2026-09-17 05:03,4299.88,4300.83,4296.2,4296.3,14
1789621560,2026-09-17 03:06,2026-09-17 05:06,4296.31,4296.59,4286.83,4288.03,14
1789621740,2026-09-17 03:09,2026-09-17 05:09,4287.92,4289.01,4284.34,4284.92,14
1789621920,2026-09-17 03:12,2026-09-17 05:12,4284.88,4287.68,4280.93,4287.54,14
1789622100,2026-09-17 03:15,2026-09-17 05:15,4287.29,4290.17,4286.94,4290.08,14
1789622280,2026-09-17 03:18,2026-09-17 05:18,4290.13,4293.28,4288.61,4291.79,14
1789622460,2026-09-17 03:21,2026-09-17 05:21,4291.76,4292.69,4290.61,4291.44,14
1789622640,2026-09-17 03:24,2026-09-17 05:24,4291.43,4292.53,4290.03,4291.56,14
1789622820,2026-09-17 03:27,2026-09-17 05:27,4291.54,4292.27,4290.17,4291.89,14
1789623000,2026-09-17 03:30,2026-09-17 05:30,4292.12,4293.08,4287.3,4288.2,14
1789623180,2026-09-17 03:33,2026-09-17 05:33,4288.2,4288.73,4284.15,4286.06,14
1789623360,2026-09-17 03:36,2026-09-17 05:36,4286.08,4286.74,4283.4,4285.59,14
1789623540,2026-09-17 03:39,2026-09-17 05:39,4285.62,4286.68,4281.8,4284.52,14
1789623720,2026-09-17 03:42,2026-09-17 05:42,4284.55,4290.86,4284.52,4288.46,14
1789623900,2026-09-17 03:45,2026-09-17 05:45,4288.41,4289.71,4282.99,4283.37,14
1789624080,2026-09-17 03:48,2026-09-17 05:48,4283.36,4284.57,4282.01,4282.01,14
1789624260,2026-09-17 03:51,2026-09-17 05:51,4282.04,4282.71,4276.25,4276.69,14
1789624440,2026-09-17 03:54,2026-09-17 05:54,4276.68,4279.22,4274.11,4278.33,14
1789624620,2026-09-17 03:57,2026-09-17 05:57,4278.43,4281.05,4275.91,4277.4,14
1789624800,2026-09-17 04:00,2026-09-17 06:00,4277.36,4280.07,4277.36,4279.56,14
1789624980,2026-09-17 04:03,2026-09-17 06:03,4279.59,4283.08,4278.88,4282.68,14
1789625160,2026-09-17 04:06,2026-09-17 06:06,4282.65,4286.64,4282.65,4284.98,14
1789625340,2026-09-17 04:09,2026-09-17 06:09,4284.96,4286.6,4282.5,4282.76,14
1789625520,2026-09-17 04:12,2026-09-17 06:12,4282.74,4285.12,4282.09,4284.98,14
1789625700,2026-09-17 04:15,2026-09-17 06:15,4284.97,4286.43,4283.4,4285.59,14
1789625880,2026-09-17 04:18,2026-09-17 06:18,4285.57,4287.11,4284.42,4284.99,14
1789626060,2026-09-17 04:21,2026-09-17 06:21,4285.02,4285.34,4283.24,4283.71,14
1789626240,2026-09-17 04:24,2026-09-17 06:24,4283.7,4287.36,4283.7,4286.45,14
1789626420,2026-09-17 04:27,2026-09-17 06:27,4286.44,4287.02,4285.18,4286.21,14
1789626600,2026-09-17 04:30,2026-09-17 06:30,4286.15,4291.59,4285.78,4291.26,14
1789626780,2026-09-17 04:33,2026-09-17 06:33,4291.19,4292.36,4289.87,4290.34,14
1789626960,2026-09-17 04:36,2026-09-17 06:36,4290.52,4293.39,4289.78,4292.82,14
1789627140,2026-09-17 04:39,2026-09-17 06:39,4292.83,4293.27,4291.43,4293.0,14
1789627320,2026-09-17 04:42,2026-09-17 06:42,4293.03,4296.53,4293.03,4295.77,14
1789627500,2026-09-17 04:45,2026-09-17 06:45,4295.76,4296.52,4293.54,4294.36,14
1789627680,2026-09-17 04:48,2026-09-17 06:48,4294.3,4296.57,4293.87,4295.51,14
1789627860,2026-09-17 04:51,2026-09-17 06:51,4295.54,4296.24,4294.15,4295.88,14
1789628040,2026-09-17 04:54,2026-09-17 06:54,4295.89,4297.38,4295.62,4296.53,14
1789628220,2026-09-17 04:57,2026-09-17 06:57,4296.56,4297.67,4295.76,4296.22,14
1789628400,2026-09-17 05:00,2026-09-17 07:00,4296.23,4296.25,4293.73,4294.52,14
1789628580,2026-09-17 05:03,2026-09-17 07:03,4294.44,4295.61,4293.25,4293.67,14
1789628760,2026-09-17 05:06,2026-09-17 07:06,4293.68,4296.39,4293.4,4296.37,14
1789628940,2026-09-17 05:09,2026-09-17 07:09,4296.16,4296.76,4294.57,4294.6,14
1789629120,2026-09-17 05:12,2026-09-17 07:12,4294.61,4294.79,4293.03,4293.76,14
1789629300,2026-09-17 05:15,2026-09-17 07:15,4293.73,4294.4,4292.73,4293.46,14
1789629480,2026-09-17 05:18,2026-09-17 07:18,4293.58,4294.7,4292.23,4294.66,14
1789629660,2026-09-17 05:21,2026-09-17 07:21,4294.8,4295.82,4293.95,4293.95,14
1789629840,2026-09-17 05:24,2026-09-17 07:24,4293.96,4294.33,4291.34,4291.87,14
1789630020,2026-09-17 05:27,2026-09-17 07:27,4291.9,4292.8,4291.23,4291.64,14
1789630200,2026-09-17 05:30,2026-09-17 07:30,4291.57,4293.24,4290.47,4291.65,14
1789630380,2026-09-17 05:33,2026-09-17 07:33,4291.62,4292.54,4291.09,4292.5,14
1789630560,2026-09-17 05:36,2026-09-17 07:36,4292.68,4296.75,4292.18,4295.74,14
1789630740,2026-09-17 05:39,2026-09-17 07:39,4295.68,4296.51,4293.04,4294.22,14
1789630920,2026-09-17 05:42,2026-09-17 07:42,4294.21,4296.31,4292.93,4295.17,14
1789631100,2026-09-17 05:45,2026-09-17 07:45,4295.16,4299.13,4295.04,4297.61,14
1789631280,2026-09-17 05:48,2026-09-17 07:48,4297.59,4298.58,4295.71,4296.63,14
1789631460,2026-09-17 05:51,2026-09-17 07:51,4296.61,4299.06,4295.42,4298.08,14
1789631640,2026-09-17 05:54,2026-09-17 07:54,4298.07,4298.12,4295.68,4297.75,14
1789631820,2026-09-17 05:57,2026-09-17 07:57,4297.78,4298.79,4296.75,4297.3,14
1789632000,2026-09-17 06:00,2026-09-17 08:00,4297.31,4299.09,4296.76,4298.82,14
1789632180,2026-09-17 06:03,2026-09-17 08:03,4298.96,4299.23,4297.11,4297.51,14
1789632360,2026-09-17 06:06,2026-09-17 08:06,4297.33,4298.27,4296.63,4297.59,14
1789632540,2026-09-17 06:09,2026-09-17 08:09,4297.59,4298.01,4294.82,4295.14,14
1789632720,2026-09-17 06:12,2026-09-17 08:12,4295.01,4295.99,4294.06,4294.45,14
1789632900,2026-09-17 06:15,2026-09-17 08:15,4294.39,4294.45,4291.39,4291.84,14
1789633080,2026-09-17 06:18,2026-09-17 08:18,4291.58,4291.88,4286.54,4286.87,14
1789633260,2026-09-17 06:21,2026-09-17 08:21,4286.97,4287.44,4286.03,4286.38,14
1789633440,2026-09-17 06:24,2026-09-17 08:24,4286.64,4288.31,4285.44,4287.05,14
1789633620,2026-09-17 06:27,2026-09-17 08:27,4287.06,4288.26,4286.33,4286.42,14
1789633800,2026-09-17 06:30,2026-09-17 08:30,4286.46,4295.16,4286.46,4293.56,14
1789633980,2026-09-17 06:33,2026-09-17 08:33,4293.59,4297.01,4293.39,4295.53,14
1789634160,2026-09-17 06:36,2026-09-17 08:36,4295.68,4297.45,4292.56,4296.13,14
1789634340,2026-09-17 06:39,2026-09-17 08:39,4296.2,4297.66,4294.22,4295.19,14
1789634520,2026-09-17 06:42,2026-09-17 08:42,4295.09,4298.33,4294.97,4297.34,14
1789634700,2026-09-17 06:45,2026-09-17 08:45,4297.68,4298.79,4295.94,4297.11,14
1789634880,2026-09-17 06:48,2026-09-17 08:48,4297.13,4300.56,4296.33,4299.98,14
1789635060,2026-09-17 06:51,2026-09-17 08:51,4299.97,4302.67,4299.46,4302.4,14
1789635240,2026-09-17 06:54,2026-09-17 08:54,4302.35,4305.49,4301.96,4303.13,14
1789635420,2026-09-17 06:57,2026-09-17 08:57,4303.11,4305.1,4302.43,4304.45,14
1789635600,2026-09-17 07:00,2026-09-17 09:00,4304.44,4307.32,4304.15,4305.63,14
1789635780,2026-09-17 07:03,2026-09-17 09:03,4305.65,4308.95,4305.65,4307.73,14
1789635960,2026-09-17 07:06,2026-09-17 09:06,4307.79,4310.77,4307.73,4309.3,14
1789636140,2026-09-17 07:09,2026-09-17 09:09,4309.34,4311.78,4308.34,4311.11,14
1789636320,2026-09-17 07:12,2026-09-17 09:12,4311.12,4312.37,4308.63,4312.07,14
1789636500,2026-09-17 07:15,2026-09-17 09:15,4312.18,4312.28,4304.58,4306.34,14
1789636680,2026-09-17 07:18,2026-09-17 09:18,4306.35,4308.21,4305.81,4307.55,14
1789636860,2026-09-17 07:21,2026-09-17 09:21,4307.54,4308.79,4305.92,4306.46,14
1789637040,2026-09-17 07:24,2026-09-17 09:24,4306.56,4310.59,4306.31,4309.83,14
1789637220,2026-09-17 07:27,2026-09-17 09:27,4309.87,4313.29,4308.92,4312.13,14
1789637400,2026-09-17 07:30,2026-09-17 09:30,4312.1,4315.31,4311.11,4312.67,14
1789637580,2026-09-17 07:33,2026-09-17 09:33,4312.71,4314.12,4310.5,4310.98,14
1789637760,2026-09-17 07:36,2026-09-17 09:36,4310.72,4311.29,4306.95,4308.0,14
1789637940,2026-09-17 07:39,2026-09-17 09:39,4308.26,4308.27,4305.83,4307.84,14
1789638120,2026-09-17 07:42,2026-09-17 09:42,4307.83,4309.95,4307.28,4309.66,14
1789638300,2026-09-17 07:45,2026-09-17 09:45,4309.44,4310.15,4307.07,4307.43,14
1789638480,2026-09-17 07:48,2026-09-17 09:48,4307.51,4312.08,4307.21,4308.63,14
1789638660,2026-09-17 07:51,2026-09-17 09:51,4308.65,4310.89,4306.73,4310.71,14
1789638840,2026-09-17 07:54,2026-09-17 09:54,4310.75,4311.37,4308.66,4311.21,14
1789639020,2026-09-17 07:57,2026-09-17 09:57,4311.46,4311.46,4309.79,4310.89,14
1789639200,2026-09-17 08:00,2026-09-17 10:00,4310.74,4313.71,4309.18,4311.84,14
1789639380,2026-09-17 08:03,2026-09-17 10:03,4311.85,4314.62,4310.99,4314.44,14
1789639560,2026-09-17 08:06,2026-09-17 10:06,4314.7,4315.69,4313.75,4314.01,14
1789639740,2026-09-17 08:09,2026-09-17 10:09,4314.06,4321.91,4314.06,4320.25,14
1789639920,2026-09-17 08:12,2026-09-17 10:12,4320.26,4323.52,4318.36,4322.77,14
1789640100,2026-09-17 08:15,2026-09-17 10:15,4322.76,4329.63,4322.76,4327.94,14
1789640280,2026-09-17 08:18,2026-09-17 10:18,4327.88,4328.02,4321.87,4322.14,14
1789640460,2026-09-17 08:21,2026-09-17 10:21,4322.16,4322.66,4319.19,4322.43,14
1789640640,2026-09-17 08:24,2026-09-17 10:24,4322.32,4326.45,4321.75,4325.95,14
1789640820,2026-09-17 08:27,2026-09-17 10:27,4326.0,4329.95,4325.97,4329.17,14
1789641000,2026-09-17 08:30,2026-09-17 10:30,4329.2,4333.88,4329.2,4333.76,14
1789641180,2026-09-17 08:33,2026-09-17 10:33,4333.81,4334.54,4329.76,4330.24,14
1789641360,2026-09-17 08:36,2026-09-17 10:36,4330.26,4332.81,4330.08,4332.01,14
1789641540,2026-09-17 08:39,2026-09-17 10:39,4332.14,4335.16,4329.97,4330.35,14
1789641720,2026-09-17 08:42,2026-09-17 10:42,4330.45,4331.43,4328.95,4331.41,14
1789641900,2026-09-17 08:45,2026-09-17 10:45,4331.47,4335.3,4329.92,4335.01,14
1789642080,2026-09-17 08:48,2026-09-17 10:48,4335.07,4335.58,4330.99,4331.03,14
1789642260,2026-09-17 08:51,2026-09-17 10:51,4331.14,4331.81,4329.29,4330.02,14
1789642440,2026-09-17 08:54,2026-09-17 10:54,4329.98,4330.28,4323.87,4324.49,14
1789642620,2026-09-17 08:57,2026-09-17 10:57,4324.51,4328.42,4324.51,4327.28,14
1789642800,2026-09-17 09:00,2026-09-17 11:00,4327.41,4328.31,4325.99,4327.4,14
1789642980,2026-09-17 09:03,2026-09-17 11:03,4327.39,4328.41,4325.79,4326.63,14
1789643160,2026-09-17 09:06,2026-09-17 11:06,4326.64,4328.12,4326.03,4327.33,14
1789643340,2026-09-17 09:09,2026-09-17 11:09,4327.28,4327.28,4323.19,4323.82,14
1789643520,2026-09-17 09:12,2026-09-17 11:12,4323.8,4323.8,4317.94,4320.24,14
1789643700,2026-09-17 09:15,2026-09-17 11:15,4320.15,4321.98,4318.81,4318.81,14
1789643880,2026-09-17 09:18,2026-09-17 11:18,4318.93,4320.15,4315.93,4316.39,14
1789644060,2026-09-17 09:21,2026-09-17 11:21,4316.42,4317.99,4314.73,4315.16,14
1789644240,2026-09-17 09:24,2026-09-17 11:24,4315.02,4317.46,4314.51,4316.89,14
1789644420,2026-09-17 09:27,2026-09-17 11:27,4316.69,4317.37,4315.05,4316.04,14
1789644600,2026-09-17 09:30,2026-09-17 11:30,4315.94,4316.52,4312.06,4313.0,14
1789644780,2026-09-17 09:33,2026-09-17 11:33,4313.01,4318.14,4312.9,4317.78,14
1789644960,2026-09-17 09:36,2026-09-17 11:36,4317.75,4318.69,4316.22,4317.11,14
1789645140,2026-09-17 09:39,2026-09-17 11:39,4317.1,4319.64,4315.76,4316.23,14
1789645320,2026-09-17 09:42,2026-09-17 11:42,4316.21,4316.75,4313.47,4314.07,14
1789645500,2026-09-17 09:45,2026-09-17 11:45,4313.97,4313.97,4310.24,4312.98,14
1789645680,2026-09-17 09:48,2026-09-17 11:48,4312.71,4313.41,4311.43,4312.38,14
1789645860,2026-09-17 09:51,2026-09-17 11:51,4312.29,4314.06,4310.79,4313.71,14
1789646040,2026-09-17 09:54,2026-09-17 11:54,4313.69,4314.06,4311.41,4312.45,14
1789646220,2026-09-17 09:57,2026-09-17 11:57,4312.49,4313.6,4310.57,4311.66,14
1789646400,2026-09-17 10:00,2026-09-17 12:00,4311.66,4315.76,4311.56,4314.33,14
1789646580,2026-09-17 10:03,2026-09-17 12:03,4314.21,4315.64,4313.77,4315.07,14
1789646760,2026-09-17 10:06,2026-09-17 12:06,4315.06,4317.15,4314.91,4316.37,14
1789646940,2026-09-17 10:09,2026-09-17 12:09,4316.36,4318.67,4315.92,4316.17,14
1789647120,2026-09-17 10:12,2026-09-17 12:12,4316.24,4319.33,4315.19,4315.62,14
1789647300,2026-09-17 10:15,2026-09-17 12:15,4315.63,4316.5,4312.38,4312.97,14
1789647480,2026-09-17 10:18,2026-09-17 12:18,4313.01,4315.08,4310.84,4311.92,14
1789647660,2026-09-17 10:21,2026-09-17 12:21,4311.72,4312.66,4310.25,4311.08,14
1789647840,2026-09-17 10:24,2026-09-17 12:24,4311.11,4312.6,4308.73,4308.84,14
1789648020,2026-09-17 10:27,2026-09-17 12:27,4308.85,4309.83,4305.94,4306.83,14
1789648200,2026-09-17 10:30,2026-09-17 12:30,4306.94,4309.04,4305.11,4308.49,14
1789648380,2026-09-17 10:33,2026-09-17 12:33,4308.48,4309.19,4306.59,4307.83,14
1789648560,2026-09-17 10:36,2026-09-17 12:36,4307.81,4309.37,4307.56,4309.08,14
1789648740,2026-09-17 10:39,2026-09-17 12:39,4309.04,4310.85,4308.34,4310.59,14
1789648920,2026-09-17 10:42,2026-09-17 12:42,4310.61,4311.05,4308.96,4309.29,14
1789649100,2026-09-17 10:45,2026-09-17 12:45,4309.27,4309.95,4307.57,4308.32,14
1789649280,2026-09-17 10:48,2026-09-17 12:48,4308.18,4310.57,4306.64,4309.95,14
1789649460,2026-09-17 10:51,2026-09-17 12:51,4309.89,4310.86,4309.05,4309.44,14
1789649640,2026-09-17 10:54,2026-09-17 12:54,4309.46,4311.4,4306.33,4307.31,14
1789649820,2026-09-17 10:57,2026-09-17 12:57,4307.51,4308.08,4305.67,4306.38,14
1789650000,2026-09-17 11:00,2026-09-17 13:00,4306.4,4307.28,4305.07,4305.75,14
1789650180,2026-09-17 11:03,2026-09-17 13:03,4305.72,4309.45,4305.72,4309.44,14
1789650360,2026-09-17 11:06,2026-09-17 13:06,4309.45,4311.62,4309.2,4309.39,14
1789650540,2026-09-17 11:09,2026-09-17 13:09,4309.32,4312.93,4307.76,4312.01,14
1789650720,2026-09-17 11:12,2026-09-17 13:12,4312.0,4313.74,4309.74,4309.92,14
1789650900,2026-09-17 11:15,2026-09-17 13:15,4309.95,4310.73,4308.04,4308.64,14
1789651080,2026-09-17 11:18,2026-09-17 13:18,4308.53,4310.05,4306.75,4308.54,14
1789651260,2026-09-17 11:21,2026-09-17 13:21,4308.52,4310.51,4308.32,4309.98,14
1789651440,2026-09-17 11:24,2026-09-17 13:24,4309.99,4315.06,4309.53,4314.15,14
1789651620,2026-09-17 11:27,2026-09-17 13:27,4314.15,4315.59,4312.89,4313.61,14
1789651800,2026-09-17 11:30,2026-09-17 13:30,4313.51,4315.36,4312.25,4312.74,14
1789651980,2026-09-17 11:33,2026-09-17 13:33,4312.69,4317.43,4312.66,4316.4,14
1789652160,2026-09-17 11:36,2026-09-17 13:36,4316.71,4318.43,4316.64,4316.93,14
1789652340,2026-09-17 11:39,2026-09-17 13:39,4316.91,4317.62,4314.6,4314.87,14
1789652520,2026-09-17 11:42,2026-09-17 13:42,4314.7,4317.24,4314.63,4316.32,14
1789652700,2026-09-17 11:45,2026-09-17 13:45,4316.44,4317.88,4315.97,4317.57,14
1789652880,2026-09-17 11:48,2026-09-17 13:48,4317.51,4320.26,4316.95,4320.08,14
1789653060,2026-09-17 11:51,2026-09-17 13:51,4320.29,4323.52,4320.29,4323.17,14
1789653240,2026-09-17 11:54,2026-09-17 13:54,4323.15,4323.88,4321.17,4323.53,14
1789653420,2026-09-17 11:57,2026-09-17 13:57,4323.52,4325.18,4323.38,4324.34,17
1789653600,2026-09-17 12:00,2026-09-17 14:00,4324.38,4328.99,4323.57,4327.88,17
1789653780,2026-09-17 12:03,2026-09-17 14:03,4327.89,4331.45,4327.33,4329.93,17
1789653960,2026-09-17 12:06,2026-09-17 14:06,4329.89,4332.85,4328.91,4331.67,14
1789654140,2026-09-17 12:09,2026-09-17 14:09,4331.77,4339.6,4330.53,4331.14,14
1789654320,2026-09-17 12:12,2026-09-17 14:12,4331.1,4332.95,4330.34,4332.17,14
1789654500,2026-09-17 12:15,2026-09-17 14:15,4332.18,4334.75,4329.59,4329.63,14
1789654680,2026-09-17 12:18,2026-09-17 14:18,4329.51,4331.49,4326.93,4331.37,14
1789654860,2026-09-17 12:21,2026-09-17 14:21,4331.4,4333.34,4330.08,4330.24,14
1789655040,2026-09-17 12:24,2026-09-17 14:24,4330.26,4330.69,4326.61,4327.25,14
1789655220,2026-09-17 12:27,2026-09-17 14:27,4327.27,4329.18,4326.43,4328.31,14
1789655400,2026-09-17 12:30,2026-09-17 14:30,4328.32,4328.83,4326.69,4327.66,14
1789655580,2026-09-17 12:33,2026-09-17 14:33,4327.56,4327.69,4324.94,4326.8,14
1789655760,2026-09-17 12:36,2026-09-17 14:36,4326.51,4327.43,4323.75,4324.75,14
1789655940,2026-09-17 12:39,2026-09-17 14:39,4324.71,4326.33,4323.35,4324.02,14
1789656120,2026-09-17 12:42,2026-09-17 14:42,4323.97,4327.19,4323.37,4325.04,14
1789656300,2026-09-17 12:45,2026-09-17 14:45,4324.92,4331.07,4324.46,4330.92,14
1789656480,2026-09-17 12:48,2026-09-17 14:48,4330.79,4335.78,4330.43,4335.31,14
1789656660,2026-09-17 12:51,2026-09-17 14:51,4335.29,4340.4,4334.86,4340.15,14
1789656840,2026-09-17 12:54,2026-09-17 14:54,4340.14,4343.86,4339.25,4341.46,14
1789657020,2026-09-17 12:57,2026-09-17 14:57,4341.67,4353.01,4341.67,4349.57,14
1789657200,2026-09-17 13:00,2026-09-17 15:00,4349.48,4353.47,4345.67,4348.14,14
1789657380,2026-09-17 13:03,2026-09-17 15:03,4348.39,4351.48,4343.63,4349.3,14
1789657560,2026-09-17 13:06,2026-09-17 15:06,4349.35,4350.34,4345.87,4350.34,14
1789657740,2026-09-17 13:09,2026-09-17 15:09,4350.33,4355.18,4350.18,4353.68,14
1789657920,2026-09-17 13:12,2026-09-17 15:12,4353.84,4355.12,4352.41,4354.5,14
1789658100,2026-09-17 13:15,2026-09-17 15:15,4354.39,4361.36,4353.24,4359.99,14
1789658280,2026-09-17 13:18,2026-09-17 15:18,4360.08,4367.21,4359.34,4364.36,14
1789658460,2026-09-17 13:21,2026-09-17 15:21,4364.4,4374.36,4364.4,4372.96,14
1789658640,2026-09-17 13:24,2026-09-17 15:24,4373.03,4374.04,4367.69,4373.99,14
1789658820,2026-09-17 13:27,2026-09-17 15:27,4373.89,4380.96,4373.21,4380.67,14
1789659000,2026-09-17 13:30,2026-09-17 15:30,4380.69,4380.69,4369.14,4369.72,14
1789659180,2026-09-17 13:33,2026-09-17 15:33,4369.74,4372.19,4365.44,4366.71,14
1789659360,2026-09-17 13:36,2026-09-17 15:36,4366.99,4368.7,4363.79,4366.76,14
1789659540,2026-09-17 13:39,2026-09-17 15:39,4366.56,4370.2,4365.7,4368.33,14
1789659720,2026-09-17 13:42,2026-09-17 15:42,4368.29,4368.51,4360.53,4360.8,14
1789659900,2026-09-17 13:45,2026-09-17 15:45,4360.83,4362.65,4359.01,4361.61,14
1789660080,2026-09-17 13:48,2026-09-17 15:48,4361.57,4368.98,4360.49,4367.59,14
1789660260,2026-09-17 13:51,2026-09-17 15:51,4367.67,4374.76,4367.25,4374.03,14
1789660440,2026-09-17 13:54,2026-09-17 15:54,4374.0,4374.65,4370.17,4371.73,14
1789660620,2026-09-17 13:57,2026-09-17 15:57,4371.7,4373.88,4371.34,4373.17,14
1789660800,2026-09-17 14:00,2026-09-17 16:00,4373.26,4374.51,4366.32,4367.07,14
1789660980,2026-09-17 14:03,2026-09-17 16:03,4366.99,4370.61,4364.8,4364.97,14
1789661160,2026-09-17 14:06,2026-09-17 16:06,4365.08,4371.9,4364.05,4369.58,14
1789661340,2026-09-17 14:09,2026-09-17 16:09,4369.52,4369.65,4362.67,4364.38,14
1789661520,2026-09-17 14:12,2026-09-17 16:12,4364.42,4366.72,4360.17,4366.3,14
1789661700,2026-09-17 14:15,2026-09-17 16:15,4366.29,4371.66,4365.78,4371.06,14
1789661880,2026-09-17 14:18,2026-09-17 16:18,4371.07,4375.18,4371.07,4373.79,14
1789662060,2026-09-17 14:21,2026-09-17 16:21,4373.62,4374.67,4367.87,4368.51,14
1789662240,2026-09-17 14:24,2026-09-17 16:24,4368.49,4368.74,4365.99,4367.73,14
1789662420,2026-09-17 14:27,2026-09-17 16:27,4367.85,4368.31,4364.92,4367.24,14
1789662600,2026-09-17 14:30,2026-09-17 16:30,4367.31,4369.47,4363.45,4366.91,14
1789662780,2026-09-17 14:33,2026-09-17 16:33,4367.1,4374.29,4365.35,4370.18,14
1789662960,2026-09-17 14:36,2026-09-17 16:36,4370.35,4371.45,4363.11,4363.4,14
1789663140,2026-09-17 14:39,2026-09-17 16:39,4363.52,4366.19,4357.73,4359.15,14
1789663320,2026-09-17 14:42,2026-09-17 16:42,4359.14,4361.82,4356.15,4358.32,14
1789663500,2026-09-17 14:45,2026-09-17 16:45,4358.18,4368.8,4355.43,4367.21,14
1789663680,2026-09-17 14:48,2026-09-17 16:48,4367.29,4370.05,4363.74,4369.92,14
1789663860,2026-09-17 14:51,2026-09-17 16:51,4369.95,4371.74,4366.38,4368.08,14
1789664040,2026-09-17 14:54,2026-09-17 16:54,4368.07,4369.83,4365.96,4368.46,14
1789664220,2026-09-17 14:57,2026-09-17 16:57,4368.47,4368.51,4364.57,4366.88,14
1789664400,2026-09-17 15:00,2026-09-17 17:00,4367.09,4369.29,4364.35,4368.49,14
1789664580,2026-09-17 15:03,2026-09-17 17:03,4368.34,4370.19,4366.97,4369.18,14
1789664760,2026-09-17 15:06,2026-09-17 17:06,4369.07,4378.06,4369.07,4377.98,14
1789664940,2026-09-17 15:09,2026-09-17 17:09,4378.02,4380.05,4372.27,4373.18,14
1789665120,2026-09-17 15:12,2026-09-17 17:12,4372.79,4373.48,4368.4,4371.93,14
1789665300,2026-09-17 15:15,2026-09-17 17:15,4371.96,4372.32,4367.75,4368.22,14
1789665480,2026-09-17 15:18,2026-09-17 17:18,4368.2,4370.07,4365.96,4366.48,14
1789665660,2026-09-17 15:21,2026-09-17 17:21,4366.57,4370.74,4365.55,4370.48,14
1789665840,2026-09-17 15:24,2026-09-17 17:24,4370.29,4373.14,4368.66,4372.31,14
1789666020,2026-09-17 15:27,2026-09-17 17:27,4372.32,4372.32,4366.38,4367.02,14
1789666200,2026-09-17 15:30,2026-09-17 17:30,4367.04,4367.9,4361.88,4364.33,14
1789666380,2026-09-17 15:33,2026-09-17 17:33,4364.16,4368.1,4363.57,4367.03,14
1789666560,2026-09-17 15:36,2026-09-17 17:36,4367.02,4367.31,4362.93,4362.95,14
1789666740,2026-09-17 15:39,2026-09-17 17:39,4362.96,4364.28,4361.04,4363.28,14
1789666920,2026-09-17 15:42,2026-09-17 17:42,4363.22,4363.35,4359.32,4361.03,14
1789667100,2026-09-17 15:45,2026-09-17 17:45,4361.05,4364.94,4359.49,4359.77,14
1789667280,2026-09-17 15:48,2026-09-17 17:48,4360.27,4362.06,4357.98,4359.37,14
1789667460,2026-09-17 15:51,2026-09-17 17:51,4359.48,4361.97,4355.97,4356.17,14
1789667640,2026-09-17 15:54,2026-09-17 17:54,4355.92,4359.17,4353.86,4354.79,14
1789667820,2026-09-17 15:57,2026-09-17 17:57,4354.74,4355.32,4352.29,4354.35,14
1789668000,2026-09-17 16:00,2026-09-17 18:00,4354.14,4354.99,4351.3,4354.73,14
1789668180,2026-09-17 16:03,2026-09-17 18:03,4354.66,4359.37,4354.61,4356.91,14
1789668360,2026-09-17 16:06,2026-09-17 18:06,4357.17,4358.82,4355.71,4357.25,14
1789668540,2026-09-17 16:09,2026-09-17 18:09,4357.26,4357.75,4354.08,4354.92,14
1789668720,2026-09-17 16:12,2026-09-17 18:12,4354.91,4362.43,4353.48,4361.98,14
1789668900,2026-09-17 16:15,2026-09-17 18:15,4361.58,4364.67,4360.12,4364.51,14
1789669080,2026-09-17 16:18,2026-09-17 18:18,4364.5,4364.53,4361.26,4361.3,14
1789669260,2026-09-17 16:21,2026-09-17 18:21,4361.32,4362.88,4360.75,4361.58,14
1789669440,2026-09-17 16:24,2026-09-17 18:24,4361.59,4362.88,4356.34,4356.99,14
1789669620,2026-09-17 16:27,2026-09-17 18:27,4357.04,4358.89,4356.73,4358.4,14
1789669800,2026-09-17 16:30,2026-09-17 18:30,4358.46,4359.18,4355.75,4356.12,14
1789669980,2026-09-17 16:33,2026-09-17 18:33,4356.13,4362.1,4355.61,4361.19,14
1789670160,2026-09-17 16:36,2026-09-17 18:36,4361.18,4363.64,4360.85,4363.06,14
1789670340,2026-09-17 16:39,2026-09-17 18:39,4363.15,4364.96,4361.74,4364.49,14
1789670520,2026-09-17 16:42,2026-09-17 18:42,4364.76,4367.19,4363.39,4365.68,14
1789670700,2026-09-17 16:45,2026-09-17 18:45,4365.7,4366.49,4363.2,4364.61,14
1789670880,2026-09-17 16:48,2026-09-17 18:48,4364.55,4367.72,4363.91,4364.69,14
1789671060,2026-09-17 16:51,2026-09-17 18:51,4364.64,4367.43,4363.93,4365.87,14
1789671240,2026-09-17 16:54,2026-09-17 18:54,4365.85,4367.25,4365.07,4366.32,14
1789671420,2026-09-17 16:57,2026-09-17 18:57,4366.26,4370.06,4365.96,4369.97,14
1789671600,2026-09-17 17:00,2026-09-17 19:00,4369.99,4372.5,4369.26,4371.06,14
1789671780,2026-09-17 17:03,2026-09-17 19:03,4371.07,4372.06,4368.56,4370.39,14
1789671960,2026-09-17 17:06,2026-09-17 19:06,4370.24,4370.32,4367.54,4367.56,14
1789672140,2026-09-17 17:09,2026-09-17 19:09,4367.79,4370.61,4367.57,4368.67,14
1789672320,2026-09-17 17:12,2026-09-17 19:12,4368.66,4369.47,4367.16,4367.96,14
1789672500,2026-09-17 17:15,2026-09-17 19:15,4368.14,4368.7,4366.35,4367.44,14
1789672680,2026-09-17 17:18,2026-09-17 19:18,4367.4,4368.01,4365.94,4366.68,14
1789672860,2026-09-17 17:21,2026-09-17 19:21,4366.69,4368.17,4366.04,4367.59,14
1789673040,2026-09-17 17:24,2026-09-17 19:24,4367.6,4368.44,4363.38,4365.81,14
1789673220,2026-09-17 17:27,2026-09-17 19:27,4365.88,4367.78,4363.86,4367.44,14
1789673400,2026-09-17 17:30,2026-09-17 19:30,4367.43,4367.61,4361.36,4361.6,14
1789673580,2026-09-17 17:33,2026-09-17 19:33,4361.61,4362.27,4357.58,4358.86,14
1789673760,2026-09-17 17:36,2026-09-17 19:36,4358.76,4360.82,4357.87,4359.26,14
1789673940,2026-09-17 17:39,2026-09-17 19:39,4359.34,4360.5,4358.65,4360.16,14
1789674120,2026-09-17 17:42,2026-09-17 19:42,4360.15,4360.15,4357.3,4359.77,14
1789674300,2026-09-17 17:45,2026-09-17 19:45,4359.9,4361.67,4359.62,4360.75,14
1789674480,2026-09-17 17:48,2026-09-17 19:48,4360.72,4360.96,4356.45,4356.62,14
1789674660,2026-09-17 17:51,2026-09-17 19:51,4356.61,4360.88,4355.87,4360.56,14
1789674840,2026-09-17 17:54,2026-09-17 19:54,4360.68,4360.85,4356.0,4358.9,14
1789675020,2026-09-17 17:57,2026-09-17 19:57,4358.91,4362.5,4358.33,4362.32,14
1789675200,2026-09-17 18:00,2026-09-17 20:00,4362.37,4364.79,4358.64,4358.96,14
1789675380,2026-09-17 18:03,2026-09-17 20:03,4358.9,4363.43,4358.37,4363.06,14
1789675560,2026-09-17 18:06,2026-09-17 20:06,4363.13,4366.07,4363.04,4364.07,14
1789675740,2026-09-17 18:09,2026-09-17 20:09,4364.05,4364.63,4361.97,4362.68,14
1789675920,2026-09-17 18:12,2026-09-17 20:12,4362.69,4364.08,4360.69,4361.97,14
1789676100,2026-09-17 18:15,2026-09-17 20:15,4362.08,4363.4,4359.45,4360.54,14
1789676280,2026-09-17 18:18,2026-09-17 20:18,4360.51,4362.06,4359.52,4361.7,14
1789676460,2026-09-17 18:21,2026-09-17 20:21,4361.68,4361.92,4358.8,4358.99,14
1789676640,2026-09-17 18:24,2026-09-17 20:24,4359.01,4362.77,4357.95,4361.25,14
1789676820,2026-09-17 18:27,2026-09-17 20:27,4361.26,4361.86,4359.41,4360.53,14
1789677000,2026-09-17 18:30,2026-09-17 20:30,4360.48,4362.21,4360.4,4361.92,14
1789677180,2026-09-17 18:33,2026-09-17 20:33,4361.85,4363.0,4360.99,4362.64,14
1789677360,2026-09-17 18:36,2026-09-17 20:36,4362.67,4363.96,4358.53,4359.37,14
1789677540,2026-09-17 18:39,2026-09-17 20:39,4359.42,4360.78,4357.9,4359.67,14
1789677720,2026-09-17 18:42,2026-09-17 20:42,4359.64,4361.21,4359.17,4360.81,14
1789677900,2026-09-17 18:45,2026-09-17 20:45,4360.77,4361.18,4359.56,4360.62,14
1789678080,2026-09-17 18:48,2026-09-17 20:48,4360.63,4361.06,4358.82,4359.74,14
1789678260,2026-09-17 18:51,2026-09-17 20:51,4359.65,4361.89,4359.57,4360.56,14
1789678440,2026-09-17 18:54,2026-09-17 20:54,4360.54,4361.74,4360.21,4360.51,14
1789678620,2026-09-17 18:57,2026-09-17 20:57,4360.52,4361.95,4360.06,4361.53,14
1789678800,2026-09-17 19:00,2026-09-17 21:00,4361.63,4362.17,4360.34,4360.46,14
1789678980,2026-09-17 19:03,2026-09-17 21:03,4360.57,4364.78,4360.32,4363.77,14
1789679160,2026-09-17 19:06,2026-09-17 21:06,4363.92,4364.48,4360.65,4362.69,14
1789679340,2026-09-17 19:09,2026-09-17 21:09,4362.68,4363.41,4361.29,4363.13,14
1789679520,2026-09-17 19:12,2026-09-17 21:12,4363.11,4365.5,4363.07,4364.79,14
1789679700,2026-09-17 19:15,2026-09-17 21:15,4364.7,4365.72,4363.35,4363.61,14
1789679880,2026-09-17 19:18,2026-09-17 21:18,4363.64,4363.64,4359.96,4360.73,14
1789680060,2026-09-17 19:21,2026-09-17 21:21,4360.76,4360.85,4357.08,4358.09,14
1789680240,2026-09-17 19:24,2026-09-17 21:24,4358.07,4359.1,4357.17,4358.3,14
1789680420,2026-09-17 19:27,2026-09-17 21:27,4358.28,4358.6,4355.83,4356.25,14
1789680600,2026-09-17 19:30,2026-09-17 21:30,4356.37,4356.62,4352.84,4353.4,14
1789680780,2026-09-17 19:33,2026-09-17 21:33,4353.19,4353.32,4348.64,4348.96,14
1789680960,2026-09-17 19:36,2026-09-17 21:36,4348.94,4352.0,4348.41,4351.62,14
1789681140,2026-09-17 19:39,2026-09-17 21:39,4351.48,4352.98,4350.22,4352.42,14
1789681320,2026-09-17 19:42,2026-09-17 21:42,4352.33,4353.13,4351.28,4352.21,14
1789681500,2026-09-17 19:45,2026-09-17 21:45,4352.23,4352.62,4350.23,4350.94,14
1789681680,2026-09-17 19:48,2026-09-17 21:48,4350.88,4353.0,4350.53,4350.85,14
1789681860,2026-09-17 19:51,2026-09-17 21:51,4350.86,4352.38,4349.55,4350.89,14
1789682040,2026-09-17 19:54,2026-09-17 21:54,4350.87,4351.42,4350.26,4351.15,14
1789682220,2026-09-17 19:57,2026-09-17 21:57,4351.4,4352.1,4351.0,4351.84,14
1789682400,2026-09-17 20:00,2026-09-17 22:00,4351.92,4355.51,4351.64,4354.2,14
1789682580,2026-09-17 20:03,2026-09-17 22:03,4354.16,4355.44,4353.87,4355.03,14
1789682760,2026-09-17 20:06,2026-09-17 22:06,4354.92,4356.2,4353.9,4355.03,14
1789682940,2026-09-17 20:09,2026-09-17 22:09,4355.05,4355.59,4353.83,4354.95,14
1789683120,2026-09-17 20:12,2026-09-17 22:12,4354.89,4355.88,4353.74,4354.88,14
1789683300,2026-09-17 20:15,2026-09-17 22:15,4354.88,4354.89,4348.91,4349.6,14
1789683480,2026-09-17 20:18,2026-09-17 22:18,4349.62,4352.33,4349.42,4350.7,14
1789683660,2026-09-17 20:21,2026-09-17 22:21,4350.69,4350.93,4347.41,4347.76,14
1789683840,2026-09-17 20:24,2026-09-17 22:24,4347.77,4349.96,4346.84,4347.23,14
1789684020,2026-09-17 20:27,2026-09-17 22:27,4347.3,4347.32,4343.26,4343.53,14
1789684200,2026-09-17 20:30,2026-09-17 22:30,4343.5,4347.08,4342.71,4345.11,14
1789684380,2026-09-17 20:33,2026-09-17 22:33,4344.99,4345.05,4343.17,4343.52,14
1789684560,2026-09-17 20:36,2026-09-17 22:36,4343.5,4345.09,4342.91,4343.81,14
1789684740,2026-09-17 20:39,2026-09-17 22:39,4343.71,4345.85,4343.04,4344.59,14
1789684920,2026-09-17 20:42,2026-09-17 22:42,4344.62,4345.85,4344.27,4345.43,14
1789685100,2026-09-17 20:45,2026-09-17 22:45,4345.42,4347.61,4345.07,4346.09,14
1789685280,2026-09-17 20:48,2026-09-17 22:48,4346.05,4346.82,4344.06,4346.2,14
1789685460,2026-09-17 20:51,2026-09-17 22:51,4345.97,4349.0,4345.58,4348.87,14
1789685640,2026-09-17 20:54,2026-09-17 22:54,4348.82,4349.27,4346.86,4348.92,14
1789685820,2026-09-17 20:57,2026-09-17 22:57,4348.92,4349.08,4345.94,4346.07,14
1789686000,2026-09-17 21:00,2026-09-17 23:00,4346.11,4347.02,4344.42,4345.02,14
1789686180,2026-09-17 21:03,2026-09-17 23:03,4345.03,4346.27,4343.23,4344.89,17
1789686360,2026-09-17 21:06,2026-09-17 23:06,4345.0,4346.1,4344.68,4345.04,17
1789686540,2026-09-17 21:09,2026-09-17 23:09,4345.02,4345.29,4342.98,4343.05,17
1789686720,2026-09-17 21:12,2026-09-17 23:12,4343.04,4343.48,4342.44,4343.18,17
1789686900,2026-09-17 21:15,2026-09-17 23:15,4343.17,4343.98,4342.26,4342.92,17
1789687080,2026-09-17 21:18,2026-09-17 23:18,4342.95,4344.93,4342.94,4343.24,17
1789687260,2026-09-17 21:21,2026-09-17 23:21,4343.25,4345.1,4342.81,4344.35,17
1789687440,2026-09-17 21:24,2026-09-17 23:24,4344.34,4345.58,4343.46,4343.72,17
1789687620,2026-09-17 21:27,2026-09-17 23:27,4343.72,4344.06,4342.1,4342.13,17
1789687800,2026-09-17 21:30,2026-09-17 23:30,4342.22,4342.76,4341.14,4342.38,17
1789687980,2026-09-17 21:33,2026-09-17 23:33,4342.36,4342.56,4341.0,4342.19,17
1789688160,2026-09-17 21:36,2026-09-17 23:36,4342.17,4342.46,4340.55,4341.15,17
1789688340,2026-09-17 21:39,2026-09-17 23:39,4341.11,4343.89,4341.11,4342.99,17
1789688520,2026-09-17 21:42,2026-09-17 23:42,4342.93,4343.01,4341.07,4341.1,17
1789688700,2026-09-17 21:45,2026-09-17 23:45,4341.13,4341.97,4340.54,4341.11,17
1789688880,2026-09-17 21:48,2026-09-17 23:48,4341.09,4342.47,4340.7,4340.98,17
1789689060,2026-09-17 21:51,2026-09-17 23:51,4341.16,4342.65,4341.15,4342.13,17
1789689240,2026-09-17 21:54,2026-09-17 23:54,4342.11,4342.25,4340.94,4342.18,17
1789689420,2026-09-17 21:57,2026-09-17 23:57,4342.16,4342.42,4341.38,4341.97,17
1789693200,2026-09-17 23:00,2026-09-18 01:00,4343.22,4345.22,4342.51,4343.43,17
1789693380,2026-09-17 23:03,2026-09-18 01:03,4343.3,4343.41,4341.9,4342.41,17
1789693560,2026-09-17 23:06,2026-09-18 01:06,4342.28,4342.66,4341.94,4342.13,17
1789693740,2026-09-17 23:09,2026-09-18 01:09,4342.27,4343.02,4341.93,4342.85,17
1789693920,2026-09-17 23:12,2026-09-18 01:12,4342.83,4345.15,4342.67,4344.57,17
1789694100,2026-09-17 23:15,2026-09-18 01:15,4344.59,4345.15,4342.37,4342.49,14
1789694280,2026-09-17 23:18,2026-09-18 01:18,4342.43,4343.14,4341.76,4342.75,14
1789694460,2026-09-17 23:21,2026-09-18 01:21,4342.72,4343.96,4342.56,4343.54,14
1789694640,2026-09-17 23:24,2026-09-18 01:24,4343.48,4343.77,4341.74,4342.58,14
1789694820,2026-09-17 23:27,2026-09-18 01:27,4342.56,4345.07,4341.67,4344.94,14
1789695000,2026-09-17 23:30,2026-09-18 01:30,4344.89,4348.02,4344.66,4348.0,14
1789695180,2026-09-17 23:33,2026-09-18 01:33,4347.96,4348.69,4346.45,4348.23,14
1789695360,2026-09-17 23:36,2026-09-18 01:36,4348.13,4349.69,4347.64,4348.86,14
1789695540,2026-09-17 23:39,2026-09-18 01:39,4348.89,4349.14,4346.93,4347.77,14
1789695720,2026-09-17 23:42,2026-09-18 01:42,4347.78,4348.5,4344.28,4344.48,14
1789695900,2026-09-17 23:45,2026-09-18 01:45,4344.35,4345.48,4343.26,4343.97,14
1789696080,2026-09-17 23:48,2026-09-18 01:48,4343.93,4344.57,4341.84,4342.7,14
1789696260,2026-09-17 23:51,2026-09-18 01:51,4342.69,4344.57,4341.64,4343.83,14
1789696440,2026-09-17 23:54,2026-09-18 01:54,4343.67,4346.19,4342.1,4344.83,14
1789696620,2026-09-17 23:57,2026-09-18 01:57,4344.81,4345.14,4343.28,4344.38,14
1789696800,2026-09-18 00:00,2026-09-18 02:00,4344.23,4344.85,4341.77,4343.77,14
1789696980,2026-09-18 00:03,2026-09-18 02:03,4343.74,4344.67,4342.13,4343.78,14
1789697160,2026-09-18 00:06,2026-09-18 02:06,4343.81,4344.42,4339.86,4343.76,14
1789697340,2026-09-18 00:09,2026-09-18 02:09,4343.86,4346.36,4343.68,4344.92,14
1789697520,2026-09-18 00:12,2026-09-18 02:12,4344.94,4345.66,4344.33,4345.09,14
1789697700,2026-09-18 00:15,2026-09-18 02:15,4345.07,4345.47,4341.86,4342.72,14
1789697880,2026-09-18 00:18,2026-09-18 02:18,4342.73,4345.98,4342.46,4345.16,14
1789698060,2026-09-18 00:21,2026-09-18 02:21,4345.14,4347.11,4344.29,4346.62,14
1789698240,2026-09-18 00:24,2026-09-18 02:24,4346.88,4347.57,4342.2,4344.57,14
1789698420,2026-09-18 00:27,2026-09-18 02:27,4344.66,4345.08,4343.39,4344.37,14
1789698600,2026-09-18 00:30,2026-09-18 02:30,4344.33,4345.2,4343.93,4344.04,14
1789698780,2026-09-18 00:33,2026-09-18 02:33,4344.03,4345.09,4343.84,4344.36,14
1789698960,2026-09-18 00:36,2026-09-18 02:36,4344.34,4344.99,4343.64,4343.86,14
1789699140,2026-09-18 00:39,2026-09-18 02:39,4343.98,4344.88,4343.74,4344.49,14
1789699320,2026-09-18 00:42,2026-09-18 02:42,4344.48,4344.85,4343.11,4344.48,14
1789699500,2026-09-18 00:45,2026-09-18 02:45,4344.27,4346.12,4343.67,4346.03,14
1789699680,2026-09-18 00:48,2026-09-18 02:48,4346.01,4346.01,4344.56,4345.05,14
1789699860,2026-09-18 00:51,2026-09-18 02:51,4345.03,4346.66,4344.82,4346.25,14
1789700040,2026-09-18 00:54,2026-09-18 02:54,4346.24,4348.24,4346.24,4346.96,14
1789700220,2026-09-18 00:57,2026-09-18 02:57,4346.98,4347.11,4345.57,4346.41,14
1789700400,2026-09-18 01:00,2026-09-18 03:00,4346.42,4346.57,4342.23,4343.43,14
1789700580,2026-09-18 01:03,2026-09-18 03:03,4343.42,4345.63,4343.28,4344.31,14
1789700760,2026-09-18 01:06,2026-09-18 03:06,4343.94,4346.62,4343.72,4345.76,14
1789700940,2026-09-18 01:09,2026-09-18 03:09,4345.77,4351.49,4345.65,4351.18,14
1789701120,2026-09-18 01:12,2026-09-18 03:12,4351.23,4355.07,4350.93,4354.28,14
1789701300,2026-09-18 01:15,2026-09-18 03:15,4354.07,4355.13,4352.74,4353.32,14
1789701480,2026-09-18 01:18,2026-09-18 03:18,4353.14,4354.05,4352.71,4353.9,14
1789701660,2026-09-18 01:21,2026-09-18 03:21,4354.03,4357.67,4350.82,4357.04,14
1789701840,2026-09-18 01:24,2026-09-18 03:24,4356.78,4357.1,4353.19,4354.95,14
1789702020,2026-09-18 01:27,2026-09-18 03:27,4354.96,4355.32,4351.11,4353.38,14
1789702200,2026-09-18 01:30,2026-09-18 03:30,4353.05,4359.24,4353.01,4358.8,14
1789702380,2026-09-18 01:33,2026-09-18 03:33,4358.88,4360.18,4357.63,4358.71,14
1789702560,2026-09-18 01:36,2026-09-18 03:36,4358.66,4360.22,4358.01,4358.9,14
1789702740,2026-09-18 01:39,2026-09-18 03:39,4358.88,4359.5,4357.34,4358.24,14
1789702920,2026-09-18 01:42,2026-09-18 03:42,4358.13,4359.7,4357.49,4358.92,14
1789703100,2026-09-18 01:45,2026-09-18 03:45,4358.66,4359.14,4354.36,4354.39,14
1789703280,2026-09-18 01:48,2026-09-18 03:48,4354.36,4355.15,4352.54,4354.49,14
1789703460,2026-09-18 01:51,2026-09-18 03:51,4354.47,4355.6,4353.34,4353.97,14
1789703640,2026-09-18 01:54,2026-09-18 03:54,4353.95,4356.75,4352.8,4356.74,14
1789703820,2026-09-18 01:57,2026-09-18 03:57,4356.86,4357.52,4354.49,4356.18,14
1789704000,2026-09-18 02:00,2026-09-18 04:00,4356.24,4363.89,4356.24,4361.52,14
1789704180,2026-09-18 02:03,2026-09-18 04:03,4361.11,4364.52,4360.22,4363.86,14
1789704360,2026-09-18 02:06,2026-09-18 04:06,4363.97,4365.66,4361.61,4361.91,14
1789704540,2026-09-18 02:09,2026-09-18 04:09,4361.81,4362.62,4359.86,4362.0,14
1789704720,2026-09-18 02:12,2026-09-18 04:12,4362.26,4362.26,4357.37,4358.1,14
1789704900,2026-09-18 02:15,2026-09-18 04:15,4357.75,4358.65,4354.91,4356.86,14
1789705080,2026-09-18 02:18,2026-09-18 04:18,4356.85,4362.34,4356.04,4362.05,14
1789705260,2026-09-18 02:21,2026-09-18 04:21,4362.04,4364.81,4360.86,4361.7,14
1789705440,2026-09-18 02:24,2026-09-18 04:24,4361.75,4363.72,4360.52,4360.84,14
1789705620,2026-09-18 02:27,2026-09-18 04:27,4360.95,4361.49,4358.46,4359.86,14
1789705800,2026-09-18 02:30,2026-09-18 04:30,4359.91,4360.24,4353.89,4354.54,14
1789705980,2026-09-18 02:33,2026-09-18 04:33,4354.5,4354.71,4351.02,4352.31,14
1789706160,2026-09-18 02:36,2026-09-18 04:36,4352.34,4355.18,4352.23,4353.11,14
1789706340,2026-09-18 02:39,2026-09-18 04:39,4353.12,4353.5,4348.94,4349.9,14
1789706520,2026-09-18 02:42,2026-09-18 04:42,4350.07,4350.66,4347.37,4347.41,14
1789706700,2026-09-18 02:45,2026-09-18 04:45,4347.44,4350.57,4345.76,4349.96,14
1789706880,2026-09-18 02:48,2026-09-18 04:48,4349.97,4350.6,4345.62,4345.74,14
1789707060,2026-09-18 02:51,2026-09-18 04:51,4345.63,4350.57,4343.89,4350.03,14
1789707240,2026-09-18 02:54,2026-09-18 04:54,4350.02,4350.37,4348.29,4349.03,14
1789707420,2026-09-18 02:57,2026-09-18 04:57,4348.99,4350.24,4348.04,4348.64,14
1789707600,2026-09-18 03:00,2026-09-18 05:00,4348.43,4349.22,4345.91,4348.64,14
1789707780,2026-09-18 03:03,2026-09-18 05:03,4348.75,4349.99,4347.83,4349.51,14
1789707960,2026-09-18 03:06,2026-09-18 05:06,4349.54,4351.83,4349.0,4351.29,14
1789708140,2026-09-18 03:09,2026-09-18 05:09,4351.43,4351.58,4346.84,4349.17,14
1789708320,2026-09-18 03:12,2026-09-18 05:12,4349.37,4351.51,4348.02,4350.29,14
1789708500,2026-09-18 03:15,2026-09-18 05:15,4350.28,4352.8,4349.35,4349.83,14
1789708680,2026-09-18 03:18,2026-09-18 05:18,4349.88,4350.58,4348.47,4348.69,14
1789708860,2026-09-18 03:21,2026-09-18 05:21,4348.71,4351.25,4348.18,4350.96,14
1789709040,2026-09-18 03:24,2026-09-18 05:24,4350.93,4353.52,4350.44,4352.93,14
1789709220,2026-09-18 03:27,2026-09-18 05:27,4352.9,4353.63,4351.84,4352.77,14
1789709400,2026-09-18 03:30,2026-09-18 05:30,4353.04,4356.09,4351.22,4355.32,14
1789709580,2026-09-18 03:33,2026-09-18 05:33,4355.06,4356.73,4353.6,4355.18,14
1789709760,2026-09-18 03:36,2026-09-18 05:36,4355.1,4356.13,4350.61,4350.71,14
1789709940,2026-09-18 03:39,2026-09-18 05:39,4350.64,4353.31,4350.57,4352.7,14
1789710120,2026-09-18 03:42,2026-09-18 05:42,4352.68,4352.96,4350.2,4351.69,14
1789710300,2026-09-18 03:45,2026-09-18 05:45,4351.65,4355.88,4350.26,4354.43,14
1789710480,2026-09-18 03:48,2026-09-18 05:48,4354.56,4355.54,4354.06,4355.35,14
1789710660,2026-09-18 03:51,2026-09-18 05:51,4355.34,4355.34,4351.86,4352.27,14
1789710840,2026-09-18 03:54,2026-09-18 05:54,4352.05,4353.38,4345.26,4346.64,14
1789711020,2026-09-18 03:57,2026-09-18 05:57,4346.65,4348.19,4343.58,4346.8,14
1789711200,2026-09-18 04:00,2026-09-18 06:00,4346.71,4348.26,4344.97,4346.08,14
1789711380,2026-09-18 04:03,2026-09-18 06:03,4346.24,4351.89,4346.24,4350.04,14
1789711560,2026-09-18 04:06,2026-09-18 06:06,4350.02,4350.55,4347.45,4347.72,14
1789711740,2026-09-18 04:09,2026-09-18 06:09,4347.73,4347.87,4345.48,4346.43,14
1789711920,2026-09-18 04:12,2026-09-18 06:12,4346.41,4348.27,4344.27,4344.99,14
1789712100,2026-09-18 04:15,2026-09-18 06:15,4344.66,4345.19,4338.33,4338.63,14
1789712280,2026-09-18 04:18,2026-09-18 06:18,4338.7,4341.21,4336.98,4340.29,14
1789712460,2026-09-18 04:21,2026-09-18 06:21,4340.21,4340.36,4334.76,4335.0,14
1789712640,2026-09-18 04:24,2026-09-18 06:24,4335.07,4338.19,4334.45,4337.86,14
1789712820,2026-09-18 04:27,2026-09-18 06:27,4337.85,4341.25,4337.85,4341.12,14
1789713000,2026-09-18 04:30,2026-09-18 06:30,4341.09,4344.71,4340.58,4344.63,14
1789713180,2026-09-18 04:33,2026-09-18 06:33,4345.08,4351.71,4344.58,4351.21,14
1789713360,2026-09-18 04:36,2026-09-18 06:36,4351.29,4353.46,4350.45,4351.85,14
1789713540,2026-09-18 04:39,2026-09-18 06:39,4351.86,4354.69,4350.59,4354.41,14
1789713720,2026-09-18 04:42,2026-09-18 06:42,4354.89,4359.05,4354.89,4357.27,14
1789713900,2026-09-18 04:45,2026-09-18 06:45,4357.29,4360.38,4357.23,4359.16,14
1789714080,2026-09-18 04:48,2026-09-18 06:48,4359.17,4360.88,4357.09,4358.75,14
1789714260,2026-09-18 04:51,2026-09-18 06:51,4358.68,4359.6,4356.96,4359.36,14
1789714440,2026-09-18 04:54,2026-09-18 06:54,4359.1,4360.43,4357.51,4360.05,14
1789714620,2026-09-18 04:57,2026-09-18 06:57,4360.06,4361.02,4357.85,4359.35,14
1789714800,2026-09-18 05:00,2026-09-18 07:00,4359.34,4360.22,4357.79,4358.72,14
1789714980,2026-09-18 05:03,2026-09-18 07:03,4358.73,4361.5,4357.56,4360.0,14
1789715160,2026-09-18 05:06,2026-09-18 07:06,4359.99,4361.25,4359.37,4359.73,14
1789715340,2026-09-18 05:09,2026-09-18 07:09,4359.72,4360.21,4359.09,4359.67,14
1789715520,2026-09-18 05:12,2026-09-18 07:12,4359.71,4360.18,4356.65,4356.78,14
1789715700,2026-09-18 05:15,2026-09-18 07:15,4356.84,4357.26,4353.71,4354.85,14
1789715880,2026-09-18 05:18,2026-09-18 07:18,4354.82,4355.17,4352.89,4353.69,14
1789716060,2026-09-18 05:21,2026-09-18 07:21,4353.73,4356.31,4352.96,4355.69,14
1789716240,2026-09-18 05:24,2026-09-18 07:24,4355.67,4357.57,4355.27,4357.18,14
1789716420,2026-09-18 05:27,2026-09-18 07:27,4357.15,4358.0,4356.19,4357.95,14
1789716600,2026-09-18 05:30,2026-09-18 07:30,4358.03,4361.16,4357.52,4360.78,14
1789716780,2026-09-18 05:33,2026-09-18 07:33,4360.77,4360.88,4357.1,4359.33,14
1789716960,2026-09-18 05:36,2026-09-18 07:36,4359.28,4359.42,4358.02,4359.13,14
1789717140,2026-09-18 05:39,2026-09-18 07:39,4359.2,4360.58,4359.13,4359.62,14
1789717320,2026-09-18 05:42,2026-09-18 07:42,4359.58,4365.58,4359.58,4364.39,14
1789717500,2026-09-18 05:45,2026-09-18 07:45,4364.44,4366.51,4363.74,4364.71,14
1789717680,2026-09-18 05:48,2026-09-18 07:48,4364.54,4366.75,4364.18,4365.9,14
1789717860,2026-09-18 05:51,2026-09-18 07:51,4365.77,4366.85,4361.62,4362.03,14
1789718040,2026-09-18 05:54,2026-09-18 07:54,4362.01,4363.66,4360.89,4363.53,14
1789718220,2026-09-18 05:57,2026-09-18 07:57,4363.54,4366.84,4363.51,4366.51,14
1789718400,2026-09-18 06:00,2026-09-18 08:00,4366.52,4367.37,4363.8,4365.21,14
1789718580,2026-09-18 06:03,2026-09-18 08:03,4365.23,4366.39,4364.68,4365.77,14
1789718760,2026-09-18 06:06,2026-09-18 08:06,4365.55,4369.29,4364.01,4367.51,14
1789718940,2026-09-18 06:09,2026-09-18 08:09,4367.57,4368.71,4366.15,4367.05,14
1789719120,2026-09-18 06:12,2026-09-18 08:12,4366.95,4367.73,4365.32,4365.54,14
1789719300,2026-09-18 06:15,2026-09-18 08:15,4365.81,4368.45,4365.05,4367.94,14
1789719480,2026-09-18 06:18,2026-09-18 08:18,4367.95,4369.48,4367.03,4367.49,14
1789719660,2026-09-18 06:21,2026-09-18 08:21,4367.51,4368.0,4365.93,4366.41,14
1789719840,2026-09-18 06:24,2026-09-18 08:24,4366.29,4367.16,4365.44,4365.45,14
1789720020,2026-09-18 06:27,2026-09-18 08:27,4365.48,4366.17,4363.7,4364.36,17
1789720200,2026-09-18 06:30,2026-09-18 08:30,4365.07,4365.52,4360.16,4363.79,17
1789720380,2026-09-18 06:33,2026-09-18 08:33,4363.75,4365.85,4362.28,4363.76,17
1789720560,2026-09-18 06:36,2026-09-18 08:36,4363.71,4371.34,4363.71,4370.98,14
1789720740,2026-09-18 06:39,2026-09-18 08:39,4370.94,4372.97,4370.13,4372.67,14
1789720920,2026-09-18 06:42,2026-09-18 08:42,4372.7,4378.45,4372.41,4376.97,14
1789721100,2026-09-18 06:45,2026-09-18 08:45,4376.98,4377.96,4373.97,4374.6,14
1789721280,2026-09-18 06:48,2026-09-18 08:48,4374.49,4375.5,4370.33,4374.52,14
1789721460,2026-09-18 06:51,2026-09-18 08:51,4374.46,4375.0,4371.53,4373.43,14
1789721640,2026-09-18 06:54,2026-09-18 08:54,4373.69,4374.28,4371.12,4371.17,14
1789721820,2026-09-18 06:57,2026-09-18 08:57,4371.26,4378.22,4371.18,4377.45,14
1789722000,2026-09-18 07:00,2026-09-18 09:00,4377.42,4386.91,4377.3,4385.29,14
1789722180,2026-09-18 07:03,2026-09-18 09:03,4384.75,4384.84,4379.43,4383.97,14
1789722360,2026-09-18 07:06,2026-09-18 09:06,4384.03,4387.31,4383.77,4386.83,14
1789722540,2026-09-18 07:09,2026-09-18 09:09,4386.83,4389.11,4386.04,4387.25,14
1789722720,2026-09-18 07:12,2026-09-18 09:12,4387.21,4390.13,4387.13,4389.03,14
1789722900,2026-09-18 07:15,2026-09-18 09:15,4389.06,4389.13,4382.52,4382.75,14
1789723080,2026-09-18 07:18,2026-09-18 09:18,4382.77,4385.76,4381.7,4385.34,14
1789723260,2026-09-18 07:21,2026-09-18 09:21,4385.74,4389.64,4384.6,4388.84,14
1789723440,2026-09-18 07:24,2026-09-18 09:24,4388.83,4393.27,4388.63,4392.26,14
1789723620,2026-09-18 07:27,2026-09-18 09:27,4392.37,4393.95,4390.83,4392.45,14
1789723800,2026-09-18 07:30,2026-09-18 09:30,4392.41,4393.44,4390.61,4393.25,14
1789723980,2026-09-18 07:33,2026-09-18 09:33,4393.22,4394.0,4391.41,4393.06,14
1789724160,2026-09-18 07:36,2026-09-18 09:36,4393.09,4394.33,4391.92,4393.17,14
1789724340,2026-09-18 07:39,2026-09-18 09:39,4393.31,4396.8,4393.11,4396.57,14
1789724520,2026-09-18 07:42,2026-09-18 09:42,4396.52,4396.81,4394.45,4395.86,14
1789724700,2026-09-18 07:45,2026-09-18 09:45,4395.79,4397.27,4395.08,4395.33,14
1789724880,2026-09-18 07:48,2026-09-18 09:48,4395.43,4397.15,4392.85,4393.16,14
1789725060,2026-09-18 07:51,2026-09-18 09:51,4393.25,4393.8,4390.67,4391.06,14
1789725240,2026-09-18 07:54,2026-09-18 09:54,4391.2,4392.05,4389.42,4392.04,14
1789725420,2026-09-18 07:57,2026-09-18 09:57,4392.02,4394.19,4391.88,4393.34,14
1789725600,2026-09-18 08:00,2026-09-18 10:00,4393.3,4395.63,4391.05,4391.34,14
1789725780,2026-09-18 08:03,2026-09-18 10:03,4391.31,4393.75,4390.72,4392.1,14
1789725960,2026-09-18 08:06,2026-09-18 10:06,4392.03,4395.82,4391.26,4394.68,14
1789726140,2026-09-18 08:09,2026-09-18 10:09,4394.67,4394.82,4391.8,4391.91,14
1789726320,2026-09-18 08:12,2026-09-18 10:12,4391.9,4392.24,4388.93,4390.72,14
1789726500,2026-09-18 08:15,2026-09-18 10:15,4390.84,4393.83,4389.56,4393.18,14
1789726680,2026-09-18 08:18,2026-09-18 10:18,4393.2,4394.13,4391.85,4392.87,14
1789726860,2026-09-18 08:21,2026-09-18 10:21,4392.88,4394.73,4391.53,4393.62,14
1789727040,2026-09-18 08:24,2026-09-18 10:24,4393.64,4394.47,4392.1,4393.26,14
1789727220,2026-09-18 08:27,2026-09-18 10:27,4393.15,4395.93,4392.3,4395.43,14
1789727400,2026-09-18 08:30,2026-09-18 10:30,4395.5,4397.26,4392.13,4393.1,14
1789727580,2026-09-18 08:33,2026-09-18 10:33,4393.32,4396.93,4392.1,4395.29,14
1789727760,2026-09-18 08:36,2026-09-18 10:36,4395.25,4396.4,4392.05,4394.22,14
1789727940,2026-09-18 08:39,2026-09-18 10:39,4394.14,4394.46,4391.25,4392.21,14
1789728120,2026-09-18 08:42,2026-09-18 10:42,4392.22,4395.44,4392.18,4393.58,14
1789728300,2026-09-18 08:45,2026-09-18 10:45,4393.71,4396.48,4393.52,4395.57,14
1789728480,2026-09-18 08:48,2026-09-18 10:48,4395.72,4397.52,4395.56,4397.33,14
1789728660,2026-09-18 08:51,2026-09-18 10:51,4397.36,4399.42,4395.09,4395.8,14
1789728840,2026-09-18 08:54,2026-09-18 10:54,4395.84,4397.77,4393.18,4393.18,14
1789729020,2026-09-18 08:57,2026-09-18 10:57,4393.19,4394.65,4392.55,4393.25,14
1789729200,2026-09-18 09:00,2026-09-18 11:00,4393.22,4396.47,4392.88,4395.5,14
1789729380,2026-09-18 09:03,2026-09-18 11:03,4395.39,4398.5,4395.36,4396.55,14
1789729560,2026-09-18 09:06,2026-09-18 11:06,4396.57,4398.05,4395.73,4396.38,14
1789729740,2026-09-18 09:09,2026-09-18 11:09,4396.37,4396.37,4391.76,4392.76,14
1789729920,2026-09-18 09:12,2026-09-18 11:12,4392.82,4395.52,4390.33,4390.34,14
1789730100,2026-09-18 09:15,2026-09-18 11:15,4390.33,4392.87,4390.12,4392.03,14
1789730280,2026-09-18 09:18,2026-09-18 11:18,4392.06,4393.43,4391.03,4393.32,14
1789730460,2026-09-18 09:21,2026-09-18 11:21,4393.54,4394.19,4391.22,4393.29,14
1789730640,2026-09-18 09:24,2026-09-18 11:24,4393.31,4393.4,4388.86,4389.58,14
1789730820,2026-09-18 09:27,2026-09-18 11:27,4389.7,4390.43,4387.81,4387.81,14
1789731000,2026-09-18 09:30,2026-09-18 11:30,4387.92,4388.61,4386.29,4387.87,14
1789731180,2026-09-18 09:33,2026-09-18 11:33,4387.98,4389.05,4386.2,4386.36,14
1789731360,2026-09-18 09:36,2026-09-18 11:36,4386.37,4389.72,4386.05,4387.03,14
1789731540,2026-09-18 09:39,2026-09-18 11:39,4387.05,4387.7,4385.64,4385.98,14
1789731720,2026-09-18 09:42,2026-09-18 11:42,4385.92,4387.27,4385.27,4386.97,14
1789731900,2026-09-18 09:45,2026-09-18 11:45,4387.07,4389.13,4386.17,4388.54,14
1789732080,2026-09-18 09:48,2026-09-18 11:48,4388.43,4389.19,4386.68,4388.55,14
1789732260,2026-09-18 09:51,2026-09-18 11:51,4388.53,4391.48,4387.23,4390.93,14
1789732440,2026-09-18 09:54,2026-09-18 11:54,4391.16,4394.23,4390.89,4394.01,14
1789732620,2026-09-18 09:57,2026-09-18 11:57,4393.89,4394.28,4391.95,4392.32,14
1789732800,2026-09-18 10:00,2026-09-18 12:00,4392.42,4394.32,4391.69,4393.65,14
1789732980,2026-09-18 10:03,2026-09-18 12:03,4393.68,4395.1,4393.28,4394.72,14
1789733160,2026-09-18 10:06,2026-09-18 12:06,4394.73,4397.13,4394.3,4396.74,14
1789733340,2026-09-18 10:09,2026-09-18 12:09,4396.76,4398.18,4395.55,4397.83,14
1789733520,2026-09-18 10:12,2026-09-18 12:12,4397.81,4397.81,4394.05,4394.63,14
1789733700,2026-09-18 10:15,2026-09-18 12:15,4394.6,4395.23,4393.57,4393.79,14
1789733880,2026-09-18 10:18,2026-09-18 12:18,4393.78,4394.73,4392.49,4394.53,14
1789734060,2026-09-18 10:21,2026-09-18 12:21,4394.63,4394.84,4391.64,4392.07,14
1789734240,2026-09-18 10:24,2026-09-18 12:24,4392.06,4392.1,4386.06,4387.13,14
1789734420,2026-09-18 10:27,2026-09-18 12:27,4387.18,4388.55,4385.75,4388.03,14
1789734600,2026-09-18 10:30,2026-09-18 12:30,4388.16,4388.99,4386.75,4387.78,14
1789734780,2026-09-18 10:33,2026-09-18 12:33,4387.84,4388.02,4385.5,4386.04,14
1789734960,2026-09-18 10:36,2026-09-18 12:36,4386.26,4386.45,4382.24,4382.52,14
1789735140,2026-09-18 10:39,2026-09-18 12:39,4382.53,4382.67,4379.2,4379.73,14
1789735320,2026-09-18 10:42,2026-09-18 12:42,4379.84,4381.37,4376.69,4376.69,14
1789735500,2026-09-18 10:45,2026-09-18 12:45,4376.7,4377.34,4373.66,4376.14,14
1789735680,2026-09-18 10:48,2026-09-18 12:48,4376.03,4377.15,4373.94,4375.15,14
1789735860,2026-09-18 10:51,2026-09-18 12:51,4375.12,4376.93,4374.93,4376.62,14
1789736040,2026-09-18 10:54,2026-09-18 12:54,4376.58,4378.57,4376.2,4376.35,14
1789736220,2026-09-18 10:57,2026-09-18 12:57,4376.22,4378.0,4375.91,4376.54,14
1789736400,2026-09-18 11:00,2026-09-18 13:00,4376.51,4379.39,4375.66,4376.61,14
1789736580,2026-09-18 11:03,2026-09-18 13:03,4376.53,4378.4,4375.97,4376.85,14
1789736760,2026-09-18 11:06,2026-09-18 13:06,4376.71,4379.43,4376.11,4378.51,14
1789736940,2026-09-18 11:09,2026-09-18 13:09,4378.5,4380.01,4378.34,4378.78,14
1789737120,2026-09-18 11:12,2026-09-18 13:12,4378.76,4380.32,4378.3,4379.27,14
1789737300,2026-09-18 11:15,2026-09-18 13:15,4379.23,4380.03,4377.59,4379.04,14
1789737480,2026-09-18 11:18,2026-09-18 13:18,4379.0,4380.42,4377.74,4379.5,14
1789737660,2026-09-18 11:21,2026-09-18 13:21,4379.63,4380.36,4378.24,4380.1,14
1789737840,2026-09-18 11:24,2026-09-18 13:24,4380.14,4380.37,4379.05,4379.78,14
1789738020,2026-09-18 11:27,2026-09-18 13:27,4379.75,4381.5,4379.41,4381.34,14
1789738200,2026-09-18 11:30,2026-09-18 13:30,4381.38,4382.04,4378.37,4379.65,14
1789738380,2026-09-18 11:33,2026-09-18 13:33,4379.66,4381.81,4379.55,4381.54,14
1789738560,2026-09-18 11:36,2026-09-18 13:36,4381.53,4382.12,4379.89,4380.12,14
1789738740,2026-09-18 11:39,2026-09-18 13:39,4380.07,4381.04,4379.01,4379.63,14
1789738920,2026-09-18 11:42,2026-09-18 13:42,4379.58,4381.69,4379.12,4381.4,14
1789739100,2026-09-18 11:45,2026-09-18 13:45,4381.6,4381.63,4377.91,4378.48,14
1789739280,2026-09-18 11:48,2026-09-18 13:48,4378.56,4379.5,4376.93,4377.3,14
1789739460,2026-09-18 11:51,2026-09-18 13:51,4377.26,4378.11,4376.16,4377.26,14
1789739640,2026-09-18 11:54,2026-09-18 13:54,4377.25,4379.45,4377.02,4379.22,14
1789739820,2026-09-18 11:57,2026-09-18 13:57,4379.21,4382.16,4379.14,4381.65,14
1789740000,2026-09-18 12:00,2026-09-18 14:00,4381.67,4386.75,4381.13,4386.3,14
1789740180,2026-09-18 12:03,2026-09-18 14:03,4386.25,4386.53,4378.29,4379.02,14
1789740360,2026-09-18 12:06,2026-09-18 14:06,4379.0,4385.84,4377.49,4383.82,14
1789740540,2026-09-18 12:09,2026-09-18 14:09,4383.52,4388.38,4382.77,4387.24,14
1789740720,2026-09-18 12:12,2026-09-18 14:12,4387.26,4388.42,4385.75,4387.93,14
1789740900,2026-09-18 12:15,2026-09-18 14:15,4387.91,4388.47,4381.1,4382.15,14
1789741080,2026-09-18 12:18,2026-09-18 14:18,4382.09,4383.82,4381.39,4382.59,14
1789741260,2026-09-18 12:21,2026-09-18 14:21,4382.82,4383.74,4381.28,4382.68,14
1789741440,2026-09-18 12:24,2026-09-18 14:24,4382.66,4383.56,4381.29,4381.96,14
1789741620,2026-09-18 12:27,2026-09-18 14:27,4382.07,4382.56,4377.61,4377.61,14
1789741800,2026-09-18 12:30,2026-09-18 14:30,4378.02,4381.16,4377.38,4380.61,14
1789741980,2026-09-18 12:33,2026-09-18 14:33,4380.58,4381.62,4378.95,4381.46,14
1789742160,2026-09-18 12:36,2026-09-18 14:36,4381.2,4382.76,4378.27,4378.35,14
1789742340,2026-09-18 12:39,2026-09-18 14:39,4378.48,4379.84,4377.59,4379.08,14
1789742520,2026-09-18 12:42,2026-09-18 14:42,4379.07,4379.07,4374.48,4376.01,14
1789742700,2026-09-18 12:45,2026-09-18 14:45,4375.75,4377.32,4374.51,4376.59,14
1789742880,2026-09-18 12:48,2026-09-18 14:48,4376.58,4377.9,4374.67,4374.93,14
1789743060,2026-09-18 12:51,2026-09-18 14:51,4374.81,4375.62,4372.93,4374.01,14
1789743240,2026-09-18 12:54,2026-09-18 14:54,4374.02,4375.93,4372.53,4375.93,14
1789743420,2026-09-18 12:57,2026-09-18 14:57,4375.92,4382.24,4374.77,4381.82,14
1789743600,2026-09-18 13:00,2026-09-18 15:00,4381.99,4383.09,4376.61,4376.61,14
1789743780,2026-09-18 13:03,2026-09-18 15:03,4376.37,4381.63,4373.61,4374.9,14
1789743960,2026-09-18 13:06,2026-09-18 15:06,4374.91,4374.91,4371.9,4372.82,14
1789744140,2026-09-18 13:09,2026-09-18 15:09,4372.69,4376.58,4371.12,4371.55,14
1789744320,2026-09-18 13:12,2026-09-18 15:12,4371.52,4374.34,4370.77,4373.86,14
1789744500,2026-09-18 13:15,2026-09-18 15:15,4374.25,4374.25,4371.76,4373.9,14
1789744680,2026-09-18 13:18,2026-09-18 15:18,4373.79,4376.73,4367.66,4368.04,14
1789744860,2026-09-18 13:21,2026-09-18 15:21,4368.06,4368.06,4360.88,4361.87,14
1789745040,2026-09-18 13:24,2026-09-18 15:24,4361.85,4362.41,4356.56,4357.83,14
1789745220,2026-09-18 13:27,2026-09-18 15:27,4357.86,4360.03,4354.07,4358.51,14
1789745400,2026-09-18 13:30,2026-09-18 15:30,4358.46,4366.6,4358.3,4366.03,14
1789745580,2026-09-18 13:33,2026-09-18 15:33,4365.98,4373.03,4364.69,4372.4,14
1789745760,2026-09-18 13:36,2026-09-18 15:36,4372.42,4373.04,4369.09,4369.92,14
1789745940,2026-09-18 13:39,2026-09-18 15:39,4369.86,4370.81,4367.12,4368.0,14
1789746120,2026-09-18 13:42,2026-09-18 15:42,4368.18,4370.2,4366.7,4369.32,14
1789746300,2026-09-18 13:45,2026-09-18 15:45,4369.36,4370.77,4366.63,4368.18,14
1789746480,2026-09-18 13:48,2026-09-18 15:48,4368.22,4370.5,4367.42,4369.38,14
1789746660,2026-09-18 13:51,2026-09-18 15:51,4369.16,4370.25,4366.55,4367.66,14
1789746840,2026-09-18 13:54,2026-09-18 15:54,4367.57,4369.07,4366.86,4368.61,14
1789747020,2026-09-18 13:57,2026-09-18 15:57,4368.57,4369.83,4366.5,4368.85,14
1789747200,2026-09-18 14:00,2026-09-18 16:00,4368.86,4373.83,4364.31,4365.41,14
1789747380,2026-09-18 14:03,2026-09-18 16:03,4365.52,4372.82,4363.49,4370.68,14
1789747560,2026-09-18 14:06,2026-09-18 16:06,4370.82,4375.35,4370.8,4375.08,14
1789747740,2026-09-18 14:09,2026-09-18 16:09,4375.09,4375.47,4370.39,4372.42,14
1789747920,2026-09-18 14:12,2026-09-18 16:12,4372.47,4373.13,4370.83,4371.66,14
1789748100,2026-09-18 14:15,2026-09-18 16:15,4371.78,4374.7,4371.51,4372.88,14
1789748280,2026-09-18 14:18,2026-09-18 16:18,4372.93,4373.44,4369.34,4369.57,14
1789748460,2026-09-18 14:21,2026-09-18 16:21,4369.54,4369.85,4365.37,4366.25,14
1789748640,2026-09-18 14:24,2026-09-18 16:24,4366.27,4367.25,4363.01,4365.39,14
1789748820,2026-09-18 14:27,2026-09-18 16:27,4365.27,4367.95,4363.8,4367.63,14
1789749000,2026-09-18 14:30,2026-09-18 16:30,4367.7,4368.2,4360.43,4361.0,14
1789749180,2026-09-18 14:33,2026-09-18 16:33,4360.96,4363.35,4356.56,4357.13,14
1789749360,2026-09-18 14:36,2026-09-18 16:36,4357.24,4360.74,4353.08,4358.61,15
1789749540,2026-09-18 14:39,2026-09-18 16:39,4358.75,4360.15,4353.64,4355.07,14
1789749720,2026-09-18 14:42,2026-09-18 16:42,4355.01,4357.56,4352.42,4353.79,14
1789749900,2026-09-18 14:45,2026-09-18 16:45,4353.7,4358.31,4352.9,4354.87,14
1789750080,2026-09-18 14:48,2026-09-18 16:48,4354.82,4356.63,4352.04,4353.52,14
1789750260,2026-09-18 14:51,2026-09-18 16:51,4353.46,4357.34,4350.02,4350.57,14
1789750440,2026-09-18 14:54,2026-09-18 16:54,4350.56,4352.46,4347.41,4349.78,14
1789750620,2026-09-18 14:57,2026-09-18 16:57,4349.83,4350.98,4347.58,4349.44,14
1789750800,2026-09-18 15:00,2026-09-18 17:00,4349.41,4352.91,4347.81,4351.87,14
1789750980,2026-09-18 15:03,2026-09-18 17:03,4352.08,4356.6,4352.02,4353.8,14
1789751160,2026-09-18 15:06,2026-09-18 17:06,4354.0,4355.06,4349.91,4352.03,14
1789751340,2026-09-18 15:09,2026-09-18 17:09,4352.28,4355.96,4351.83,4354.8,14
1789751520,2026-09-18 15:12,2026-09-18 17:12,4354.9,4356.49,4351.4,4351.59,14
1789751700,2026-09-18 15:15,2026-09-18 17:15,4351.63,4355.37,4351.4,4351.58,14
1789751880,2026-09-18 15:18,2026-09-18 17:18,4351.43,4352.5,4343.72,4344.07,14
1789752060,2026-09-18 15:21,2026-09-18 17:21,4344.19,4352.71,4343.91,4352.64,14
1789752240,2026-09-18 15:24,2026-09-18 17:24,4352.6,4353.82,4347.34,4347.76,14
1789752420,2026-09-18 15:27,2026-09-18 17:27,4347.61,4348.62,4343.03,4343.2,14
1789752600,2026-09-18 15:30,2026-09-18 17:30,4343.08,4347.02,4342.78,4346.05,14
1789752780,2026-09-18 15:33,2026-09-18 17:33,4345.91,4347.81,4344.56,4345.03,14
1789752960,2026-09-18 15:36,2026-09-18 17:36,4345.12,4350.38,4344.25,4349.75,14
1789753140,2026-09-18 15:39,2026-09-18 17:39,4349.7,4353.97,4349.08,4352.36,14
1789753320,2026-09-18 15:42,2026-09-18 17:42,4352.49,4355.12,4350.49,4353.72,14
1789753500,2026-09-18 15:45,2026-09-18 17:45,4353.56,4355.28,4351.44,4351.87,14
1789753680,2026-09-18 15:48,2026-09-18 17:48,4351.97,4357.92,4351.97,4357.35,14
1789753860,2026-09-18 15:51,2026-09-18 17:51,4357.17,4361.82,4356.57,4358.93,14
1789754040,2026-09-18 15:54,2026-09-18 17:54,4358.95,4360.07,4356.93,4359.28,14
1789754220,2026-09-18 15:57,2026-09-18 17:57,4359.31,4359.48,4352.08,4352.71,14
1789754400,2026-09-18 16:00,2026-09-18 18:00,4352.76,4355.84,4352.56,4354.81,14
1789754580,2026-09-18 16:03,2026-09-18 18:03,4354.76,4355.53,4352.49,4355.01,14
1789754760,2026-09-18 16:06,2026-09-18 18:06,4354.97,4356.69,4353.74,4354.69,14
1789754940,2026-09-18 16:09,2026-09-18 18:09,4354.7,4354.82,4349.43,4349.77,14
1789755120,2026-09-18 16:12,2026-09-18 18:12,4349.75,4353.14,4348.08,4352.41,14
1789755300,2026-09-18 16:15,2026-09-18 18:15,4352.39,4354.39,4351.86,4352.62,14
1789755480,2026-09-18 16:18,2026-09-18 18:18,4352.63,4355.6,4352.12,4353.97,14
1789755660,2026-09-18 16:21,2026-09-18 18:21,4354.03,4355.48,4351.8,4354.58,14
1789755840,2026-09-18 16:24,2026-09-18 18:24,4354.64,4355.6,4353.7,4354.82,14
1789756020,2026-09-18 16:27,2026-09-18 18:27,4354.8,4357.42,4354.17,4356.3,14
1789756200,2026-09-18 16:30,2026-09-18 18:30,4356.27,4357.25,4353.64,4353.87,14
1789756380,2026-09-18 16:33,2026-09-18 18:33,4353.89,4357.29,4353.49,4357.13,14
1789756560,2026-09-18 16:36,2026-09-18 18:36,4357.07,4357.58,4352.21,4352.45,14
1789756740,2026-09-18 16:39,2026-09-18 18:39,4352.47,4353.14,4348.81,4350.41,14
1789756920,2026-09-18 16:42,2026-09-18 18:42,4350.4,4356.71,4349.86,4355.09,14
1789757100,2026-09-18 16:45,2026-09-18 18:45,4355.01,4358.2,4354.46,4356.33,14
1789757280,2026-09-18 16:48,2026-09-18 18:48,4356.45,4358.06,4355.4,4358.06,14
1789757460,2026-09-18 16:51,2026-09-18 18:51,4358.08,4358.24,4353.53,4354.64,14
1789757640,2026-09-18 16:54,2026-09-18 18:54,4354.62,4356.93,4352.47,4356.13,14
1789757820,2026-09-18 16:57,2026-09-18 18:57,4356.19,4357.24,4355.11,4356.67,14
1789758000,2026-09-18 17:00,2026-09-18 19:00,4356.76,4357.43,4354.91,4356.5,14
1789758180,2026-09-18 17:03,2026-09-18 19:03,4356.52,4358.78,4356.06,4358.33,14
1789758360,2026-09-18 17:06,2026-09-18 19:06,4358.33,4359.52,4357.52,4358.12,14
1789758540,2026-09-18 17:09,2026-09-18 19:09,4358.02,4362.59,4358.02,4362.04,14
1789758720,2026-09-18 17:12,2026-09-18 19:12,4362.11,4364.96,4360.47,4361.88,14
1789758900,2026-09-18 17:15,2026-09-18 19:15,4361.84,4363.95,4359.77,4363.24,14
1789759080,2026-09-18 17:18,2026-09-18 19:18,4363.32,4367.65,4362.9,4366.43,14
1789759260,2026-09-18 17:21,2026-09-18 19:21,4366.42,4371.01,4366.39,4369.72,14
1789759440,2026-09-18 17:24,2026-09-18 19:24,4369.67,4371.58,4368.5,4368.84,14
1789759620,2026-09-18 17:27,2026-09-18 19:27,4368.85,4378.29,4367.16,4377.43,14
1789759800,2026-09-18 17:30,2026-09-18 19:30,4377.44,4379.1,4374.49,4379.1,14
1789759980,2026-09-18 17:33,2026-09-18 19:33,4379.14,4383.76,4377.72,4379.74,14
1789760160,2026-09-18 17:36,2026-09-18 19:36,4379.71,4380.52,4377.1,4378.95,14
1789760340,2026-09-18 17:39,2026-09-18 19:39,4378.96,4381.05,4377.36,4380.62,14
1789760520,2026-09-18 17:42,2026-09-18 19:42,4380.66,4380.84,4377.58,4378.08,14
1789760700,2026-09-18 17:45,2026-09-18 19:45,4378.17,4380.5,4376.9,4379.69,14
1789760880,2026-09-18 17:48,2026-09-18 19:48,4379.68,4381.71,4378.6,4379.2,14
1789761060,2026-09-18 17:51,2026-09-18 19:51,4378.94,4381.25,4378.36,4381.25,14
1789761240,2026-09-18 17:54,2026-09-18 19:54,4381.16,4382.8,4380.61,4381.93,14
1789761420,2026-09-18 17:57,2026-09-18 19:57,4381.92,4383.94,4380.85,4383.05,14
1789761600,2026-09-18 18:00,2026-09-18 20:00,4383.18,4385.04,4381.7,4383.63,14
1789761780,2026-09-18 18:03,2026-09-18 20:03,4383.71,4386.63,4383.71,4385.24,14
1789761960,2026-09-18 18:06,2026-09-18 20:06,4385.37,4387.15,4384.94,4386.39,14
1789762140,2026-09-18 18:09,2026-09-18 20:09,4386.43,4387.43,4385.12,4387.15,14
1789762320,2026-09-18 18:12,2026-09-18 20:12,4387.09,4387.09,4383.43,4385.77,14
1789762500,2026-09-18 18:15,2026-09-18 20:15,4385.74,4388.53,4385.49,4388.24,14
1789762680,2026-09-18 18:18,2026-09-18 20:18,4388.18,4389.41,4384.13,4384.58,14
1789762860,2026-09-18 18:21,2026-09-18 20:21,4384.6,4385.49,4383.28,4383.33,14
1789763040,2026-09-18 18:24,2026-09-18 20:24,4383.3,4386.64,4382.82,4386.58,14
1789763220,2026-09-18 18:27,2026-09-18 20:27,4386.55,4387.78,4385.17,4386.83,14
1789763400,2026-09-18 18:30,2026-09-18 20:30,4386.81,4388.13,4385.58,4387.55,14
1789763580,2026-09-18 18:33,2026-09-18 20:33,4387.48,4393.21,4387.28,4392.17,14
1789763760,2026-09-18 18:36,2026-09-18 20:36,4392.19,4396.22,4392.19,4394.36,14
1789763940,2026-09-18 18:39,2026-09-18 20:39,4394.45,4395.75,4392.45,4394.67,14
1789764120,2026-09-18 18:42,2026-09-18 20:42,4394.66,4396.7,4392.26,4393.28,14
1789764300,2026-09-18 18:45,2026-09-18 20:45,4393.16,4395.94,4392.18,4395.28,14
1789764480,2026-09-18 18:48,2026-09-18 20:48,4395.32,4397.11,4394.4,4395.51,14
1789764660,2026-09-18 18:51,2026-09-18 20:51,4395.46,4395.83,4393.37,4394.41,14
1789764840,2026-09-18 18:54,2026-09-18 20:54,4394.44,4394.71,4392.89,4394.52,14
1789765020,2026-09-18 18:57,2026-09-18 20:57,4394.61,4395.0,4392.78,4393.0,14
1789765200,2026-09-18 19:00,2026-09-18 21:00,4392.88,4393.99,4391.67,4392.52,14
1789765380,2026-09-18 19:03,2026-09-18 21:03,4392.49,4393.26,4391.57,4391.85,14
1789765560,2026-09-18 19:06,2026-09-18 21:06,4391.43,4394.43,4389.9,4390.87,14
1789765740,2026-09-18 19:09,2026-09-18 21:09,4390.92,4391.76,4389.01,4390.43,14
1789765920,2026-09-18 19:12,2026-09-18 21:12,4390.5,4392.96,4389.93,4392.14,14
1789766100,2026-09-18 19:15,2026-09-18 21:15,4392.12,4392.71,4389.15,4389.53,14
1789766280,2026-09-18 19:18,2026-09-18 21:18,4389.54,4390.75,4389.04,4390.46,14
1789766460,2026-09-18 19:21,2026-09-18 21:21,4390.5,4391.33,4389.69,4390.21,14
1789766640,2026-09-18 19:24,2026-09-18 21:24,4390.18,4390.68,4389.17,4390.01,14
1789766820,2026-09-18 19:27,2026-09-18 21:27,4390.04,4391.03,4389.72,4390.56,14
1789767000,2026-09-18 19:30,2026-09-18 21:30,4390.63,4390.77,4387.24,4387.82,14
1789767180,2026-09-18 19:33,2026-09-18 21:33,4387.87,4388.45,4387.39,4388.12,14
1789767360,2026-09-18 19:36,2026-09-18 21:36,4388.09,4388.1,4385.76,4386.16,14
1789767540,2026-09-18 19:39,2026-09-18 21:39,4386.18,4386.38,4383.84,4384.4,14
1789767720,2026-09-18 19:42,2026-09-18 21:42,4384.38,4384.71,4380.81,4380.93,14
1789767900,2026-09-18 19:45,2026-09-18 21:45,4381.02,4383.82,4380.22,4382.86,14
1789768080,2026-09-18 19:48,2026-09-18 21:48,4382.82,4383.97,4381.95,4383.53,14
1789768260,2026-09-18 19:51,2026-09-18 21:51,4383.48,4383.63,4380.66,4381.25,14
1789768440,2026-09-18 19:54,2026-09-18 21:54,4381.28,4381.99,4379.54,4381.35,14
1789768620,2026-09-18 19:57,2026-09-18 21:57,4381.33,4382.2,4380.69,4382.15,14
1789768800,2026-09-18 20:00,2026-09-18 22:00,4382.18,4382.91,4379.41,4380.24,14
1789768980,2026-09-18 20:03,2026-09-18 22:03,4380.27,4384.0,4379.98,4383.8,14
1789769160,2026-09-18 20:06,2026-09-18 22:06,4383.75,4384.56,4381.62,4383.64,14
1789769340,2026-09-18 20:09,2026-09-18 22:09,4383.79,4385.47,4383.54,4385.4,14
1789769520,2026-09-18 20:12,2026-09-18 22:12,4385.41,4385.94,4383.21,4384.37,14
1789769700,2026-09-18 20:15,2026-09-18 22:15,4384.44,4384.99,4384.0,4384.16,14
1789769880,2026-09-18 20:18,2026-09-18 22:18,4384.14,4384.19,4381.68,4382.57,14
1789770060,2026-09-18 20:21,2026-09-18 22:21,4382.6,4383.25,4381.9,4383.07,14
1789770240,2026-09-18 20:24,2026-09-18 22:24,4383.09,4383.57,4379.23,4379.3,14
1789770420,2026-09-18 20:27,2026-09-18 22:27,4379.32,4380.76,4378.9,4380.56,14
1789770600,2026-09-18 20:30,2026-09-18 22:30,4380.61,4381.72,4379.79,4381.67,14
1789770780,2026-09-18 20:33,2026-09-18 22:33,4381.72,4382.39,4379.53,4380.24,14
1789770960,2026-09-18 20:36,2026-09-18 22:36,4380.25,4381.67,4380.14,4381.54,14
1789771140,2026-09-18 20:39,2026-09-18 22:39,4381.53,4382.31,4380.81,4382.22,14
1789771320,2026-09-18 20:42,2026-09-18 22:42,4382.26,4382.33,4380.92,4381.5,14
1789771500,2026-09-18 20:45,2026-09-18 22:45,4381.52,4383.27,4380.79,4382.69,14
1789771680,2026-09-18 20:48,2026-09-18 22:48,4382.7,4383.18,4381.16,4381.4,14
1789771860,2026-09-18 20:51,2026-09-18 22:51,4381.37,4381.47,4378.07,4378.91,14
1789772040,2026-09-18 20:54,2026-09-18 22:54,4378.92,4379.08,4374.85,4375.11,14
1789772220,2026-09-18 20:57,2026-09-18 22:57,4375.14,4379.03,4375.06,4376.54,14
1789772400,2026-09-18 21:00,2026-09-18 23:00,4376.4,4378.77,4375.68,4377.48,14
1789772580,2026-09-18 21:03,2026-09-18 23:03,4377.47,4378.6,4376.84,4378.08,17
1789772760,2026-09-18 21:06,2026-09-18 23:06,4378.07,4379.02,4377.96,4378.33,17
1789772940,2026-09-18 21:09,2026-09-18 23:09,4378.36,4380.92,4377.81,4379.9,17
1789773120,2026-09-18 21:12,2026-09-18 23:12,4379.85,4383.18,4379.74,4381.55,17
1789773300,2026-09-18 21:15,2026-09-18 23:15,4381.58,4382.0,4378.97,4379.45,17
1789773480,2026-09-18 21:18,2026-09-18 23:18,4379.46,4381.49,4379.15,4381.46,17
1789773660,2026-09-18 21:21,2026-09-18 23:21,4381.45,4383.3,4381.16,4383.04,17
1789773840,2026-09-18 21:24,2026-09-18 23:24,4383.03,4383.12,4382.13,4382.22,17
1789774020,2026-09-18 21:27,2026-09-18 23:27,4382.15,4382.51,4381.0,4381.06,17
1789774200,2026-09-18 21:30,2026-09-18 23:30,4381.07,4382.41,4381.06,4382.03,17
1789774380,2026-09-18 21:33,2026-09-18 23:33,4381.98,4383.03,4381.22,4381.33,17
1789774560,2026-09-18 21:36,2026-09-18 23:36,4381.32,4381.5,4379.89,4380.23,17
1789774740,2026-09-18 21:39,2026-09-18 23:39,4380.21,4380.26,4379.32,4380.05,17
1789774920,2026-09-18 21:42,2026-09-18 23:42,4380.04,4380.98,4379.79,4380.93,17
1789775100,2026-09-18 21:45,2026-09-18 23:45,4380.89,4380.89,4377.87,4377.88,17
1789775280,2026-09-18 21:48,2026-09-18 23:48,4377.87,4378.57,4376.91,4377.99,17
1789775460,2026-09-18 21:51,2026-09-18 23:51,4377.98,4378.55,4376.41,4377.9,17
1789775640,2026-09-18 21:54,2026-09-18 23:54,4377.87,4378.75,4377.45,4378.3,17
1789775820,2026-09-18 21:57,2026-09-18 23:57,4378.28,4378.37,4377.31,4378.02,17
1789952400,2026-09-20 23:00,2026-09-21 01:00,4376.89,4377.28,4373.14,4374.18,17
1789952580,2026-09-20 23:03,2026-09-21 01:03,4374.02,4381.96,4373.73,4379.06,17
1789952760,2026-09-20 23:06,2026-09-21 01:06,4378.96,4379.22,4374.26,4375.97,17
1789952940,2026-09-20 23:09,2026-09-21 01:09,4375.82,4378.23,4375.75,4378.02,17
1789953120,2026-09-20 23:12,2026-09-21 01:12,4378.0,4379.81,4377.64,4379.79,17
1789953300,2026-09-20 23:15,2026-09-21 01:15,4379.44,4379.65,4378.23,4378.54,14
1789953480,2026-09-20 23:18,2026-09-21 01:18,4378.59,4379.27,4376.21,4376.21,14
1789953660,2026-09-20 23:21,2026-09-21 01:21,4376.18,4376.66,4374.81,4375.22,14
1789953840,2026-09-20 23:24,2026-09-21 01:24,4375.25,4377.32,4374.65,4376.39,14
1789954020,2026-09-20 23:27,2026-09-21 01:27,4376.41,4377.15,4374.72,4376.04,14
1789954200,2026-09-20 23:30,2026-09-21 01:30,4376.15,4377.33,4375.64,4376.8,14
1789954380,2026-09-20 23:33,2026-09-21 01:33,4376.79,4377.04,4375.67,4375.94,14
1789954560,2026-09-20 23:36,2026-09-21 01:36,4376.0,4378.0,4375.76,4377.17,14
1789954740,2026-09-20 23:39,2026-09-21 01:39,4377.07,4377.54,4375.92,4376.84,14
1789954920,2026-09-20 23:42,2026-09-21 01:42,4376.94,4377.4,4374.35,4374.41,14
1789955100,2026-09-20 23:45,2026-09-21 01:45,4374.51,4375.61,4374.19,4375.54,14
1789955280,2026-09-20 23:48,2026-09-21 01:48,4375.61,4375.72,4373.86,4374.84,14
1789955460,2026-09-20 23:51,2026-09-21 01:51,4374.82,4375.29,4373.9,4374.55,14
1789955640,2026-09-20 23:54,2026-09-21 01:54,4374.56,4376.88,4374.56,4376.55,14
1789955820,2026-09-20 23:57,2026-09-21 01:57,4376.56,4376.96,4373.72,4373.99,14
1789956000,2026-09-21 00:00,2026-09-21 02:00,4373.96,4374.88,4373.48,4374.24,14
1789956180,2026-09-21 00:03,2026-09-21 02:03,4374.29,4374.39,4373.66,4373.84,14
1789956360,2026-09-21 00:06,2026-09-21 02:06,4373.92,4374.05,4372.22,4372.49,14
1789956540,2026-09-21 00:09,2026-09-21 02:09,4372.5,4373.83,4371.55,4372.06,14
1789956720,2026-09-21 00:12,2026-09-21 02:12,4372.15,4373.76,4370.9,4373.12,14
1789956900,2026-09-21 00:15,2026-09-21 02:15,4373.26,4373.6,4371.86,4373.11,14
1789957080,2026-09-21 00:18,2026-09-21 02:18,4373.1,4374.71,4372.48,4374.29,14
1789957260,2026-09-21 00:21,2026-09-21 02:21,4374.57,4374.97,4372.68,4373.37,14
1789957440,2026-09-21 00:24,2026-09-21 02:24,4373.44,4373.47,4371.69,4372.6,14
1789957620,2026-09-21 00:27,2026-09-21 02:27,4372.58,4374.59,4372.58,4374.35,14
1789957800,2026-09-21 00:30,2026-09-21 02:30,4374.33,4376.22,4373.27,4374.97,14
1789957980,2026-09-21 00:33,2026-09-21 02:33,4375.03,4375.95,4374.61,4375.64,14
1789958160,2026-09-21 00:36,2026-09-21 02:36,4375.75,4375.75,4373.57,4375.42,14
1789958340,2026-09-21 00:39,2026-09-21 02:39,4375.37,4376.39,4373.57,4373.88,14
1789958520,2026-09-21 00:42,2026-09-21 02:42,4373.87,4374.17,4370.96,4371.3,14
1789958700,2026-09-21 00:45,2026-09-21 02:45,4371.2,4371.96,4368.89,4369.51,14
1789958880,2026-09-21 00:48,2026-09-21 02:48,4369.48,4372.33,4369.48,4371.12,14
1789959060,2026-09-21 00:51,2026-09-21 02:51,4371.08,4373.49,4369.54,4371.6,14
1789959240,2026-09-21 00:54,2026-09-21 02:54,4371.66,4372.38,4370.35,4372.23,14
1789959420,2026-09-21 00:57,2026-09-21 02:57,4372.16,4373.2,4371.2,4372.97,14
1789959600,2026-09-21 01:00,2026-09-21 03:00,4373.08,4373.27,4366.68,4368.4,14
1789959780,2026-09-21 01:03,2026-09-21 03:03,4368.41,4370.07,4367.79,4369.83,14
1789959960,2026-09-21 01:06,2026-09-21 03:06,4369.85,4372.47,4368.41,4368.66,14
1789960140,2026-09-21 01:09,2026-09-21 03:09,4368.71,4368.71,4365.18,4365.74,14
1789960320,2026-09-21 01:12,2026-09-21 03:12,4365.76,4366.52,4363.68,4364.42,14
1789960500,2026-09-21 01:15,2026-09-21 03:15,4364.46,4364.93,4360.18,4360.21,14
1789960680,2026-09-21 01:18,2026-09-21 03:18,4360.22,4362.15,4359.55,4360.1,14
1789960860,2026-09-21 01:21,2026-09-21 03:21,4360.12,4364.23,4358.66,4363.69,14
1789961040,2026-09-21 01:24,2026-09-21 03:24,4363.66,4367.86,4363.64,4367.54,14
1789961220,2026-09-21 01:27,2026-09-21 03:27,4367.53,4369.79,4367.2,4367.78,14
1789961400,2026-09-21 01:30,2026-09-21 03:30,4367.76,4369.73,4365.81,4368.43,14
1789961580,2026-09-21 01:33,2026-09-21 03:33,4368.08,4371.25,4368.08,4371.08,14
1789961760,2026-09-21 01:36,2026-09-21 03:36,4371.21,4371.59,4369.33,4371.0,14
1789961940,2026-09-21 01:39,2026-09-21 03:39,4370.89,4376.07,4369.46,4370.47,14
1789962120,2026-09-21 01:42,2026-09-21 03:42,4370.51,4371.62,4368.18,4369.2,14
1789962300,2026-09-21 01:45,2026-09-21 03:45,4369.23,4371.18,4368.96,4369.82,14
1789962480,2026-09-21 01:48,2026-09-21 03:48,4369.8,4370.9,4364.03,4364.5,14
1789962660,2026-09-21 01:51,2026-09-21 03:51,4364.39,4367.49,4362.46,4367.14,14
1789962840,2026-09-21 01:54,2026-09-21 03:54,4367.25,4367.83,4364.25,4366.46,14
1789963020,2026-09-21 01:57,2026-09-21 03:57,4366.44,4369.56,4365.25,4366.55,14
1789963200,2026-09-21 02:00,2026-09-21 04:00,4366.41,4375.85,4366.41,4372.94,14
1789963380,2026-09-21 02:03,2026-09-21 04:03,4373.15,4374.7,4369.46,4374.25,14
1789963560,2026-09-21 02:06,2026-09-21 04:06,4374.03,4379.11,4373.56,4377.99,14
1789963740,2026-09-21 02:09,2026-09-21 04:09,4378.37,4380.44,4376.47,4377.71,14
1789963920,2026-09-21 02:12,2026-09-21 04:12,4377.5,4380.68,4376.51,4380.46,14
1789964100,2026-09-21 02:15,2026-09-21 04:15,4380.52,4383.34,4379.62,4382.93,14
1789964280,2026-09-21 02:18,2026-09-21 04:18,4382.94,4382.94,4376.47,4376.59,14
1789964460,2026-09-21 02:21,2026-09-21 04:21,4376.61,4378.66,4375.37,4376.94,14
1789964640,2026-09-21 02:24,2026-09-21 04:24,4376.77,4380.51,4376.66,4376.94,14
1789964820,2026-09-21 02:27,2026-09-21 04:27,4376.93,4378.45,4374.64,4375.44,14
1789965000,2026-09-21 02:30,2026-09-21 04:30,4375.44,4377.17,4373.97,4376.65,14
1789965180,2026-09-21 02:33,2026-09-21 04:33,4376.76,4380.01,4375.46,4377.37,14
1789965360,2026-09-21 02:36,2026-09-21 04:36,4377.67,4379.48,4376.03,4376.76,14
1789965540,2026-09-21 02:39,2026-09-21 04:39,4376.75,4380.96,4376.35,4379.7,14
1789965720,2026-09-21 02:42,2026-09-21 04:42,4379.69,4380.09,4376.57,4379.64,14
1789965900,2026-09-21 02:45,2026-09-21 04:45,4379.61,4383.22,4379.41,4383.16,14
1789966080,2026-09-21 02:48,2026-09-21 04:48,4382.83,4383.13,4376.72,4377.2,14
1789966260,2026-09-21 02:51,2026-09-21 04:51,4377.23,4380.4,4376.63,4378.64,14
1789966440,2026-09-21 02:54,2026-09-21 04:54,4378.61,4380.33,4375.89,4376.68,14
1789966620,2026-09-21 02:57,2026-09-21 04:57,4376.72,4378.31,4375.76,4377.53,14
1789966800,2026-09-21 03:00,2026-09-21 05:00,4377.51,4377.97,4373.52,4374.69,14
1789966980,2026-09-21 03:03,2026-09-21 05:03,4374.71,4377.18,4373.3,4373.55,14
1789967160,2026-09-21 03:06,2026-09-21 05:06,4373.44,4375.3,4372.82,4374.92,14
1789967340,2026-09-21 03:09,2026-09-21 05:09,4374.99,4375.96,4370.26,4370.94,14
1789967520,2026-09-21 03:12,2026-09-21 05:12,4371.01,4372.53,4368.47,4369.34,14
1789967700,2026-09-21 03:15,2026-09-21 05:15,4369.37,4370.05,4366.52,4367.47,14
1789967880,2026-09-21 03:18,2026-09-21 05:18,4367.63,4367.63,4364.75,4364.85,14
1789968060,2026-09-21 03:21,2026-09-21 05:21,4364.87,4365.61,4363.29,4363.91,14
1789968240,2026-09-21 03:24,2026-09-21 05:24,4363.93,4366.74,4361.33,4366.73,14
1789968420,2026-09-21 03:27,2026-09-21 05:27,4366.7,4369.78,4365.44,4369.26,14
1789968600,2026-09-21 03:30,2026-09-21 05:30,4369.84,4372.66,4366.67,4367.51,14
1789968780,2026-09-21 03:33,2026-09-21 05:33,4367.47,4369.37,4366.73,4367.58,14
1789968960,2026-09-21 03:36,2026-09-21 05:36,4367.57,4370.84,4367.57,4368.77,14
1789969140,2026-09-21 03:39,2026-09-21 05:39,4368.73,4369.5,4364.63,4366.78,14
1789969320,2026-09-21 03:42,2026-09-21 05:42,4366.79,4369.99,4364.79,4366.65,14
1789969500,2026-09-21 03:45,2026-09-21 05:45,4366.72,4370.1,4366.44,4368.75,14
1789969680,2026-09-21 03:48,2026-09-21 05:48,4368.76,4369.08,4366.98,4368.46,14
1789969860,2026-09-21 03:51,2026-09-21 05:51,4368.59,4369.41,4366.65,4367.32,14
1789970040,2026-09-21 03:54,2026-09-21 05:54,4367.33,4367.98,4364.45,4365.82,14
1789970220,2026-09-21 03:57,2026-09-21 05:57,4365.92,4367.37,4362.93,4364.2,14
1789970400,2026-09-21 04:00,2026-09-21 06:00,4364.11,4364.58,4359.33,4361.2,14
1789970580,2026-09-21 04:03,2026-09-21 06:03,4361.43,4367.05,4361.39,4366.3,14
1789970760,2026-09-21 04:06,2026-09-21 06:06,4366.13,4366.99,4360.59,4360.86,14
1789970940,2026-09-21 04:09,2026-09-21 06:09,4360.85,4363.22,4359.33,4361.78,14
1789971120,2026-09-21 04:12,2026-09-21 06:12,4361.88,4363.95,4361.7,4363.26,14
1789971300,2026-09-21 04:15,2026-09-21 06:15,4363.25,4364.49,4361.87,4362.26,14
1789971480,2026-09-21 04:18,2026-09-21 06:18,4362.24,4365.37,4361.41,4363.04,14
1789971660,2026-09-21 04:21,2026-09-21 06:21,4363.17,4363.17,4360.87,4362.17,14
1789971840,2026-09-21 04:24,2026-09-21 06:24,4362.18,4363.09,4360.82,4360.9,14
1789972020,2026-09-21 04:27,2026-09-21 06:27,4360.54,4361.57,4359.16,4360.14,14
1789972200,2026-09-21 04:30,2026-09-21 06:30,4360.09,4362.92,4359.53,4362.57,14
1789972380,2026-09-21 04:33,2026-09-21 06:33,4362.58,4368.02,4362.07,4364.45,14
1789972560,2026-09-21 04:36,2026-09-21 06:36,4364.2,4367.08,4363.65,4366.77,14
1789972740,2026-09-21 04:39,2026-09-21 06:39,4366.81,4367.01,4365.33,4366.33,14
1789972920,2026-09-21 04:42,2026-09-21 06:42,4366.34,4368.25,4366.23,4367.25,14
1789973100,2026-09-21 04:45,2026-09-21 06:45,4367.47,4368.27,4364.64,4365.39,14
1789973280,2026-09-21 04:48,2026-09-21 06:48,4365.51,4365.77,4361.66,4362.28,14
1789973460,2026-09-21 04:51,2026-09-21 06:51,4362.26,4363.85,4360.81,4361.13,14
1789973640,2026-09-21 04:54,2026-09-21 06:54,4361.09,4361.09,4358.3,4358.62,14
1789973820,2026-09-21 04:57,2026-09-21 06:57,4358.61,4359.62,4357.91,4359.15,14
1789974000,2026-09-21 05:00,2026-09-21 07:00,4359.19,4361.42,4359.19,4360.62,14
1789974180,2026-09-21 05:03,2026-09-21 07:03,4360.59,4360.88,4357.83,4358.64,14
1789974360,2026-09-21 05:06,2026-09-21 07:06,4358.77,4358.77,4356.07,4358.59,14
1789974540,2026-09-21 05:09,2026-09-21 07:09,4358.61,4360.38,4357.92,4359.29,14
1789974720,2026-09-21 05:12,2026-09-21 07:12,4359.33,4361.31,4359.33,4360.25,14
1789974900,2026-09-21 05:15,2026-09-21 07:15,4360.26,4363.6,4359.42,4362.03,14
1789975080,2026-09-21 05:18,2026-09-21 07:18,4362.03,4365.48,4361.96,4364.06,14
1789975260,2026-09-21 05:21,2026-09-21 07:21,4364.03,4364.23,4363.3,4363.67,14
1789975440,2026-09-21 05:24,2026-09-21 07:24,4363.71,4364.6,4363.34,4364.22,14
1789975620,2026-09-21 05:27,2026-09-21 07:27,4364.33,4365.41,4361.21,4361.38,14
1789975800,2026-09-21 05:30,2026-09-21 07:30,4361.42,4361.66,4358.21,4360.22,14
1789975980,2026-09-21 05:33,2026-09-21 07:33,4359.99,4363.13,4359.27,4362.85,14
1789976160,2026-09-21 05:36,2026-09-21 07:36,4362.86,4363.08,4360.78,4361.44,14
1789976340,2026-09-21 05:39,2026-09-21 07:39,4361.45,4362.25,4360.85,4361.9,14
1789976520,2026-09-21 05:42,2026-09-21 07:42,4361.99,4363.41,4361.21,4361.8,14
1789976700,2026-09-21 05:45,2026-09-21 07:45,4361.8,4362.45,4360.82,4360.99,14
1789976880,2026-09-21 05:48,2026-09-21 07:48,4360.97,4362.08,4359.38,4359.64,14
1789977060,2026-09-21 05:51,2026-09-21 07:51,4359.67,4360.0,4358.4,4358.75,14
1789977240,2026-09-21 05:54,2026-09-21 07:54,4358.6,4359.58,4357.06,4359.53,14
1789977420,2026-09-21 05:57,2026-09-21 07:57,4359.54,4360.01,4355.25,4355.95,14
1789977600,2026-09-21 06:00,2026-09-21 08:00,4355.85,4357.45,4354.26,4357.15,14
1789977780,2026-09-21 06:03,2026-09-21 08:03,4357.12,4357.58,4355.34,4355.46,14
1789977960,2026-09-21 06:06,2026-09-21 08:06,4355.56,4356.37,4354.49,4355.05,14
1789978140,2026-09-21 06:09,2026-09-21 08:09,4355.07,4356.38,4352.63,4354.97,14
1789978320,2026-09-21 06:12,2026-09-21 08:12,4354.96,4356.25,4354.7,4355.98,14
1789978500,2026-09-21 06:15,2026-09-21 08:15,4355.99,4356.7,4354.16,4354.38,14
1789978680,2026-09-21 06:18,2026-09-21 08:18,4354.49,4356.49,4354.06,4356.42,14
1789978860,2026-09-21 06:21,2026-09-21 08:21,4356.54,4361.24,4356.54,4360.52,14
1789979040,2026-09-21 06:24,2026-09-21 08:24,4360.77,4361.17,4358.04,4360.53,14
1789979220,2026-09-21 06:27,2026-09-21 08:27,4360.52,4361.14,4357.29,4357.54,14
1789979400,2026-09-21 06:30,2026-09-21 08:30,4357.22,4362.08,4356.28,4356.91,14
1789979580,2026-09-21 06:33,2026-09-21 08:33,4356.79,4357.02,4352.22,4353.57,14
1789979760,2026-09-21 06:36,2026-09-21 08:36,4353.56,4357.57,4353.15,4357.16,14
1789979940,2026-09-21 06:39,2026-09-21 08:39,4357.2,4358.43,4355.08,4355.41,14
1789980120,2026-09-21 06:42,2026-09-21 08:42,4355.39,4356.31,4354.19,4354.91,14
1789980300,2026-09-21 06:45,2026-09-21 08:45,4354.99,4354.99,4350.76,4352.52,14
1789980480,2026-09-21 06:48,2026-09-21 08:48,4352.41,4352.86,4350.58,4352.25,14
1789980660,2026-09-21 06:51,2026-09-21 08:51,4352.17,4356.06,4349.06,4355.53,14
1789980840,2026-09-21 06:54,2026-09-21 08:54,4355.52,4355.52,4352.74,4353.43,14
1789981020,2026-09-21 06:57,2026-09-21 08:57,4353.43,4354.74,4351.05,4351.1,14
1789981200,2026-09-21 07:00,2026-09-21 09:00,4351.09,4354.1,4350.87,4352.59,14
1789981380,2026-09-21 07:03,2026-09-21 09:03,4352.16,4354.29,4349.16,4354.0,14
1789981560,2026-09-21 07:06,2026-09-21 09:06,4354.04,4355.58,4351.92,4354.43,14
1789981740,2026-09-21 07:09,2026-09-21 09:09,4354.42,4355.8,4353.66,4354.91,14
1789981920,2026-09-21 07:12,2026-09-21 09:12,4354.91,4355.07,4351.4,4353.21,14
1789982100,2026-09-21 07:15,2026-09-21 09:15,4353.32,4354.73,4350.28,4351.58,14
1789982280,2026-09-21 07:18,2026-09-21 09:18,4351.61,4352.87,4347.8,4350.48,14
1789982460,2026-09-21 07:21,2026-09-21 09:21,4350.59,4350.81,4348.09,4348.95,14
1789982640,2026-09-21 07:24,2026-09-21 09:24,4348.85,4349.58,4346.2,4347.17,14
1789982820,2026-09-21 07:27,2026-09-21 09:27,4347.37,4349.34,4346.93,4347.43,14
1789983000,2026-09-21 07:30,2026-09-21 09:30,4347.58,4349.49,4347.34,4348.41,14
1789983180,2026-09-21 07:33,2026-09-21 09:33,4348.4,4350.54,4347.59,4350.09,14
1789983360,2026-09-21 07:36,2026-09-21 09:36,4350.12,4351.76,4349.75,4351.0,14
1789983540,2026-09-21 07:39,2026-09-21 09:39,4351.07,4354.17,4350.43,4353.3,14
1789983720,2026-09-21 07:42,2026-09-21 09:42,4353.26,4353.91,4350.97,4351.96,14
1789983900,2026-09-21 07:45,2026-09-21 09:45,4352.01,4354.92,4351.89,4353.93,14
1789984080,2026-09-21 07:48,2026-09-21 09:48,4353.92,4354.96,4351.42,4351.49,14
1789984260,2026-09-21 07:51,2026-09-21 09:51,4351.62,4353.87,4350.34,4352.74,14
1789984440,2026-09-21 07:54,2026-09-21 09:54,4352.6,4354.52,4351.48,4354.11,14
1789984620,2026-09-21 07:57,2026-09-21 09:57,4354.1,4354.48,4353.0,4353.47,14
1789984800,2026-09-21 08:00,2026-09-21 10:00,4353.43,4353.43,4345.83,4349.53,14
1789984980,2026-09-21 08:03,2026-09-21 10:03,4350.29,4355.48,4350.29,4354.33,14
1789985160,2026-09-21 08:06,2026-09-21 10:06,4354.23,4356.09,4351.46,4352.0,14
1789985340,2026-09-21 08:09,2026-09-21 10:09,4351.94,4353.35,4349.2,4349.2,14
1789985520,2026-09-21 08:12,2026-09-21 10:12,4349.29,4353.92,4346.46,4353.23,14
1789985700,2026-09-21 08:15,2026-09-21 10:15,4353.24,4355.86,4350.69,4352.83,14
1789985880,2026-09-21 08:18,2026-09-21 10:18,4352.85,4354.94,4352.01,4353.84,14
1789986060,2026-09-21 08:21,2026-09-21 10:21,4353.83,4353.83,4350.17,4351.89,14
1789986240,2026-09-21 08:24,2026-09-21 10:24,4351.86,4352.4,4347.35,4347.77,14
1789986420,2026-09-21 08:27,2026-09-21 10:27,4347.78,4352.06,4347.66,4350.84,14
1789986600,2026-09-21 08:30,2026-09-21 10:30,4350.71,4351.89,4348.96,4350.04,14
1789986780,2026-09-21 08:33,2026-09-21 10:33,4350.01,4353.83,4349.56,4352.75,14
1789986960,2026-09-21 08:36,2026-09-21 10:36,4352.72,4355.17,4351.1,4351.19,14
1789987140,2026-09-21 08:39,2026-09-21 10:39,4351.2,4351.2,4345.85,4347.1,14
1789987320,2026-09-21 08:42,2026-09-21 10:42,4347.11,4349.64,4342.1,4347.31,14
1789987500,2026-09-21 08:45,2026-09-21 10:45,4346.93,4350.08,4345.53,4347.05,14
1789987680,2026-09-21 08:48,2026-09-21 10:48,4346.79,4348.95,4346.43,4347.88,14
1789987860,2026-09-21 08:51,2026-09-21 10:51,4347.89,4349.51,4346.49,4347.44,14
1789988040,2026-09-21 08:54,2026-09-21 10:54,4347.55,4349.14,4346.2,4348.07,14
1789988220,2026-09-21 08:57,2026-09-21 10:57,4348.05,4348.27,4344.25,4344.5,14
1789988400,2026-09-21 09:00,2026-09-21 11:00,4344.06,4347.46,4343.64,4345.94,14
1789988580,2026-09-21 09:03,2026-09-21 11:03,4345.95,4349.66,4344.58,4348.39,14
1789988760,2026-09-21 09:06,2026-09-21 11:06,4348.49,4351.38,4347.8,4349.42,14
1789988940,2026-09-21 09:09,2026-09-21 11:09,4349.41,4351.27,4345.93,4351.16,14
1789989120,2026-09-21 09:12,2026-09-21 11:12,4351.15,4353.34,4349.91,4350.54,14
1789989300,2026-09-21 09:15,2026-09-21 11:15,4350.4,4354.12,4350.09,4353.2,14
1789989480,2026-09-21 09:18,2026-09-21 11:18,4353.33,4354.95,4352.49,4353.15,14
1789989660,2026-09-21 09:21,2026-09-21 11:21,4353.08,4355.09,4352.68,4354.92,14
1789989840,2026-09-21 09:24,2026-09-21 11:24,4354.97,4355.48,4353.74,4354.48,14
1789990020,2026-09-21 09:27,2026-09-21 11:27,4354.29,4354.97,4353.03,4353.2,14
1789990200,2026-09-21 09:30,2026-09-21 11:30,4353.16,4355.89,4350.89,4354.98,14
1789990380,2026-09-21 09:33,2026-09-21 11:33,4354.76,4356.46,4354.16,4355.59,14
1789990560,2026-09-21 09:36,2026-09-21 11:36,4355.55,4356.25,4353.54,4355.23,14
1789990740,2026-09-21 09:39,2026-09-21 11:39,4355.25,4357.03,4353.25,4356.15,14
1789990920,2026-09-21 09:42,2026-09-21 11:42,4356.11,4357.88,4355.36,4357.57,14
1789991100,2026-09-21 09:45,2026-09-21 11:45,4357.51,4357.51,4353.72,4354.4,14
1789991280,2026-09-21 09:48,2026-09-21 11:48,4354.48,4356.25,4354.03,4354.14,14
1789991460,2026-09-21 09:51,2026-09-21 11:51,4354.04,4355.08,4353.26,4353.37,14
1789991640,2026-09-21 09:54,2026-09-21 11:54,4353.41,4353.69,4349.86,4351.18,14
1789991820,2026-09-21 09:57,2026-09-21 11:57,4351.15,4353.55,4351.0,4353.11,14
1789992000,2026-09-21 10:00,2026-09-21 12:00,4353.11,4353.91,4351.27,4351.84,14
1789992180,2026-09-21 10:03,2026-09-21 12:03,4351.58,4353.57,4349.14,4350.95,14
1789992360,2026-09-21 10:06,2026-09-21 12:06,4350.91,4354.03,4350.9,4353.36,14
1789992540,2026-09-21 10:09,2026-09-21 12:09,4353.23,4353.88,4352.21,4353.35,14
1789992720,2026-09-21 10:12,2026-09-21 12:12,4353.24,4353.95,4352.29,4353.77,14
1789992900,2026-09-21 10:15,2026-09-21 12:15,4353.62,4355.07,4353.04,4354.18,14
1789993080,2026-09-21 10:18,2026-09-21 12:18,4353.92,4354.03,4351.44,4351.99,14
1789993260,2026-09-21 10:21,2026-09-21 12:21,4352.11,4354.07,4352.08,4352.6,14
1789993440,2026-09-21 10:24,2026-09-21 12:24,4352.65,4352.65,4349.21,4349.52,14
1789993620,2026-09-21 10:27,2026-09-21 12:27,4349.52,4350.77,4346.48,4346.49,14
1789993800,2026-09-21 10:30,2026-09-21 12:30,4346.68,4346.68,4340.38,4342.31,14
1789993980,2026-09-21 10:33,2026-09-21 12:33,4342.21,4344.14,4340.0,4341.05,14
1789994160,2026-09-21 10:36,2026-09-21 12:36,4341.06,4344.93,4341.06,4343.98,14
1789994340,2026-09-21 10:39,2026-09-21 12:39,4343.93,4345.66,4341.42,4345.07,14
1789994520,2026-09-21 10:42,2026-09-21 12:42,4345.08,4347.93,4344.34,4347.67,14
1789994700,2026-09-21 10:45,2026-09-21 12:45,4347.73,4348.5,4346.38,4346.42,14
1789994880,2026-09-21 10:48,2026-09-21 12:48,4346.41,4346.59,4343.68,4345.35,14
1789995060,2026-09-21 10:51,2026-09-21 12:51,4345.36,4346.74,4343.88,4345.05,14
1789995240,2026-09-21 10:54,2026-09-21 12:54,4345.1,4347.5,4345.01,4345.42,14
1789995420,2026-09-21 10:57,2026-09-21 12:57,4345.41,4346.34,4343.56,4345.53,14
1789995600,2026-09-21 11:00,2026-09-21 13:00,4345.5,4348.79,4345.24,4348.28,14
1789995780,2026-09-21 11:03,2026-09-21 13:03,4348.17,4350.36,4348.16,4348.9,14
1789995960,2026-09-21 11:06,2026-09-21 13:06,4348.87,4352.23,4348.87,4351.18,14
1789996140,2026-09-21 11:09,2026-09-21 13:09,4351.3,4352.11,4349.77,4351.76,14
1789996320,2026-09-21 11:12,2026-09-21 13:12,4351.9,4353.44,4351.06,4353.44,14
1789996500,2026-09-21 11:15,2026-09-21 13:15,4353.91,4356.76,4353.91,4354.98,14
1789996680,2026-09-21 11:18,2026-09-21 13:18,4354.84,4355.34,4351.62,4352.44,14
1789996860,2026-09-21 11:21,2026-09-21 13:21,4352.41,4352.64,4351.0,4351.84,14
1789997040,2026-09-21 11:24,2026-09-21 13:24,4351.93,4352.94,4350.49,4351.59,14
1789997220,2026-09-21 11:27,2026-09-21 13:27,4351.72,4352.51,4350.03,4350.84,14
1789997400,2026-09-21 11:30,2026-09-21 13:30,4350.89,4351.92,4349.84,4351.26,14
1789997580,2026-09-21 11:33,2026-09-21 13:33,4351.19,4352.31,4349.49,4349.55,14
1789997760,2026-09-21 11:36,2026-09-21 13:36,4349.5,4350.65,4348.21,4349.0,14
1789997940,2026-09-21 11:39,2026-09-21 13:39,4348.94,4349.6,4348.02,4348.75,14
1789998120,2026-09-21 11:42,2026-09-21 13:42,4348.73,4349.65,4348.05,4348.63,14
1789998300,2026-09-21 11:45,2026-09-21 13:45,4348.6,4350.95,4347.81,4350.01,14
1789998480,2026-09-21 11:48,2026-09-21 13:48,4349.81,4349.81,4347.83,4348.53,14
1789998660,2026-09-21 11:51,2026-09-21 13:51,4348.68,4348.93,4347.45,4347.91,14
1789998840,2026-09-21 11:54,2026-09-21 13:54,4347.96,4348.65,4346.97,4347.81,14
1789999020,2026-09-21 11:57,2026-09-21 13:57,4347.94,4348.0,4342.49,4343.04,14
1789999200,2026-09-21 12:00,2026-09-21 14:00,4342.95,4344.6,4341.95,4342.35,14
1789999380,2026-09-21 12:03,2026-09-21 14:03,4342.48,4346.41,4341.96,4345.39,14
1789999560,2026-09-21 12:06,2026-09-21 14:06,4345.94,4345.95,4343.39,4344.54,14
1789999740,2026-09-21 12:09,2026-09-21 14:09,4344.42,4347.02,4344.25,4345.7,14
1789999920,2026-09-21 12:12,2026-09-21 14:12,4345.78,4348.54,4345.77,4348.19,14
1790000100,2026-09-21 12:15,2026-09-21 14:15,4348.3,4352.55,4348.3,4352.37,14
1790000280,2026-09-21 12:18,2026-09-21 14:18,4352.4,4355.35,4351.99,4353.7,14
1790000460,2026-09-21 12:21,2026-09-21 14:21,4353.73,4355.08,4352.92,4352.92,14
1790000640,2026-09-21 12:24,2026-09-21 14:24,4352.91,4353.68,4352.14,4352.83,14
1790000820,2026-09-21 12:27,2026-09-21 14:27,4352.87,4354.08,4352.5,4353.9,14
1790001000,2026-09-21 12:30,2026-09-21 14:30,4353.69,4356.97,4352.33,4355.76,14
1790001180,2026-09-21 12:33,2026-09-21 14:33,4355.87,4359.81,4355.39,4359.71,14
1790001360,2026-09-21 12:36,2026-09-21 14:36,4359.76,4360.95,4359.23,4360.63,14
1790001540,2026-09-21 12:39,2026-09-21 14:39,4360.6,4362.52,4359.64,4362.27,14
1790001720,2026-09-21 12:42,2026-09-21 14:42,4362.24,4367.29,4362.22,4366.66,14
1790001900,2026-09-21 12:45,2026-09-21 14:45,4366.71,4367.83,4364.82,4365.59,14
1790002080,2026-09-21 12:48,2026-09-21 14:48,4365.74,4368.26,4364.64,4367.31,14
1790002260,2026-09-21 12:51,2026-09-21 14:51,4367.38,4369.34,4365.17,4368.18,14
1790002440,2026-09-21 12:54,2026-09-21 14:54,4368.28,4371.03,4367.22,4367.85,14
1790002620,2026-09-21 12:57,2026-09-21 14:57,4367.9,4369.33,4366.15,4368.96,14
1790002800,2026-09-21 13:00,2026-09-21 15:00,4368.77,4368.77,4363.07,4365.42,14
1790002980,2026-09-21 13:03,2026-09-21 15:03,4365.43,4375.1,4365.12,4372.91,14
1790003160,2026-09-21 13:06,2026-09-21 15:06,4372.87,4372.99,4368.05,4369.64,14
1790003340,2026-09-21 13:09,2026-09-21 15:09,4369.31,4369.81,4366.62,4368.52,14
1790003520,2026-09-21 13:12,2026-09-21 15:12,4368.54,4369.94,4367.56,4369.06,14
1790003700,2026-09-21 13:15,2026-09-21 15:15,4369.09,4371.04,4367.15,4370.02,14
1790003880,2026-09-21 13:18,2026-09-21 15:18,4370.08,4370.39,4360.93,4361.08,14
1790004060,2026-09-21 13:21,2026-09-21 15:21,4361.02,4361.57,4358.25,4358.82,14
1790004240,2026-09-21 13:24,2026-09-21 15:24,4358.87,4358.9,4354.48,4355.65,14
1790004420,2026-09-21 13:27,2026-09-21 15:27,4355.6,4356.38,4351.76,4355.73,14
1790004600,2026-09-21 13:30,2026-09-21 15:30,4355.72,4359.73,4354.15,4357.88,14
1790004780,2026-09-21 13:33,2026-09-21 15:33,4357.66,4358.62,4355.45,4355.45,14
1790004960,2026-09-21 13:36,2026-09-21 15:36,4355.56,4355.92,4351.34,4354.15,14
1790005140,2026-09-21 13:39,2026-09-21 15:39,4354.06,4359.03,4354.02,4359.03,14
1790005320,2026-09-21 13:42,2026-09-21 15:42,4359.02,4363.54,4356.8,4363.01,14
1790005500,2026-09-21 13:45,2026-09-21 15:45,4363.14,4363.62,4355.44,4356.65,14
1790005680,2026-09-21 13:48,2026-09-21 15:48,4356.59,4358.83,4356.47,4357.8,14
1790005860,2026-09-21 13:51,2026-09-21 15:51,4357.92,4359.51,4356.33,4356.96,14
1790006040,2026-09-21 13:54,2026-09-21 15:54,4356.94,4358.25,4353.85,4355.09,14
1790006220,2026-09-21 13:57,2026-09-21 15:57,4355.2,4361.62,4355.11,4359.96,14
1790006400,2026-09-21 14:00,2026-09-21 16:00,4359.7,4361.07,4358.3,4359.14,14
1790006580,2026-09-21 14:03,2026-09-21 16:03,4358.92,4360.51,4355.92,4359.54,14
1790006760,2026-09-21 14:06,2026-09-21 16:06,4359.63,4362.96,4358.81,4362.3,14
1790006940,2026-09-21 14:09,2026-09-21 16:09,4362.27,4364.34,4361.05,4362.02,14
1790007120,2026-09-21 14:12,2026-09-21 16:12,4361.9,4364.33,4361.73,4363.08,14
1790007300,2026-09-21 14:15,2026-09-21 16:15,4363.06,4363.59,4360.54,4363.33,14
1790007480,2026-09-21 14:18,2026-09-21 16:18,4363.52,4364.1,4360.85,4361.36,14
1790007660,2026-09-21 14:21,2026-09-21 16:21,4361.25,4365.09,4361.11,4363.84,14
1790007840,2026-09-21 14:24,2026-09-21 16:24,4363.92,4369.45,4363.52,4363.8,14
1790008020,2026-09-21 14:27,2026-09-21 16:27,4363.89,4365.29,4362.88,4364.35,14
1790008200,2026-09-21 14:30,2026-09-21 16:30,4364.39,4364.68,4355.17,4355.33,14
1790008380,2026-09-21 14:33,2026-09-21 16:33,4355.25,4356.14,4352.48,4353.87,14
1790008560,2026-09-21 14:36,2026-09-21 16:36,4353.89,4356.98,4352.14,4353.17,14
1790008740,2026-09-21 14:39,2026-09-21 16:39,4353.31,4356.58,4350.94,4351.82,14
1790008920,2026-09-21 14:42,2026-09-21 16:42,4351.83,4354.15,4349.3,4353.31,14
1790009100,2026-09-21 14:45,2026-09-21 16:45,4353.34,4355.47,4349.57,4353.08,14
1790009280,2026-09-21 14:48,2026-09-21 16:48,4353.02,4356.51,4349.66,4353.47,14
1790009460,2026-09-21 14:51,2026-09-21 16:51,4353.39,4354.36,4349.93,4350.43,14
1790009640,2026-09-21 14:54,2026-09-21 16:54,4350.47,4350.78,4346.92,4349.14,14
1790009820,2026-09-21 14:57,2026-09-21 16:57,4349.12,4350.45,4346.1,4346.53,14
1790010000,2026-09-21 15:00,2026-09-21 17:00,4346.54,4347.32,4337.36,4339.87,14
1790010180,2026-09-21 15:03,2026-09-21 17:03,4339.86,4340.66,4323.11,4324.76,14
1790010360,2026-09-21 15:06,2026-09-21 17:06,4324.57,4333.89,4322.97,4332.91,14
1790010540,2026-09-21 15:09,2026-09-21 17:09,4332.95,4338.96,4332.59,4337.99,14
1790010720,2026-09-21 15:12,2026-09-21 17:12,4337.97,4340.5,4336.88,4340.07,14
1790010900,2026-09-21 15:15,2026-09-21 17:15,4340.03,4341.12,4336.28,4336.57,14
1790011080,2026-09-21 15:18,2026-09-21 17:18,4336.65,4338.62,4334.67,4334.67,14
1790011260,2026-09-21 15:21,2026-09-21 17:21,4334.25,4338.95,4334.22,4336.97,14
1790011440,2026-09-21 15:24,2026-09-21 17:24,4336.95,4340.92,4336.02,4338.59,14
1790011620,2026-09-21 15:27,2026-09-21 17:27,4338.58,4343.21,4338.04,4341.39,14
1790011800,2026-09-21 15:30,2026-09-21 17:30,4341.25,4343.66,4338.18,4339.48,14
1790011980,2026-09-21 15:33,2026-09-21 17:33,4339.49,4342.58,4335.71,4339.92,14
1790012160,2026-09-21 15:36,2026-09-21 17:36,4339.84,4340.13,4335.2,4336.26,14
1790012340,2026-09-21 15:39,2026-09-21 17:39,4336.24,4340.73,4334.81,4337.58,14
1790012520,2026-09-21 15:42,2026-09-21 17:42,4337.55,4338.17,4331.99,4331.99,14
1790012700,2026-09-21 15:45,2026-09-21 17:45,4331.91,4338.81,4331.85,4338.41,14
1790012880,2026-09-21 15:48,2026-09-21 17:48,4338.34,4341.05,4335.04,4337.25,14
1790013060,2026-09-21 15:51,2026-09-21 17:51,4337.27,4342.16,4337.27,4340.29,14
1790013240,2026-09-21 15:54,2026-09-21 17:54,4340.27,4342.5,4337.66,4338.28,14
1790013420,2026-09-21 15:57,2026-09-21 17:57,4338.24,4339.29,4335.47,4338.7,14
1790013600,2026-09-21 16:00,2026-09-21 18:00,4338.99,4344.28,4338.8,4343.69,14
1790013780,2026-09-21 16:03,2026-09-21 18:03,4343.73,4347.3,4343.24,4346.87,14
1790013960,2026-09-21 16:06,2026-09-21 18:06,4346.81,4348.81,4346.33,4348.37,14
1790014140,2026-09-21 16:09,2026-09-21 18:09,4348.36,4350.54,4347.21,4348.36,14
1790014320,2026-09-21 16:12,2026-09-21 18:12,4348.35,4350.33,4347.09,4349.63,14
1790014500,2026-09-21 16:15,2026-09-21 18:15,4349.61,4351.84,4348.55,4350.89,14
1790014680,2026-09-21 16:18,2026-09-21 18:18,4350.92,4351.61,4348.84,4349.22,14
1790014860,2026-09-21 16:21,2026-09-21 18:21,4349.12,4351.49,4348.49,4351.05,14
1790015040,2026-09-21 16:24,2026-09-21 18:24,4351.13,4354.19,4350.21,4351.18,14
1790015220,2026-09-21 16:27,2026-09-21 18:27,4351.19,4352.3,4349.94,4350.8,14
1790015400,2026-09-21 16:30,2026-09-21 18:30,4350.85,4352.85,4350.19,4351.63,14
1790015580,2026-09-21 16:33,2026-09-21 18:33,4351.67,4354.72,4351.67,4352.6,14
1790015760,2026-09-21 16:36,2026-09-21 18:36,4352.59,4355.66,4350.49,4350.63,14
1790015940,2026-09-21 16:39,2026-09-21 18:39,4350.62,4350.96,4348.21,4349.25,14
1790016120,2026-09-21 16:42,2026-09-21 18:42,4349.24,4350.26,4347.95,4349.88,14
1790016300,2026-09-21 16:45,2026-09-21 18:45,4349.91,4350.89,4348.73,4350.06,14
1790016480,2026-09-21 16:48,2026-09-21 18:48,4350.23,4354.25,4347.14,4350.41,14
1790016660,2026-09-21 16:51,2026-09-21 18:51,4350.48,4351.09,4346.4,4347.5,14
1790016840,2026-09-21 16:54,2026-09-21 18:54,4347.66,4349.93,4346.87,4349.35,14
1790017020,2026-09-21 16:57,2026-09-21 18:57,4349.31,4349.48,4346.86,4348.06,14
1790017200,2026-09-21 17:00,2026-09-21 19:00,4348.21,4348.95,4344.95,4348.52,14
1790017380,2026-09-21 17:03,2026-09-21 19:03,4348.6,4351.22,4348.24,4350.05,14
1790017560,2026-09-21 17:06,2026-09-21 19:06,4350.07,4355.64,4349.32,4351.6,14
1790017740,2026-09-21 17:09,2026-09-21 19:09,4351.62,4355.67,4350.42,4354.49,14
1790017920,2026-09-21 17:12,2026-09-21 19:12,4354.65,4354.65,4349.72,4351.19,14
1790018100,2026-09-21 17:15,2026-09-21 19:15,4351.47,4353.97,4351.22,4353.24,14
1790018280,2026-09-21 17:18,2026-09-21 19:18,4353.22,4356.81,4352.84,4356.12,14
1790018460,2026-09-21 17:21,2026-09-21 19:21,4356.27,4356.31,4351.06,4351.18,14
1790018640,2026-09-21 17:24,2026-09-21 19:24,4351.24,4351.61,4348.61,4349.03,14
1790018820,2026-09-21 17:27,2026-09-21 19:27,4349.04,4351.33,4348.6,4350.35,14
1790019000,2026-09-21 17:30,2026-09-21 19:30,4350.5,4351.14,4349.02,4350.9,14
1790019180,2026-09-21 17:33,2026-09-21 19:33,4350.88,4352.5,4349.25,4349.65,14
1790019360,2026-09-21 17:36,2026-09-21 19:36,4349.66,4350.94,4348.64,4349.98,14
1790019540,2026-09-21 17:39,2026-09-21 19:39,4350.18,4350.31,4347.93,4348.27,14
1790019720,2026-09-21 17:42,2026-09-21 19:42,4348.31,4348.89,4343.51,4343.79,14
1790019900,2026-09-21 17:45,2026-09-21 19:45,4343.8,4345.56,4343.17,4345.28,14
1790020080,2026-09-21 17:48,2026-09-21 19:48,4345.27,4346.98,4344.76,4346.18,14
1790020260,2026-09-21 17:51,2026-09-21 19:51,4346.17,4346.32,4343.27,4343.95,14
1790020440,2026-09-21 17:54,2026-09-21 19:54,4343.96,4345.14,4343.55,4343.96,14
1790020620,2026-09-21 17:57,2026-09-21 19:57,4343.95,4345.29,4342.96,4343.5,14
1790020800,2026-09-21 18:00,2026-09-21 20:00,4343.56,4344.3,4341.75,4344.29,14
1790020980,2026-09-21 18:03,2026-09-21 20:03,4344.19,4344.78,4342.54,4344.01,14
1790021160,2026-09-21 18:06,2026-09-21 20:06,4344.01,4345.62,4343.72,4345.1,14
1790021340,2026-09-21 18:09,2026-09-21 20:09,4345.12,4345.94,4344.76,4345.33,14
1790021520,2026-09-21 18:12,2026-09-21 20:12,4345.35,4347.0,4345.34,4346.17,14
1790021700,2026-09-21 18:15,2026-09-21 20:15,4346.0,4346.43,4343.28,4343.62,14
1790021880,2026-09-21 18:18,2026-09-21 20:18,4343.66,4345.01,4341.33,4342.33,14
1790022060,2026-09-21 18:21,2026-09-21 20:21,4342.38,4343.66,4341.36,4342.75,14
1790022240,2026-09-21 18:24,2026-09-21 20:24,4342.79,4343.68,4341.99,4343.21,14
1790022420,2026-09-21 18:27,2026-09-21 20:27,4343.18,4346.39,4342.88,4345.73,14
1790022600,2026-09-21 18:30,2026-09-21 20:30,4345.75,4346.48,4339.83,4340.26,14
1790022780,2026-09-21 18:33,2026-09-21 20:33,4340.28,4340.78,4337.92,4339.44,14
1790022960,2026-09-21 18:36,2026-09-21 20:36,4339.4,4340.44,4337.4,4339.24,14
1790023140,2026-09-21 18:39,2026-09-21 20:39,4339.2,4342.0,4338.26,4341.79,14
1790023320,2026-09-21 18:42,2026-09-21 20:42,4341.8,4342.63,4340.03,4340.88,14
1790023500,2026-09-21 18:45,2026-09-21 20:45,4340.86,4342.83,4339.35,4342.15,14
1790023680,2026-09-21 18:48,2026-09-21 20:48,4342.02,4343.33,4341.98,4342.8,14
1790023860,2026-09-21 18:51,2026-09-21 20:51,4342.91,4345.21,4342.71,4344.5,14
1790024040,2026-09-21 18:54,2026-09-21 20:54,4344.48,4346.35,4343.41,4343.71,14
1790024220,2026-09-21 18:57,2026-09-21 20:57,4343.82,4345.58,4343.38,4344.77,14
1790024400,2026-09-21 19:00,2026-09-21 21:00,4344.86,4345.56,4343.91,4345.03,14
1790024580,2026-09-21 19:03,2026-09-21 21:03,4345.34,4346.51,4344.54,4346.13,14
1790024760,2026-09-21 19:06,2026-09-21 21:06,4346.01,4350.69,4345.89,4350.14,14
1790024940,2026-09-21 19:09,2026-09-21 21:09,4350.15,4350.62,4348.14,4349.73,14
1790025120,2026-09-21 19:12,2026-09-21 21:12,4349.83,4350.9,4348.82,4349.87,14
1790025300,2026-09-21 19:15,2026-09-21 21:15,4349.9,4352.46,4349.52,4351.45,14
1790025480,2026-09-21 19:18,2026-09-21 21:18,4351.48,4352.23,4350.05,4350.57,14
1790025660,2026-09-21 19:21,2026-09-21 21:21,4350.74,4351.46,4350.06,4350.64,14
1790025840,2026-09-21 19:24,2026-09-21 21:24,4350.63,4350.71,4348.41,4349.24,14
1790026020,2026-09-21 19:27,2026-09-21 21:27,4349.36,4351.14,4348.53,4350.22,14
1790026200,2026-09-21 19:30,2026-09-21 21:30,4350.23,4351.36,4349.51,4350.82,14
1790026380,2026-09-21 19:33,2026-09-21 21:33,4350.71,4350.83,4347.4,4347.77,14
1790026560,2026-09-21 19:36,2026-09-21 21:36,4347.91,4348.12,4346.63,4347.0,14
1790026740,2026-09-21 19:39,2026-09-21 21:39,4346.99,4347.63,4346.14,4346.57,14
1790026920,2026-09-21 19:42,2026-09-21 21:42,4346.56,4347.39,4345.87,4346.74,14
1790027100,2026-09-21 19:45,2026-09-21 21:45,4346.6,4348.2,4346.34,4347.66,14
1790027280,2026-09-21 19:48,2026-09-21 21:48,4347.55,4348.42,4346.99,4348.17,14
1790027460,2026-09-21 19:51,2026-09-21 21:51,4348.13,4348.77,4346.76,4348.34,14
1790027640,2026-09-21 19:54,2026-09-21 21:54,4348.32,4348.87,4347.08,4348.23,14
1790027820,2026-09-21 19:57,2026-09-21 21:57,4348.29,4348.29,4345.9,4346.16,14
1790028000,2026-09-21 20:00,2026-09-21 22:00,4346.17,4346.17,4343.01,4343.7,14
1790028180,2026-09-21 20:03,2026-09-21 22:03,4343.69,4344.07,4342.02,4343.3,14
1790028360,2026-09-21 20:06,2026-09-21 22:06,4343.28,4344.7,4342.33,4344.45,14
1790028540,2026-09-21 20:09,2026-09-21 22:09,4344.47,4346.25,4344.26,4346.14,14
1790028720,2026-09-21 20:12,2026-09-21 22:12,4346.15,4346.58,4344.88,4345.61,14
1790028900,2026-09-21 20:15,2026-09-21 22:15,4345.58,4346.61,4344.8,4345.18,14
1790029080,2026-09-21 20:18,2026-09-21 22:18,4345.17,4346.03,4344.86,4346.01,14
1790029260,2026-09-21 20:21,2026-09-21 22:21,4345.99,4346.88,4345.19,4346.66,14
1790029440,2026-09-21 20:24,2026-09-21 22:24,4346.68,4347.68,4345.22,4347.68,14
1790029620,2026-09-21 20:27,2026-09-21 22:27,4347.76,4350.63,4347.56,4348.85,14
1790029800,2026-09-21 20:30,2026-09-21 22:30,4348.78,4352.59,4348.75,4351.79,14
1790029980,2026-09-21 20:33,2026-09-21 22:33,4351.82,4353.39,4351.3,4353.13,14
1790030160,2026-09-21 20:36,2026-09-21 22:36,4353.12,4353.12,4351.12,4352.01,14
1790030340,2026-09-21 20:39,2026-09-21 22:39,4351.99,4353.91,4349.45,4349.66,14
1790030520,2026-09-21 20:42,2026-09-21 22:42,4349.6,4349.84,4347.42,4348.09,14
1790030700,2026-09-21 20:45,2026-09-21 22:45,4348.06,4348.3,4346.56,4346.84,14
1790030880,2026-09-21 20:48,2026-09-21 22:48,4346.79,4347.37,4345.54,4346.22,14
1790031060,2026-09-21 20:51,2026-09-21 22:51,4346.35,4346.38,4344.48,4345.33,14
1790031240,2026-09-21 20:54,2026-09-21 22:54,4345.3,4346.44,4344.96,4345.58,14
1790031420,2026-09-21 20:57,2026-09-21 22:57,4345.32,4346.56,4344.66,4344.99,14
1790031600,2026-09-21 21:00,2026-09-21 23:00,4345.08,4345.22,4341.49,4342.63,14
1790031780,2026-09-21 21:03,2026-09-21 23:03,4342.51,4343.76,4342.2,4343.67,17
1790031960,2026-09-21 21:06,2026-09-21 23:06,4343.64,4344.11,4342.98,4343.64,17
1790032140,2026-09-21 21:09,2026-09-21 23:09,4343.62,4343.92,4342.89,4343.59,17
1790032320,2026-09-21 21:12,2026-09-21 23:12,4343.57,4343.58,4341.33,4341.33,17
1790032500,2026-09-21 21:15,2026-09-21 23:15,4341.34,4341.81,4339.98,4340.48,17
1790032680,2026-09-21 21:18,2026-09-21 23:18,4340.56,4341.53,4340.21,4341.21,17
1790032860,2026-09-21 21:21,2026-09-21 23:21,4341.2,4341.84,4340.71,4341.0,17
1790033040,2026-09-21 21:24,2026-09-21 23:24,4340.94,4341.48,4340.3,4341.19,17
1790033220,2026-09-21 21:27,2026-09-21 23:27,4341.42,4341.5,4339.73,4340.45,17
1790033400,2026-09-21 21:30,2026-09-21 23:30,4340.44,4340.88,4339.08,4340.01,17
1790033580,2026-09-21 21:33,2026-09-21 23:33,4339.88,4342.05,4339.69,4341.19,17
1790033760,2026-09-21 21:36,2026-09-21 23:36,4341.15,4342.43,4340.59,4342.07,17
1790033940,2026-09-21 21:39,2026-09-21 23:39,4342.03,4342.9,4341.61,4342.49,17
1790034120,2026-09-21 21:42,2026-09-21 23:42,4342.5,4342.52,4341.41,4342.03,17
1790034300,2026-09-21 21:45,2026-09-21 23:45,4342.02,4342.42,4340.69,4341.37,17
1790034480,2026-09-21 21:48,2026-09-21 23:48,4341.28,4342.55,4341.19,4342.28,17
1790034660,2026-09-21 21:51,2026-09-21 23:51,4342.26,4344.25,4342.26,4343.83,17
1790034840,2026-09-21 21:54,2026-09-21 23:54,4343.75,4343.88,4343.06,4343.54,17
1790035020,2026-09-21 21:57,2026-09-21 23:57,4343.52,4344.17,4343.01,4343.8,17
1790038800,2026-09-21 23:00,2026-09-22 01:00,4343.91,4349.21,4343.91,4348.13,17
1790038980,2026-09-21 23:03,2026-09-22 01:03,4348.04,4348.46,4346.89,4346.9,17
1790039160,2026-09-21 23:06,2026-09-22 01:06,4346.81,4350.04,4346.67,4349.43,17
1790039340,2026-09-21 23:09,2026-09-22 01:09,4349.61,4350.14,4348.46,4349.82,17
1790039520,2026-09-21 23:12,2026-09-22 01:12,4349.8,4350.54,4349.24,4349.63,17
1790039700,2026-09-21 23:15,2026-09-22 01:15,4349.64,4351.6,4349.1,4351.59,14
1790039880,2026-09-21 23:18,2026-09-22 01:18,4351.6,4352.94,4351.13,4351.67,14
1790040060,2026-09-21 23:21,2026-09-22 01:21,4351.66,4352.32,4351.03,4351.6,14
1790040240,2026-09-21 23:24,2026-09-22 01:24,4351.62,4352.73,4350.22,4351.53,14
1790040420,2026-09-21 23:27,2026-09-22 01:27,4351.63,4353.19,4350.1,4352.83,14
1790040600,2026-09-21 23:30,2026-09-22 01:30,4352.87,4353.26,4351.28,4351.81,14
1790040780,2026-09-21 23:33,2026-09-22 01:33,4351.55,4352.43,4351.36,4351.77,15
1790040960,2026-09-21 23:36,2026-09-22 01:36,4351.75,4352.43,4351.49,4352.06,14
1790041140,2026-09-21 23:39,2026-09-22 01:39,4352.09,4353.01,4351.58,4353.0,14
1790041320,2026-09-21 23:42,2026-09-22 01:42,4352.93,4353.16,4352.33,4353.13,14
1790041500,2026-09-21 23:45,2026-09-22 01:45,4353.0,4358.21,4352.91,4357.81,14
1790041680,2026-09-21 23:48,2026-09-22 01:48,4357.76,4360.47,4357.27,4360.41,14
1790041860,2026-09-21 23:51,2026-09-22 01:51,4360.39,4362.5,4360.39,4361.51,14
1790042040,2026-09-21 23:54,2026-09-22 01:54,4361.53,4365.06,4361.43,4362.92,14
1790042220,2026-09-21 23:57,2026-09-22 01:57,4362.93,4364.88,4360.92,4361.25,14
1790042400,2026-09-22 00:00,2026-09-22 02:00,4361.44,4364.21,4360.35,4363.59,14
1790042580,2026-09-22 00:03,2026-09-22 02:03,4363.63,4366.07,4363.63,4363.78,14
1790042760,2026-09-22 00:06,2026-09-22 02:06,4363.83,4364.26,4363.13,4363.64,14
1790042940,2026-09-22 00:09,2026-09-22 02:09,4363.75,4366.12,4363.21,4365.65,14
1790043120,2026-09-22 00:12,2026-09-22 02:12,4365.71,4365.9,4359.67,4359.84,14
1790043300,2026-09-22 00:15,2026-09-22 02:15,4360.08,4364.71,4359.76,4362.19,14
1790043480,2026-09-22 00:18,2026-09-22 02:18,4362.16,4363.73,4359.01,4360.35,14
1790043660,2026-09-22 00:21,2026-09-22 02:21,4360.36,4362.04,4359.19,4361.76,14
1790043840,2026-09-22 00:24,2026-09-22 02:24,4361.8,4362.49,4358.42,4359.94,14
1790044020,2026-09-22 00:27,2026-09-22 02:27,4359.94,4361.34,4358.5,4360.12,14
1790044200,2026-09-22 00:30,2026-09-22 02:30,4360.11,4361.99,4358.07,4359.55,14
1790044380,2026-09-22 00:33,2026-09-22 02:33,4359.61,4362.9,4358.84,4359.59,14
1790044560,2026-09-22 00:36,2026-09-22 02:36,4359.64,4365.57,4359.64,4363.14,14
1790044740,2026-09-22 00:39,2026-09-22 02:39,4363.08,4370.75,4362.18,4366.87,14
1790044920,2026-09-22 00:42,2026-09-22 02:42,4366.96,4368.53,4366.21,4368.53,14
1790045100,2026-09-22 00:45,2026-09-22 02:45,4368.63,4368.68,4366.57,4368.1,14
1790045280,2026-09-22 00:48,2026-09-22 02:48,4367.5,4370.75,4365.33,4365.62,14
1790045460,2026-09-22 00:51,2026-09-22 02:51,4365.78,4367.08,4363.66,4365.78,14
1790045640,2026-09-22 00:54,2026-09-22 02:54,4365.77,4368.79,4364.94,4366.84,14
1790045820,2026-09-22 00:57,2026-09-22 02:57,4367.16,4370.36,4366.48,4368.6,14
1790046000,2026-09-22 01:00,2026-09-22 03:00,4368.62,4376.0,4366.88,4374.46,14
1790046180,2026-09-22 01:03,2026-09-22 03:03,4374.56,4374.68,4370.76,4372.48,14
1790046360,2026-09-22 01:06,2026-09-22 03:06,4372.54,4373.27,4369.51,4372.66,14
1790046540,2026-09-22 01:09,2026-09-22 03:09,4372.64,4374.75,4370.44,4370.94,14
1790046720,2026-09-22 01:12,2026-09-22 03:12,4370.96,4372.87,4369.7,4369.98,14
1790046900,2026-09-22 01:15,2026-09-22 03:15,4369.97,4369.97,4362.3,4362.35,14
1790047080,2026-09-22 01:18,2026-09-22 03:18,4362.43,4362.45,4358.73,4360.71,14
1790047260,2026-09-22 01:21,2026-09-22 03:21,4360.56,4362.8,4358.61,4362.1,14
1790047440,2026-09-22 01:24,2026-09-22 03:24,4361.74,4361.74,4358.75,4359.69,14
1790047620,2026-09-22 01:27,2026-09-22 03:27,4359.75,4360.13,4357.74,4358.51,14
1790047800,2026-09-22 01:30,2026-09-22 03:30,4358.45,4359.32,4356.6,4358.25,14
1790047980,2026-09-22 01:33,2026-09-22 03:33,4358.24,4358.45,4353.82,4354.16,14
1790048160,2026-09-22 01:36,2026-09-22 03:36,4354.31,4357.26,4354.1,4354.62,14
1790048340,2026-09-22 01:39,2026-09-22 03:39,4354.58,4354.75,4348.55,4351.11,14
1790048520,2026-09-22 01:42,2026-09-22 03:42,4351.09,4355.84,4349.91,4355.66,14
1790048700,2026-09-22 01:45,2026-09-22 03:45,4355.63,4357.52,4353.21,4354.59,14
1790048880,2026-09-22 01:48,2026-09-22 03:48,4354.64,4358.24,4354.55,4358.02,14
1790049060,2026-09-22 01:51,2026-09-22 03:51,4358.03,4359.59,4356.95,4358.63,14
1790049240,2026-09-22 01:54,2026-09-22 03:54,4358.69,4359.19,4357.73,4358.8,14
1790049420,2026-09-22 01:57,2026-09-22 03:57,4358.93,4360.41,4357.42,4360.19,14
1790049600,2026-09-22 02:00,2026-09-22 04:00,4360.22,4361.06,4355.6,4359.19,14
1790049780,2026-09-22 02:03,2026-09-22 04:03,4359.46,4363.13,4357.88,4358.81,14
1790049960,2026-09-22 02:06,2026-09-22 04:06,4358.77,4365.33,4358.33,4363.21,14
1790050140,2026-09-22 02:09,2026-09-22 04:09,4363.44,4363.99,4354.65,4354.65,14
1790050320,2026-09-22 02:12,2026-09-22 04:12,4354.73,4358.22,4353.52,4353.85,14
1790050500,2026-09-22 02:15,2026-09-22 04:15,4353.72,4356.04,4350.35,4351.86,14
1790050680,2026-09-22 02:18,2026-09-22 04:18,4351.54,4354.96,4351.21,4353.87,14
1790050860,2026-09-22 02:21,2026-09-22 04:21,4353.74,4356.45,4349.82,4356.11,14
1790051040,2026-09-22 02:24,2026-09-22 04:24,4356.09,4359.11,4354.05,4354.36,14
1790051220,2026-09-22 02:27,2026-09-22 04:27,4354.39,4357.25,4354.25,4355.83,14
1790051400,2026-09-22 02:30,2026-09-22 04:30,4355.8,4356.5,4352.25,4352.41,14
1790051580,2026-09-22 02:33,2026-09-22 04:33,4352.39,4355.8,4351.8,4353.89,14
1790051760,2026-09-22 02:36,2026-09-22 04:36,4353.86,4356.43,4353.39,4354.15,14
1790051940,2026-09-22 02:39,2026-09-22 04:39,4354.02,4357.31,4353.67,4354.14,14
1790052120,2026-09-22 02:42,2026-09-22 04:42,4354.11,4355.57,4349.14,4349.51,14
1790052300,2026-09-22 02:45,2026-09-22 04:45,4349.29,4351.52,4346.91,4347.5,14
1790052480,2026-09-22 02:48,2026-09-22 04:48,4347.12,4348.04,4343.67,4344.51,14
1790052660,2026-09-22 02:51,2026-09-22 04:51,4344.48,4348.62,4344.03,4347.17,14
1790052840,2026-09-22 02:54,2026-09-22 04:54,4346.94,4349.66,4346.22,4348.82,14
1790053020,2026-09-22 02:57,2026-09-22 04:57,4348.81,4349.74,4347.3,4348.52,14
1790053200,2026-09-22 03:00,2026-09-22 05:00,4348.53,4351.83,4348.36,4349.98,14
1790053380,2026-09-22 03:03,2026-09-22 05:03,4349.95,4353.17,4347.55,4349.61,14
1790053560,2026-09-22 03:06,2026-09-22 05:06,4349.62,4350.27,4343.07,4344.56,14
1790053740,2026-09-22 03:09,2026-09-22 05:09,4344.54,4345.1,4341.79,4343.47,14
1790053920,2026-09-22 03:12,2026-09-22 05:12,4343.48,4343.9,4342.06,4342.72,14
1790054100,2026-09-22 03:15,2026-09-22 05:15,4342.78,4343.61,4340.02,4340.49,14
1790054280,2026-09-22 03:18,2026-09-22 05:18,4340.5,4345.95,4340.45,4345.95,14
1790054460,2026-09-22 03:21,2026-09-22 05:21,4345.96,4348.17,4344.49,4346.43,14
1790054640,2026-09-22 03:24,2026-09-22 05:24,4346.44,4349.13,4346.44,4348.21,14
1790054820,2026-09-22 03:27,2026-09-22 05:27,4348.19,4352.29,4348.0,4351.67,14
1790055000,2026-09-22 03:30,2026-09-22 05:30,4352.08,4353.72,4348.74,4353.61,14
1790055180,2026-09-22 03:33,2026-09-22 05:33,4353.76,4355.95,4352.18,4353.98,14
1790055360,2026-09-22 03:36,2026-09-22 05:36,4353.99,4355.52,4352.65,4353.22,14
1790055540,2026-09-22 03:39,2026-09-22 05:39,4353.32,4354.26,4349.25,4349.37,14
1790055720,2026-09-22 03:42,2026-09-22 05:42,4349.36,4349.74,4346.73,4347.17,14
1790055900,2026-09-22 03:45,2026-09-22 05:45,4347.15,4347.42,4342.87,4344.39,14
1790056080,2026-09-22 03:48,2026-09-22 05:48,4344.21,4347.01,4343.9,4346.95,14
1790056260,2026-09-22 03:51,2026-09-22 05:51,4346.97,4347.05,4342.62,4343.74,14
1790056440,2026-09-22 03:54,2026-09-22 05:54,4343.75,4345.21,4340.54,4343.95,14
1790056620,2026-09-22 03:57,2026-09-22 05:57,4343.91,4345.21,4343.2,4344.65,14
1790056800,2026-09-22 04:00,2026-09-22 06:00,4344.6,4346.07,4342.39,4345.44,14
1790056980,2026-09-22 04:03,2026-09-22 06:03,4345.35,4345.65,4341.66,4342.87,14
1790057160,2026-09-22 04:06,2026-09-22 06:06,4342.83,4343.49,4341.0,4341.78,15
1790057340,2026-09-22 04:09,2026-09-22 06:09,4341.7,4342.62,4339.68,4342.58,17
1790057520,2026-09-22 04:12,2026-09-22 06:12,4342.48,4345.73,4342.13,4345.41,17
1790057700,2026-09-22 04:15,2026-09-22 06:15,4345.39,4346.68,4344.94,4345.32,14
1790057880,2026-09-22 04:18,2026-09-22 06:18,4345.3,4345.95,4343.67,4345.13,14
1790058060,2026-09-22 04:21,2026-09-22 06:21,4345.1,4345.89,4341.61,4341.91,14
1790058240,2026-09-22 04:24,2026-09-22 06:24,4341.96,4344.47,4341.94,4344.47,14
1790058420,2026-09-22 04:27,2026-09-22 06:27,4344.21,4346.56,4344.21,4346.12,14
1790058600,2026-09-22 04:30,2026-09-22 06:30,4346.1,4347.87,4344.7,4347.08,14
1790058780,2026-09-22 04:33,2026-09-22 06:33,4347.4,4348.07,4346.51,4347.29,14
1790058960,2026-09-22 04:36,2026-09-22 06:36,4347.28,4347.83,4345.54,4345.86,14
1790059140,2026-09-22 04:39,2026-09-22 06:39,4345.93,4349.37,4344.7,4345.05,14
1790059320,2026-09-22 04:42,2026-09-22 06:42,4345.28,4346.42,4341.32,4343.11,14
1790059500,2026-09-22 04:45,2026-09-22 06:45,4343.13,4343.99,4341.08,4341.54,14
1790059680,2026-09-22 04:48,2026-09-22 06:48,4341.52,4343.91,4341.45,4342.98,14
1790059860,2026-09-22 04:51,2026-09-22 06:51,4342.95,4344.38,4342.11,4342.22,14
1790060040,2026-09-22 04:54,2026-09-22 06:54,4342.32,4342.44,4340.76,4341.87,14
1790060220,2026-09-22 04:57,2026-09-22 06:57,4342.2,4343.35,4341.04,4341.95,14
1790060400,2026-09-22 05:00,2026-09-22 07:00,4341.88,4342.14,4336.05,4336.49,14
1790060580,2026-09-22 05:03,2026-09-22 07:03,4336.62,4337.81,4335.06,4336.94,14
1790060760,2026-09-22 05:06,2026-09-22 07:06,4336.73,4338.27,4336.32,4337.82,14
1790060940,2026-09-22 05:09,2026-09-22 07:09,4337.86,4340.17,4336.2,4339.37,14
1790061120,2026-09-22 05:12,2026-09-22 07:12,4339.34,4340.08,4336.08,4338.38,14
1790061300,2026-09-22 05:15,2026-09-22 07:15,4338.34,4339.26,4336.54,4336.97,14
1790061480,2026-09-22 05:18,2026-09-22 07:18,4336.78,4337.56,4336.18,4336.75,14
1790061660,2026-09-22 05:21,2026-09-22 07:21,4336.73,4339.75,4336.4,4338.11,14
1790061840,2026-09-22 05:24,2026-09-22 07:24,4338.24,4339.43,4336.24,4337.36,14
1790062020,2026-09-22 05:27,2026-09-22 07:27,4337.31,4338.17,4336.56,4337.86,14
1790062200,2026-09-22 05:30,2026-09-22 07:30,4337.85,4337.87,4336.9,4337.38,14
1790062380,2026-09-22 05:33,2026-09-22 07:33,4337.25,4338.84,4336.36,4338.55,14
1790062560,2026-09-22 05:36,2026-09-22 07:36,4338.53,4341.2,4338.48,4340.83,14
1790062740,2026-09-22 05:39,2026-09-22 07:39,4340.81,4341.31,4338.41,4340.0,14
1790062920,2026-09-22 05:42,2026-09-22 07:42,4340.02,4340.84,4339.27,4340.15,14
1790063100,2026-09-22 05:45,2026-09-22 07:45,4340.14,4340.81,4339.3,4339.45,14
1790063280,2026-09-22 05:48,2026-09-22 07:48,4339.46,4340.41,4338.67,4339.78,14
1790063460,2026-09-22 05:51,2026-09-22 07:51,4339.79,4342.69,4339.49,4342.35,14
1790063640,2026-09-22 05:54,2026-09-22 07:54,4342.33,4343.42,4340.71,4342.61,14
1790063820,2026-09-22 05:57,2026-09-22 07:57,4342.74,4343.37,4341.98,4343.05,14
1790064000,2026-09-22 06:00,2026-09-22 08:00,4343.05,4343.37,4340.49,4343.25,14
1790064180,2026-09-22 06:03,2026-09-22 08:03,4343.26,4344.06,4341.01,4341.7,14
1790064360,2026-09-22 06:06,2026-09-22 08:06,4341.68,4346.72,4341.31,4346.51,14
1790064540,2026-09-22 06:09,2026-09-22 08:09,4346.25,4347.49,4345.28,4346.11,14
1790064720,2026-09-22 06:12,2026-09-22 08:12,4346.09,4347.07,4345.79,4346.49,14
1790064900,2026-09-22 06:15,2026-09-22 08:15,4346.44,4346.83,4344.32,4345.2,14
1790065080,2026-09-22 06:18,2026-09-22 08:18,4345.19,4345.19,4337.67,4338.06,14
1790065260,2026-09-22 06:21,2026-09-22 08:21,4337.9,4338.28,4330.74,4333.29,14
1790065440,2026-09-22 06:24,2026-09-22 08:24,4333.37,4333.73,4323.08,4329.58,14
1790065620,2026-09-22 06:27,2026-09-22 08:27,4329.25,4333.68,4329.07,4332.02,14
1790065800,2026-09-22 06:30,2026-09-22 08:30,4331.96,4333.29,4323.69,4328.42,14
1790065980,2026-09-22 06:33,2026-09-22 08:33,4328.54,4332.43,4318.83,4319.46,14
1790066160,2026-09-22 06:36,2026-09-22 08:36,4319.48,4322.85,4316.39,4319.65,14
1790066340,2026-09-22 06:39,2026-09-22 08:39,4319.74,4325.02,4319.1,4324.19,14
1790066520,2026-09-22 06:42,2026-09-22 08:42,4324.25,4326.96,4320.4,4320.73,14
1790066700,2026-09-22 06:45,2026-09-22 08:45,4320.96,4328.67,4319.79,4328.06,14
1790066880,2026-09-22 06:48,2026-09-22 08:48,4328.07,4331.75,4327.22,4330.34,14
1790067060,2026-09-22 06:51,2026-09-22 08:51,4330.38,4333.36,4328.97,4329.41,14
1790067240,2026-09-22 06:54,2026-09-22 08:54,4329.46,4329.91,4324.23,4325.53,14
1790067420,2026-09-22 06:57,2026-09-22 08:57,4325.52,4325.89,4323.06,4323.92,14
1790067600,2026-09-22 07:00,2026-09-22 09:00,4323.9,4324.6,4319.63,4322.5,14
1790067780,2026-09-22 07:03,2026-09-22 09:03,4322.23,4323.53,4316.88,4319.17,14
1790067960,2026-09-22 07:06,2026-09-22 09:06,4319.2,4320.18,4315.22,4317.5,14
1790068140,2026-09-22 07:09,2026-09-22 09:09,4317.51,4320.92,4315.78,4315.84,14
1790068320,2026-09-22 07:12,2026-09-22 09:12,4315.91,4320.56,4315.3,4319.72,14
1790068500,2026-09-22 07:15,2026-09-22 09:15,4319.71,4321.14,4318.89,4319.66,14
1790068680,2026-09-22 07:18,2026-09-22 09:18,4319.65,4320.46,4316.14,4317.29,14
1790068860,2026-09-22 07:21,2026-09-22 09:21,4317.64,4320.02,4315.83,4319.55,14
1790069040,2026-09-22 07:24,2026-09-22 09:24,4319.81,4321.0,4317.02,4319.25,14
1790069220,2026-09-22 07:27,2026-09-22 09:27,4319.37,4320.05,4317.5,4318.16,14
1790069400,2026-09-22 07:30,2026-09-22 09:30,4318.15,4320.96,4317.4,4319.84,14
1790069580,2026-09-22 07:33,2026-09-22 09:33,4319.72,4320.17,4317.26,4319.0,14
1790069760,2026-09-22 07:36,2026-09-22 09:36,4319.12,4319.87,4317.58,4319.51,14
1790069940,2026-09-22 07:39,2026-09-22 09:39,4319.42,4320.52,4315.51,4320.15,14
1790070120,2026-09-22 07:42,2026-09-22 09:42,4320.21,4321.02,4318.24,4320.43,14
1790070300,2026-09-22 07:45,2026-09-22 09:45,4320.41,4321.86,4317.41,4318.95,14
1790070480,2026-09-22 07:48,2026-09-22 09:48,4319.0,4321.81,4319.0,4320.4,14
1790070660,2026-09-22 07:51,2026-09-22 09:51,4320.14,4321.4,4318.55,4318.7,14
1790070840,2026-09-22 07:54,2026-09-22 09:54,4318.65,4319.1,4315.17,4317.93,14
1790071020,2026-09-22 07:57,2026-09-22 09:57,4317.94,4319.53,4317.23,4318.37,14
1790071200,2026-09-22 08:00,2026-09-22 10:00,4318.37,4321.14,4317.62,4319.88,14
1790071380,2026-09-22 08:03,2026-09-22 10:03,4319.8,4321.28,4317.82,4318.46,14
1790071560,2026-09-22 08:06,2026-09-22 10:06,4318.52,4319.07,4314.97,4318.53,14
1790071740,2026-09-22 08:09,2026-09-22 10:09,4318.51,4322.19,4317.91,4321.05,14
1790071920,2026-09-22 08:12,2026-09-22 10:12,4321.13,4323.1,4318.64,4320.35,14
1790072100,2026-09-22 08:15,2026-09-22 10:15,4320.25,4323.72,4320.12,4323.17,14
1790072280,2026-09-22 08:18,2026-09-22 10:18,4323.07,4324.44,4322.14,4323.01,14
1790072460,2026-09-22 08:21,2026-09-22 10:21,4323.03,4324.05,4321.28,4321.28,14
1790072640,2026-09-22 08:24,2026-09-22 10:24,4321.3,4323.09,4319.59,4320.78,14
1790072820,2026-09-22 08:27,2026-09-22 10:27,4320.77,4321.08,4315.13,4315.51,14
1790073000,2026-09-22 08:30,2026-09-22 10:30,4315.5,4315.84,4308.83,4309.68,14
1790073180,2026-09-22 08:33,2026-09-22 10:33,4309.62,4313.84,4309.5,4312.23,14
1790073360,2026-09-22 08:36,2026-09-22 10:36,4312.21,4314.4,4311.74,4312.76,14
1790073540,2026-09-22 08:39,2026-09-22 10:39,4313.02,4313.59,4311.56,4311.58,14
1790073720,2026-09-22 08:42,2026-09-22 10:42,4311.52,4311.94,4309.03,4310.8,14
1790073900,2026-09-22 08:45,2026-09-22 10:45,4310.79,4316.08,4310.73,4314.02,14
1790074080,2026-09-22 08:48,2026-09-22 10:48,4313.88,4314.11,4307.42,4308.04,14
1790074260,2026-09-22 08:51,2026-09-22 10:51,4307.8,4307.8,4301.79,4301.79,14
1790074440,2026-09-22 08:54,2026-09-22 10:54,4301.46,4304.25,4300.54,4301.12,14
1790074620,2026-09-22 08:57,2026-09-22 10:57,4301.2,4303.4,4299.65,4301.39,14
1790074800,2026-09-22 09:00,2026-09-22 11:00,4301.25,4304.62,4299.31,4303.8,14
1790074980,2026-09-22 09:03,2026-09-22 11:03,4303.47,4307.24,4301.6,4306.85,14
1790075160,2026-09-22 09:06,2026-09-22 11:06,4306.84,4312.08,4304.98,4309.57,14
1790075340,2026-09-22 09:09,2026-09-22 11:09,4309.66,4311.46,4308.69,4309.67,14
1790075520,2026-09-22 09:12,2026-09-22 11:12,4309.8,4310.91,4303.44,4303.79,14
1790075700,2026-09-22 09:15,2026-09-22 11:15,4303.81,4304.28,4300.64,4302.49,14
1790075880,2026-09-22 09:18,2026-09-22 11:18,4302.52,4304.93,4302.01,4303.32,14
1790076060,2026-09-22 09:21,2026-09-22 11:21,4303.34,4305.36,4300.77,4302.78,14
1790076240,2026-09-22 09:24,2026-09-22 11:24,4302.48,4307.14,4300.78,4303.57,14
1790076420,2026-09-22 09:27,2026-09-22 11:27,4303.44,4304.08,4298.24,4301.39,14
1790076600,2026-09-22 09:30,2026-09-22 11:30,4301.55,4301.57,4293.72,4296.43,14
1790076780,2026-09-22 09:33,2026-09-22 11:33,4296.54,4300.89,4291.65,4300.71,14
1790076960,2026-09-22 09:36,2026-09-22 11:36,4300.7,4308.64,4300.44,4306.09,14
1790077140,2026-09-22 09:39,2026-09-22 11:39,4306.1,4318.55,4306.08,4317.35,14
1790077320,2026-09-22 09:42,2026-09-22 11:42,4317.22,4321.71,4316.76,4320.08,14
1790077500,2026-09-22 09:45,2026-09-22 11:45,4320.27,4320.51,4315.76,4319.09,14
1790077680,2026-09-22 09:48,2026-09-22 11:48,4319.2,4327.31,4318.65,4327.29,14
1790077860,2026-09-22 09:51,2026-09-22 11:51,4327.26,4333.88,4326.73,4332.26,14
1790078040,2026-09-22 09:54,2026-09-22 11:54,4332.11,4335.46,4330.2,4333.55,14
1790078220,2026-09-22 09:57,2026-09-22 11:57,4333.54,4334.16,4326.74,4330.18,14
1790078400,2026-09-22 10:00,2026-09-22 12:00,4330.15,4331.01,4323.33,4323.72,14
1790078580,2026-09-22 10:03,2026-09-22 12:03,4323.73,4324.37,4317.99,4318.67,14
1790078760,2026-09-22 10:06,2026-09-22 12:06,4318.68,4323.12,4317.79,4319.31,14
1790078940,2026-09-22 10:09,2026-09-22 12:09,4319.19,4322.8,4317.39,4321.37,14
1790079120,2026-09-22 10:12,2026-09-22 12:12,4321.22,4321.22,4316.72,4318.56,14
1790079300,2026-09-22 10:15,2026-09-22 12:15,4318.56,4324.22,4317.93,4320.69,14
1790079480,2026-09-22 10:18,2026-09-22 12:18,4321.1,4321.35,4316.22,4317.21,14
1790079660,2026-09-22 10:21,2026-09-22 12:21,4317.23,4320.02,4317.05,4318.38,14
1790079840,2026-09-22 10:24,2026-09-22 12:24,4318.12,4319.62,4315.27,4316.23,14
1790080020,2026-09-22 10:27,2026-09-22 12:27,4316.39,4317.0,4314.4,4314.9,14
1790080200,2026-09-22 10:30,2026-09-22 12:30,4314.88,4318.08,4312.97,4315.43,14
1790080380,2026-09-22 10:33,2026-09-22 12:33,4315.48,4316.05,4312.64,4313.48,14
1790080560,2026-09-22 10:36,2026-09-22 12:36,4313.42,4316.22,4311.85,4315.91,14
1790080740,2026-09-22 10:39,2026-09-22 12:39,4316.15,4318.61,4315.18,4317.13,14
1790080920,2026-09-22 10:42,2026-09-22 12:42,4317.16,4320.48,4315.64,4320.06,14
1790081100,2026-09-22 10:45,2026-09-22 12:45,4320.04,4323.0,4318.64,4322.22,14
1790081280,2026-09-22 10:48,2026-09-22 12:48,4322.2,4323.77,4320.2,4323.21,14
1790081460,2026-09-22 10:51,2026-09-22 12:51,4323.39,4333.82,4322.33,4332.76,14
1790081640,2026-09-22 10:54,2026-09-22 12:54,4332.67,4335.56,4324.43,4333.13,14
1790081820,2026-09-22 10:57,2026-09-22 12:57,4333.02,4337.7,4326.98,4336.28,14
1790082000,2026-09-22 11:00,2026-09-22 13:00,4336.29,4338.1,4331.75,4334.29,14
1790082180,2026-09-22 11:03,2026-09-22 13:03,4334.35,4337.79,4333.66,4334.51,14
1790082360,2026-09-22 11:06,2026-09-22 13:06,4334.66,4337.25,4333.55,4335.54,14
1790082540,2026-09-22 11:09,2026-09-22 13:09,4335.74,4335.78,4332.55,4332.63,14
1790082720,2026-09-22 11:12,2026-09-22 13:12,4332.59,4333.87,4328.85,4330.92,14
1790082900,2026-09-22 11:15,2026-09-22 13:15,4330.98,4332.39,4330.48,4331.33,14
1790083080,2026-09-22 11:18,2026-09-22 13:18,4331.41,4331.53,4328.52,4329.94,14
1790083260,2026-09-22 11:21,2026-09-22 13:21,4329.96,4331.1,4328.5,4329.83,14
1790083440,2026-09-22 11:24,2026-09-22 13:24,4329.8,4331.2,4328.39,4330.64,14
1790083620,2026-09-22 11:27,2026-09-22 13:27,4330.77,4330.97,4329.18,4329.5,14
1790083800,2026-09-22 11:30,2026-09-22 13:30,4329.52,4331.49,4328.45,4330.32,14
1790083980,2026-09-22 11:33,2026-09-22 13:33,4330.37,4330.5,4327.79,4328.04,14
1790084160,2026-09-22 11:36,2026-09-22 13:36,4328.03,4332.54,4327.89,4331.12,14
1790084340,2026-09-22 11:39,2026-09-22 13:39,4330.97,4333.01,4329.41,4332.82,14
1790084520,2026-09-22 11:42,2026-09-22 13:42,4332.65,4334.04,4330.59,4330.8,14
1790084700,2026-09-22 11:45,2026-09-22 13:45,4330.94,4331.21,4326.72,4327.86,14
1790084880,2026-09-22 11:48,2026-09-22 13:48,4328.0,4328.79,4326.02,4328.54,14
1790085060,2026-09-22 11:51,2026-09-22 13:51,4328.62,4329.87,4327.18,4328.86,14
1790085240,2026-09-22 11:54,2026-09-22 13:54,4328.8,4328.8,4325.19,4325.97,14
1790085420,2026-09-22 11:57,2026-09-22 13:57,4326.08,4326.12,4321.84,4321.95,14
1790085600,2026-09-22 12:00,2026-09-22 14:00,4321.79,4323.28,4319.56,4320.29,14
1790085780,2026-09-22 12:03,2026-09-22 14:03,4320.27,4320.53,4317.72,4318.0,14
1790085960,2026-09-22 12:06,2026-09-22 14:06,4318.03,4319.68,4314.46,4315.22,14
1790086140,2026-09-22 12:09,2026-09-22 14:09,4315.18,4317.66,4308.83,4313.14,14
1790086320,2026-09-22 12:12,2026-09-22 14:12,4313.17,4316.27,4311.1,4315.23,14
1790086500,2026-09-22 12:15,2026-09-22 14:15,4315.14,4318.64,4314.5,4316.59,14
1790086680,2026-09-22 12:18,2026-09-22 14:18,4316.83,4317.36,4312.02,4313.32,14
1790086860,2026-09-22 12:21,2026-09-22 14:21,4313.3,4316.67,4313.2,4315.27,14
1790087040,2026-09-22 12:24,2026-09-22 14:24,4315.22,4318.82,4315.0,4317.16,14
1790087220,2026-09-22 12:27,2026-09-22 14:27,4317.13,4317.91,4315.84,4317.76,14
1790087400,2026-09-22 12:30,2026-09-22 14:30,4317.72,4319.86,4316.65,4318.5,14
1790087580,2026-09-22 12:33,2026-09-22 14:33,4318.44,4318.44,4313.58,4315.84,14
1790087760,2026-09-22 12:36,2026-09-22 14:36,4315.86,4316.72,4313.81,4316.72,14
1790087940,2026-09-22 12:39,2026-09-22 14:39,4316.75,4320.1,4316.03,4319.83,14
1790088120,2026-09-22 12:42,2026-09-22 14:42,4319.79,4320.26,4316.56,4317.85,14
1790088300,2026-09-22 12:45,2026-09-22 14:45,4317.88,4321.9,4316.91,4319.25,14
1790088480,2026-09-22 12:48,2026-09-22 14:48,4319.23,4321.1,4318.81,4320.15,14
1790088660,2026-09-22 12:51,2026-09-22 14:51,4320.12,4320.8,4318.23,4319.29,14
1790088840,2026-09-22 12:54,2026-09-22 14:54,4319.25,4322.55,4317.53,4322.03,14
1790089020,2026-09-22 12:57,2026-09-22 14:57,4322.13,4323.45,4320.73,4322.48,14
1790089200,2026-09-22 13:00,2026-09-22 15:00,4322.65,4324.95,4321.99,4324.64,14
1790089380,2026-09-22 13:03,2026-09-22 15:03,4324.66,4326.82,4324.54,4324.81,14
1790089560,2026-09-22 13:06,2026-09-22 15:06,4324.79,4325.66,4322.97,4323.55,14
1790089740,2026-09-22 13:09,2026-09-22 15:09,4323.52,4324.36,4320.62,4323.12,14
1790089920,2026-09-22 13:12,2026-09-22 15:12,4323.16,4324.28,4321.93,4323.99,14
1790090100,2026-09-22 13:15,2026-09-22 15:15,4324.07,4326.3,4322.54,4323.98,14
1790090280,2026-09-22 13:18,2026-09-22 15:18,4323.97,4335.13,4323.88,4334.6,14
1790090460,2026-09-22 13:21,2026-09-22 15:21,4334.63,4340.68,4332.92,4340.38,14
1790090640,2026-09-22 13:24,2026-09-22 15:24,4340.26,4342.5,4332.71,4333.2,14
1790090820,2026-09-22 13:27,2026-09-22 15:27,4333.16,4337.01,4331.9,4337.01,14
1790091000,2026-09-22 13:30,2026-09-22 15:30,4336.83,4344.16,4335.22,4338.74,14
1790091180,2026-09-22 13:33,2026-09-22 15:33,4338.81,4341.9,4338.37,4340.77,14
1790091360,2026-09-22 13:36,2026-09-22 15:36,4340.91,4342.3,4337.27,4338.9,14
1790091540,2026-09-22 13:39,2026-09-22 15:39,4338.94,4340.85,4336.97,4340.37,14
1790091720,2026-09-22 13:42,2026-09-22 15:42,4340.35,4340.99,4332.33,4332.44,14
1790091900,2026-09-22 13:45,2026-09-22 15:45,4332.39,4334.6,4330.77,4333.5,14
1790092080,2026-09-22 13:48,2026-09-22 15:48,4333.63,4335.75,4332.15,4334.44,14
1790092260,2026-09-22 13:51,2026-09-22 15:51,4334.31,4334.31,4330.51,4332.45,14
1790092440,2026-09-22 13:54,2026-09-22 15:54,4332.81,4336.89,4332.34,4333.81,14
1790092620,2026-09-22 13:57,2026-09-22 15:57,4333.8,4336.93,4333.01,4333.74,14
1790092800,2026-09-22 14:00,2026-09-22 16:00,4333.89,4337.87,4330.34,4337.07,14
1790092980,2026-09-22 14:03,2026-09-22 16:03,4337.09,4337.41,4333.3,4334.31,14
1790093160,2026-09-22 14:06,2026-09-22 16:06,4334.4,4340.06,4331.02,4338.82,14
1790093340,2026-09-22 14:09,2026-09-22 16:09,4338.87,4341.99,4337.31,4338.92,14
1790093520,2026-09-22 14:12,2026-09-22 16:12,4338.96,4341.68,4337.85,4340.41,14
1790093700,2026-09-22 14:15,2026-09-22 16:15,4340.29,4342.61,4336.97,4337.67,14
1790093880,2026-09-22 14:18,2026-09-22 16:18,4338.2,4339.32,4336.85,4338.25,14
1790094060,2026-09-22 14:21,2026-09-22 16:21,4338.28,4339.08,4331.43,4331.51,14
1790094240,2026-09-22 14:24,2026-09-22 16:24,4331.5,4334.72,4331.05,4333.65,14
1790094420,2026-09-22 14:27,2026-09-22 16:27,4333.56,4333.7,4329.98,4330.93,14
1790094600,2026-09-22 14:30,2026-09-22 16:30,4330.94,4333.5,4330.05,4332.97,14
1790094780,2026-09-22 14:33,2026-09-22 16:33,4332.95,4336.06,4331.0,4335.11,14
1790094960,2026-09-22 14:36,2026-09-22 16:36,4335.09,4336.84,4330.85,4334.57,14
1790095140,2026-09-22 14:39,2026-09-22 16:39,4334.54,4335.89,4327.6,4329.11,14
1790095320,2026-09-22 14:42,2026-09-22 16:42,4329.13,4342.75,4327.83,4341.14,14
1790095500,2026-09-22 14:45,2026-09-22 16:45,4341.1,4343.82,4335.3,4336.0,14
1790095680,2026-09-22 14:48,2026-09-22 16:48,4335.97,4341.56,4335.3,4339.31,14
1790095860,2026-09-22 14:51,2026-09-22 16:51,4339.47,4340.96,4336.19,4336.84,14
1790096040,2026-09-22 14:54,2026-09-22 16:54,4336.83,4336.83,4329.74,4332.19,14
1790096220,2026-09-22 14:57,2026-09-22 16:57,4332.31,4337.95,4331.77,4333.46,14
1790096400,2026-09-22 15:00,2026-09-22 17:00,4333.35,4335.12,4329.65,4330.91,14
1790096580,2026-09-22 15:03,2026-09-22 17:03,4330.97,4335.03,4327.5,4329.23,14
1790096760,2026-09-22 15:06,2026-09-22 17:06,4329.12,4331.79,4328.01,4330.16,14
1790096940,2026-09-22 15:09,2026-09-22 17:09,4330.23,4332.04,4328.56,4331.25,14
1790097120,2026-09-22 15:12,2026-09-22 17:12,4331.26,4337.72,4328.63,4334.0,14
1790097300,2026-09-22 15:15,2026-09-22 17:15,4334.05,4334.53,4328.34,4330.32,14
1790097480,2026-09-22 15:18,2026-09-22 17:18,4330.31,4330.84,4325.63,4329.46,14
1790097660,2026-09-22 15:21,2026-09-22 17:21,4329.47,4332.87,4327.96,4331.79,14
1790097840,2026-09-22 15:24,2026-09-22 17:24,4331.89,4332.91,4328.38,4329.03,14
1790098020,2026-09-22 15:27,2026-09-22 17:27,4328.99,4330.37,4325.66,4328.33,14
1790098200,2026-09-22 15:30,2026-09-22 17:30,4328.57,4329.96,4326.94,4327.37,14
1790098380,2026-09-22 15:33,2026-09-22 17:33,4327.28,4327.83,4321.96,4322.42,14
1790098560,2026-09-22 15:36,2026-09-22 17:36,4322.56,4328.87,4321.43,4326.34,14
1790098740,2026-09-22 15:39,2026-09-22 17:39,4326.46,4333.66,4317.74,4318.36,14
1790098920,2026-09-22 15:42,2026-09-22 17:42,4318.36,4321.1,4314.92,4320.39,14
1790099100,2026-09-22 15:45,2026-09-22 17:45,4320.32,4324.08,4317.69,4321.99,14
1790099280,2026-09-22 15:48,2026-09-22 17:48,4322.01,4323.11,4320.02,4321.48,14
1790099460,2026-09-22 15:51,2026-09-22 17:51,4321.22,4323.12,4320.14,4323.09,14
1790099640,2026-09-22 15:54,2026-09-22 17:54,4323.02,4326.83,4323.02,4325.46,14
1790099820,2026-09-22 15:57,2026-09-22 17:57,4325.45,4328.49,4324.57,4328.07,14
1790100000,2026-09-22 16:00,2026-09-22 18:00,4327.83,4329.59,4325.42,4328.72,14
1790100180,2026-09-22 16:03,2026-09-22 18:03,4328.8,4332.07,4328.69,4330.34,14
1790100360,2026-09-22 16:06,2026-09-22 18:06,4330.51,4337.87,4330.42,4336.86,14
1790100540,2026-09-22 16:09,2026-09-22 18:09,4336.88,4340.3,4335.68,4336.36,14
1790100720,2026-09-22 16:12,2026-09-22 18:12,4336.28,4337.99,4335.09,4335.9,14
1790100900,2026-09-22 16:15,2026-09-22 18:15,4336.11,4340.5,4336.11,4339.01,14
1790101080,2026-09-22 16:18,2026-09-22 18:18,4339.03,4340.17,4334.7,4335.24,14
1790101260,2026-09-22 16:21,2026-09-22 18:21,4335.19,4339.07,4334.74,4336.74,14
1790101440,2026-09-22 16:24,2026-09-22 18:24,4336.69,4337.92,4333.91,4334.18,14
1790101620,2026-09-22 16:27,2026-09-22 18:27,4334.15,4335.85,4332.13,4332.36,14
1790101800,2026-09-22 16:30,2026-09-22 18:30,4332.35,4333.25,4327.98,4328.47,14
1790101980,2026-09-22 16:33,2026-09-22 18:33,4328.36,4331.25,4327.9,4330.25,14
1790102160,2026-09-22 16:36,2026-09-22 18:36,4330.18,4330.79,4327.51,4328.89,14
1790102340,2026-09-22 16:39,2026-09-22 18:39,4328.88,4329.88,4328.24,4329.37,14
1790102520,2026-09-22 16:42,2026-09-22 18:42,4329.35,4330.03,4327.48,4327.84,14
1790102700,2026-09-22 16:45,2026-09-22 18:45,4327.74,4328.13,4325.5,4327.35,14
1790102880,2026-09-22 16:48,2026-09-22 18:48,4327.36,4328.32,4326.12,4327.91,14
1790103060,2026-09-22 16:51,2026-09-22 18:51,4327.96,4328.74,4327.01,4328.25,14
1790103240,2026-09-22 16:54,2026-09-22 18:54,4328.14,4329.78,4327.9,4328.98,14
1790103420,2026-09-22 16:57,2026-09-22 18:57,4328.97,4332.0,4328.95,4330.95,14
1790103600,2026-09-22 17:00,2026-09-22 19:00,4330.94,4332.37,4327.4,4327.4,14
1790103780,2026-09-22 17:03,2026-09-22 19:03,4327.39,4327.63,4324.86,4326.76,14
1790103960,2026-09-22 17:06,2026-09-22 19:06,4326.77,4327.04,4325.51,4325.9,14
1790104140,2026-09-22 17:09,2026-09-22 19:09,4325.93,4326.58,4323.3,4324.34,14
1790104320,2026-09-22 17:12,2026-09-22 19:12,4324.36,4324.92,4322.55,4323.84,14
1790104500,2026-09-22 17:15,2026-09-22 19:15,4323.83,4324.84,4323.12,4324.84,14
1790104680,2026-09-22 17:18,2026-09-22 19:18,4324.87,4326.83,4323.4,4326.62,14
1790104860,2026-09-22 17:21,2026-09-22 19:21,4326.63,4326.89,4324.85,4325.32,14
1790105040,2026-09-22 17:24,2026-09-22 19:24,4325.38,4327.6,4324.92,4325.74,14
1790105220,2026-09-22 17:27,2026-09-22 19:27,4325.84,4326.95,4325.63,4326.93,14
1790105400,2026-09-22 17:30,2026-09-22 19:30,4326.91,4328.63,4326.21,4327.02,14
1790105580,2026-09-22 17:33,2026-09-22 19:33,4327.04,4328.91,4325.98,4328.06,14
1790105760,2026-09-22 17:36,2026-09-22 19:36,4328.03,4328.8,4327.22,4328.05,14
1790105940,2026-09-22 17:39,2026-09-22 19:39,4328.06,4329.81,4327.76,4329.48,14
1790106120,2026-09-22 17:42,2026-09-22 19:42,4329.49,4332.43,4329.49,4332.11,14
1790106300,2026-09-22 17:45,2026-09-22 19:45,4332.16,4333.1,4331.12,4331.69,14
1790106480,2026-09-22 17:48,2026-09-22 19:48,4331.7,4340.94,4331.68,4339.55,14
1790106660,2026-09-22 17:51,2026-09-22 19:51,4339.51,4341.83,4336.7,4337.96,14
1790106840,2026-09-22 17:54,2026-09-22 19:54,4337.83,4339.32,4334.77,4335.84,14
1790107020,2026-09-22 17:57,2026-09-22 19:57,4336.19,4337.15,4334.9,4336.15,14
1790107200,2026-09-22 18:00,2026-09-22 20:00,4336.21,4337.29,4334.66,4336.81,14
1790107380,2026-09-22 18:03,2026-09-22 20:03,4336.72,4338.83,4336.72,4338.68,14
1790107560,2026-09-22 18:06,2026-09-22 20:06,4338.75,4340.92,4337.85,4338.23,14
1790107740,2026-09-22 18:09,2026-09-22 20:09,4338.24,4339.39,4336.99,4339.04,14
1790107920,2026-09-22 18:12,2026-09-22 20:12,4339.06,4340.1,4337.22,4338.01,14
1790108100,2026-09-22 18:15,2026-09-22 20:15,4338.03,4340.47,4337.09,4338.33,14
1790108280,2026-09-22 18:18,2026-09-22 20:18,4338.31,4339.78,4336.91,4339.78,14
1790108460,2026-09-22 18:21,2026-09-22 20:21,4339.81,4339.98,4336.51,4336.74,14
1790108640,2026-09-22 18:24,2026-09-22 20:24,4336.75,4337.86,4335.63,4337.17,14
1790108820,2026-09-22 18:27,2026-09-22 20:27,4337.2,4339.54,4336.82,4339.27,14
1790109000,2026-09-22 18:30,2026-09-22 20:30,4339.28,4340.16,4336.52,4336.91,14
1790109180,2026-09-22 18:33,2026-09-22 20:33,4336.94,4337.4,4334.83,4336.76,14
1790109360,2026-09-22 18:36,2026-09-22 20:36,4336.82,4337.98,4336.16,4337.6,14
1790109540,2026-09-22 18:39,2026-09-22 20:39,4337.58,4337.58,4335.67,4336.23,14
1790109720,2026-09-22 18:42,2026-09-22 20:42,4336.25,4338.98,4336.25,4338.55,14
1790109900,2026-09-22 18:45,2026-09-22 20:45,4338.57,4340.69,4338.35,4340.42,14
1790110080,2026-09-22 18:48,2026-09-22 20:48,4340.44,4340.68,4339.21,4339.8,14
1790110260,2026-09-22 18:51,2026-09-22 20:51,4339.84,4348.9,4339.7,4346.13,14
1790110440,2026-09-22 18:54,2026-09-22 20:54,4346.15,4352.81,4346.0,4348.84,14
1790110620,2026-09-22 18:57,2026-09-22 20:57,4348.94,4352.48,4348.56,4350.9,14
1790110800,2026-09-22 19:00,2026-09-22 21:00,4350.86,4351.3,4347.45,4348.39,14
1790110980,2026-09-22 19:03,2026-09-22 21:03,4348.48,4355.9,4348.32,4354.76,14
1790111160,2026-09-22 19:06,2026-09-22 21:06,4354.83,4360.03,4354.23,4358.77,14
1790111340,2026-09-22 19:09,2026-09-22 21:09,4359.02,4359.05,4355.18,4357.21,14
1790111520,2026-09-22 19:12,2026-09-22 21:12,4356.95,4360.23,4356.78,4358.33,14
1790111700,2026-09-22 19:15,2026-09-22 21:15,4358.33,4360.51,4357.91,4359.39,14
1790111880,2026-09-22 19:18,2026-09-22 21:18,4359.36,4360.16,4357.09,4359.99,14
1790112060,2026-09-22 19:21,2026-09-22 21:21,4359.96,4359.99,4355.29,4355.34,14
1790112240,2026-09-22 19:24,2026-09-22 21:24,4355.37,4357.39,4354.07,4356.7,14
1790112420,2026-09-22 19:27,2026-09-22 21:27,4356.71,4357.32,4354.84,4356.51,14
1790112600,2026-09-22 19:30,2026-09-22 21:30,4356.78,4357.14,4354.11,4355.14,14
1790112780,2026-09-22 19:33,2026-09-22 21:33,4355.15,4355.32,4351.7,4352.57,14
1790112960,2026-09-22 19:36,2026-09-22 21:36,4352.55,4353.75,4350.77,4351.28,14
1790113140,2026-09-22 19:39,2026-09-22 21:39,4351.26,4352.43,4348.87,4350.27,14
1790113320,2026-09-22 19:42,2026-09-22 21:42,4350.26,4351.64,4349.53,4350.19,14
1790113500,2026-09-22 19:45,2026-09-22 21:45,4350.24,4354.15,4350.24,4353.39,14
1790113680,2026-09-22 19:48,2026-09-22 21:48,4353.41,4353.66,4351.75,4352.9,14
1790113860,2026-09-22 19:51,2026-09-22 21:51,4352.92,4354.45,4352.16,4353.61,14
1790114040,2026-09-22 19:54,2026-09-22 21:54,4353.55,4354.01,4351.01,4351.07,14
1790114220,2026-09-22 19:57,2026-09-22 21:57,4351.12,4353.57,4350.98,4353.35,14
1790114400,2026-09-22 20:00,2026-09-22 22:00,4353.44,4355.7,4353.26,4354.32,14
1790114580,2026-09-22 20:03,2026-09-22 22:03,4354.2,4354.91,4353.62,4354.51,14
1790114760,2026-09-22 20:06,2026-09-22 22:06,4354.44,4357.59,4354.43,4357.39,14
1790114940,2026-09-22 20:09,2026-09-22 22:09,4357.37,4358.66,4356.8,4358.4,14
1790115120,2026-09-22 20:12,2026-09-22 22:12,4358.67,4359.13,4357.37,4358.2,14
1790115300,2026-09-22 20:15,2026-09-22 22:15,4358.23,4359.12,4356.6,4357.38,14
1790115480,2026-09-22 20:18,2026-09-22 22:18,4357.35,4358.41,4356.88,4357.66,14
1790115660,2026-09-22 20:21,2026-09-22 22:21,4357.63,4358.21,4356.36,4357.78,14
1790115840,2026-09-22 20:24,2026-09-22 22:24,4357.79,4361.46,4357.25,4358.73,14
1790116020,2026-09-22 20:27,2026-09-22 22:27,4358.66,4360.27,4357.38,4360.0,14
1790116200,2026-09-22 20:30,2026-09-22 22:30,4359.99,4366.64,4359.92,4366.36,14
1790116380,2026-09-22 20:33,2026-09-22 22:33,4365.95,4370.45,4365.37,4369.67,14
1790116560,2026-09-22 20:36,2026-09-22 22:36,4369.65,4371.11,4366.17,4368.39,14
1790116740,2026-09-22 20:39,2026-09-22 22:39,4368.54,4371.1,4367.14,4368.45,14
1790116920,2026-09-22 20:42,2026-09-22 22:42,4368.48,4369.34,4366.79,4369.11,14
1790117100,2026-09-22 20:45,2026-09-22 22:45,4369.12,4370.48,4368.16,4369.79,14
1790117280,2026-09-22 20:48,2026-09-22 22:48,4369.99,4370.16,4367.23,4367.71,14
1790117460,2026-09-22 20:51,2026-09-22 22:51,4367.7,4369.28,4367.45,4368.1,14
1790117640,2026-09-22 20:54,2026-09-22 22:54,4368.15,4368.24,4365.45,4365.51,14
1790117820,2026-09-22 20:57,2026-09-22 22:57,4365.52,4366.8,4363.56,4364.22,14
1790118000,2026-09-22 21:00,2026-09-22 23:00,4364.12,4364.74,4362.37,4362.79,14
1790118180,2026-09-22 21:03,2026-09-22 23:03,4362.8,4363.62,4361.08,4362.11,17
1790118360,2026-09-22 21:06,2026-09-22 23:06,4362.06,4363.19,4360.74,4362.9,17
1790118540,2026-09-22 21:09,2026-09-22 23:09,4362.78,4362.91,4360.89,4361.15,17
1790118720,2026-09-22 21:12,2026-09-22 23:12,4361.28,4361.28,4358.37,4359.3,17
1790118900,2026-09-22 21:15,2026-09-22 23:15,4359.29,4360.61,4359.05,4359.96,17
1790119080,2026-09-22 21:18,2026-09-22 23:18,4359.94,4359.99,4358.82,4359.73,17
1790119260,2026-09-22 21:21,2026-09-22 23:21,4359.77,4359.83,4358.32,4359.73,17
1790119440,2026-09-22 21:24,2026-09-22 23:24,4359.77,4360.75,4359.31,4359.73,17
1790119620,2026-09-22 21:27,2026-09-22 23:27,4359.77,4360.19,4358.85,4359.6,17
1790119800,2026-09-22 21:30,2026-09-22 23:30,4359.54,4360.08,4358.84,4359.82,17
1790119980,2026-09-22 21:33,2026-09-22 23:33,4359.8,4359.87,4357.95,4358.3,17
1790120160,2026-09-22 21:36,2026-09-22 23:36,4358.29,4359.1,4357.39,4358.25,17
1790120340,2026-09-22 21:39,2026-09-22 23:39,4358.19,4359.27,4357.67,4358.58,17
1790120520,2026-09-22 21:42,2026-09-22 23:42,4358.59,4359.28,4358.24,4358.43,17
1790120700,2026-09-22 21:45,2026-09-22 23:45,4358.4,4358.63,4357.98,4358.1,17
1790120880,2026-09-22 21:48,2026-09-22 23:48,4358.23,4359.58,4357.54,4359.5,17
1790121060,2026-09-22 21:51,2026-09-22 23:51,4359.4,4359.97,4358.14,4359.43,17
1790121240,2026-09-22 21:54,2026-09-22 23:54,4359.26,4359.58,4358.01,4358.59,17
1790121420,2026-09-22 21:57,2026-09-22 23:57,4358.71,4359.02,4357.9,4358.54,17
1790125200,2026-09-22 23:00,2026-09-23 01:00,4359.14,4363.62,4357.84,4361.76,17
1790125380,2026-09-22 23:03,2026-09-23 01:03,4361.74,4364.21,4361.47,4364.17,17
1790125560,2026-09-22 23:06,2026-09-23 01:06,4364.11,4364.76,4361.51,4362.01,17
1790125740,2026-09-22 23:09,2026-09-23 01:09,4361.98,4363.03,4361.23,4362.18,17
1790125920,2026-09-22 23:12,2026-09-23 01:12,4362.2,4364.48,4362.13,4364.39,17
1790126100,2026-09-22 23:15,2026-09-23 01:15,4364.19,4364.36,4362.73,4363.15,14
1790126280,2026-09-22 23:18,2026-09-23 01:18,4363.16,4364.15,4362.44,4363.0,14
1790126460,2026-09-22 23:21,2026-09-23 01:21,4362.93,4363.37,4362.28,4362.67,14
1790126640,2026-09-22 23:24,2026-09-23 01:24,4362.62,4364.04,4362.21,4363.58,14
1790126820,2026-09-22 23:27,2026-09-23 01:27,4363.61,4365.26,4362.82,4364.44,14
1790127000,2026-09-22 23:30,2026-09-23 01:30,4364.48,4364.48,4362.99,4363.75,14
1790127180,2026-09-22 23:33,2026-09-23 01:33,4363.83,4365.44,4363.59,4364.51,14
1790127360,2026-09-22 23:36,2026-09-23 01:36,4364.38,4364.44,4363.35,4364.19,14
1790127540,2026-09-22 23:39,2026-09-23 01:39,4364.31,4364.81,4363.82,4363.99,14
1790127720,2026-09-22 23:42,2026-09-23 01:42,4364.01,4365.25,4363.03,4363.3,14
1790127900,2026-09-22 23:45,2026-09-23 01:45,4363.43,4363.43,4362.52,4363.31,14
1790128080,2026-09-22 23:48,2026-09-23 01:48,4363.15,4363.19,4360.69,4360.82,14
1790128260,2026-09-22 23:51,2026-09-23 01:51,4360.92,4363.24,4360.91,4362.98,14
1790128440,2026-09-22 23:54,2026-09-23 01:54,4362.99,4363.21,4361.65,4362.26,14
1790128620,2026-09-22 23:57,2026-09-23 01:57,4362.29,4362.65,4361.56,4362.38,14
1790128800,2026-09-23 00:00,2026-09-23 02:00,4362.39,4364.41,4362.12,4362.88,14
1790128980,2026-09-23 00:03,2026-09-23 02:03,4362.87,4363.82,4362.64,4362.86,14
1790129160,2026-09-23 00:06,2026-09-23 02:06,4362.92,4363.37,4362.09,4362.9,14
1790129340,2026-09-23 00:09,2026-09-23 02:09,4362.92,4363.57,4362.04,4362.22,14
1790129520,2026-09-23 00:12,2026-09-23 02:12,4362.35,4362.41,4360.71,4361.62,14
1790129700,2026-09-23 00:15,2026-09-23 02:15,4361.63,4363.16,4360.49,4363.1,14
1790129880,2026-09-23 00:18,2026-09-23 02:18,4363.11,4365.65,4362.77,4363.19,14
1790130060,2026-09-23 00:21,2026-09-23 02:21,4363.22,4365.07,4363.22,4364.34,14
1790130240,2026-09-23 00:24,2026-09-23 02:24,4364.36,4364.57,4362.44,4362.67,14
1790130420,2026-09-23 00:27,2026-09-23 02:27,4362.74,4363.92,4362.19,4363.88,14
1790130600,2026-09-23 00:30,2026-09-23 02:30,4363.78,4364.8,4363.26,4363.77,14
1790130780,2026-09-23 00:33,2026-09-23 02:33,4363.78,4364.05,4362.95,4363.28,14
1790130960,2026-09-23 00:36,2026-09-23 02:36,4363.3,4364.63,4360.88,4364.02,14
1790131140,2026-09-23 00:39,2026-09-23 02:39,4363.89,4364.73,4362.7,4364.46,14
1790131320,2026-09-23 00:42,2026-09-23 02:42,4364.45,4364.65,4363.08,4363.95,14
1790131500,2026-09-23 00:45,2026-09-23 02:45,4363.97,4364.08,4360.85,4361.55,14
1790131680,2026-09-23 00:48,2026-09-23 02:48,4361.53,4361.62,4358.6,4358.8,14
1790131860,2026-09-23 00:51,2026-09-23 02:51,4359.18,4361.64,4358.89,4360.98,14
1790132040,2026-09-23 00:54,2026-09-23 02:54,4361.0,4365.73,4360.94,4362.79,14
1790132220,2026-09-23 00:57,2026-09-23 02:57,4362.83,4365.49,4362.83,4363.89,14
1790132400,2026-09-23 01:00,2026-09-23 03:00,4363.48,4369.4,4362.57,4369.1,14
1790132580,2026-09-23 01:03,2026-09-23 03:03,4369.32,4369.47,4364.15,4364.81,14
1790132760,2026-09-23 01:06,2026-09-23 03:06,4364.75,4365.64,4361.7,4362.36,14
1790132940,2026-09-23 01:09,2026-09-23 03:09,4362.33,4365.42,4362.04,4364.52,14
1790133120,2026-09-23 01:12,2026-09-23 03:12,4364.51,4366.48,4364.47,4365.74,14
1790133300,2026-09-23 01:15,2026-09-23 03:15,4365.66,4366.28,4363.81,4363.83,14
1790133480,2026-09-23 01:18,2026-09-23 03:18,4363.71,4364.89,4361.5,4362.22,14
1790133660,2026-09-23 01:21,2026-09-23 03:21,4362.21,4363.95,4359.84,4360.47,14
1790133840,2026-09-23 01:24,2026-09-23 03:24,4360.48,4362.2,4359.84,4359.84,14
1790134020,2026-09-23 01:27,2026-09-23 03:27,4359.75,4360.66,4358.8,4359.01,14
1790134200,2026-09-23 01:30,2026-09-23 03:30,4358.94,4361.93,4358.29,4359.68,14
1790134380,2026-09-23 01:33,2026-09-23 03:33,4359.78,4361.23,4358.25,4358.69,14
1790134560,2026-09-23 01:36,2026-09-23 03:36,4358.77,4359.81,4355.02,4356.39,14
1790134740,2026-09-23 01:39,2026-09-23 03:39,4356.62,4359.02,4356.21,4357.08,14
1790134920,2026-09-23 01:42,2026-09-23 03:42,4357.02,4359.96,4356.16,4359.11,14
1790135100,2026-09-23 01:45,2026-09-23 03:45,4359.17,4360.95,4358.45,4358.83,14
1790135280,2026-09-23 01:48,2026-09-23 03:48,4358.82,4359.27,4356.93,4357.74,14
1790135460,2026-09-23 01:51,2026-09-23 03:51,4357.77,4359.07,4357.59,4358.39,14
1790135640,2026-09-23 01:54,2026-09-23 03:54,4358.4,4358.4,4357.01,4357.86,14
1790135820,2026-09-23 01:57,2026-09-23 03:57,4357.88,4358.7,4356.23,4357.77,14
1790136000,2026-09-23 02:00,2026-09-23 04:00,4357.75,4359.38,4352.78,4353.61,14
1790136180,2026-09-23 02:03,2026-09-23 04:03,4353.84,4353.92,4350.26,4352.5,14
1790136360,2026-09-23 02:06,2026-09-23 04:06,4352.53,4353.28,4350.31,4351.28,14
1790136540,2026-09-23 02:09,2026-09-23 04:09,4351.3,4351.77,4346.31,4347.42,14
1790136720,2026-09-23 02:12,2026-09-23 04:12,4347.51,4349.86,4347.03,4349.78,14
1790136900,2026-09-23 02:15,2026-09-23 04:15,4349.72,4349.72,4346.19,4346.99,14
1790137080,2026-09-23 02:18,2026-09-23 04:18,4347.02,4349.11,4345.6,4348.88,14
1790137260,2026-09-23 02:21,2026-09-23 04:21,4349.01,4349.29,4346.65,4347.46,14
1790137440,2026-09-23 02:24,2026-09-23 04:24,4347.57,4348.35,4343.82,4343.82,14
1790137620,2026-09-23 02:27,2026-09-23 04:27,4343.87,4345.02,4342.64,4343.89,14
1790137800,2026-09-23 02:30,2026-09-23 04:30,4343.88,4343.99,4341.68,4343.66,14
1790137980,2026-09-23 02:33,2026-09-23 04:33,4343.86,4344.62,4342.98,4344.36,14
1790138160,2026-09-23 02:36,2026-09-23 04:36,4344.11,4346.42,4343.91,4344.95,14
1790138340,2026-09-23 02:39,2026-09-23 04:39,4344.93,4346.26,4342.16,4342.45,14
1790138520,2026-09-23 02:42,2026-09-23 04:42,4342.87,4345.58,4342.25,4344.96,14
1790138700,2026-09-23 02:45,2026-09-23 04:45,4344.93,4346.9,4343.75,4345.14,14
1790138880,2026-09-23 02:48,2026-09-23 04:48,4345.09,4346.56,4344.16,4345.66,14
1790139060,2026-09-23 02:51,2026-09-23 04:51,4345.61,4346.61,4342.69,4343.17,14
1790139240,2026-09-23 02:54,2026-09-23 04:54,4343.16,4343.16,4339.21,4339.66,14
1790139420,2026-09-23 02:57,2026-09-23 04:57,4339.64,4341.86,4339.09,4341.69,14
1790139600,2026-09-23 03:00,2026-09-23 05:00,4341.65,4341.65,4338.91,4340.22,14
1790139780,2026-09-23 03:03,2026-09-23 05:03,4340.2,4340.2,4338.32,4339.46,14
1790139960,2026-09-23 03:06,2026-09-23 05:06,4339.33,4339.71,4337.78,4338.01,14
1790140140,2026-09-23 03:09,2026-09-23 05:09,4338.14,4339.56,4337.57,4338.82,14
1790140320,2026-09-23 03:12,2026-09-23 05:12,4338.81,4339.18,4337.46,4337.56,14
1790140500,2026-09-23 03:15,2026-09-23 05:15,4337.53,4337.66,4335.26,4336.49,14
1790140680,2026-09-23 03:18,2026-09-23 05:18,4336.16,4336.6,4334.19,4335.12,14
1790140860,2026-09-23 03:21,2026-09-23 05:21,4335.14,4337.68,4334.62,4337.48,14
1790141040,2026-09-23 03:24,2026-09-23 05:24,4337.45,4339.04,4337.32,4338.46,14
1790141220,2026-09-23 03:27,2026-09-23 05:27,4338.48,4339.73,4337.91,4338.51,14
1790141400,2026-09-23 03:30,2026-09-23 05:30,4338.79,4338.79,4336.54,4337.63,14
1790141580,2026-09-23 03:33,2026-09-23 05:33,4337.79,4338.62,4336.72,4338.62,14
1790141760,2026-09-23 03:36,2026-09-23 05:36,4338.53,4338.77,4334.39,4335.66,14
1790141940,2026-09-23 03:39,2026-09-23 05:39,4335.66,4336.4,4333.44,4335.27,14
1790142120,2026-09-23 03:42,2026-09-23 05:42,4335.32,4337.6,4335.04,4337.03,14
1790142300,2026-09-23 03:45,2026-09-23 05:45,4337.05,4338.22,4335.84,4336.04,14
1790142480,2026-09-23 03:48,2026-09-23 05:48,4336.0,4337.56,4334.65,4335.75,14
1790142660,2026-09-23 03:51,2026-09-23 05:51,4335.76,4337.15,4334.86,4336.33,14
1790142840,2026-09-23 03:54,2026-09-23 05:54,4336.46,4336.6,4333.42,4333.61,14
1790143020,2026-09-23 03:57,2026-09-23 05:57,4333.62,4335.32,4333.52,4334.07,14
1790143200,2026-09-23 04:00,2026-09-23 06:00,4334.15,4334.62,4333.25,4333.97,14
1790143380,2026-09-23 04:03,2026-09-23 06:03,4333.96,4335.79,4333.58,4335.37,14
1790143560,2026-09-23 04:06,2026-09-23 06:06,4335.29,4335.76,4334.37,4335.37,14
1790143740,2026-09-23 04:09,2026-09-23 06:09,4335.4,4337.89,4335.4,4337.56,14
1790143920,2026-09-23 04:12,2026-09-23 06:12,4337.47,4339.89,4337.12,4339.05,14
1790144100,2026-09-23 04:15,2026-09-23 06:15,4339.08,4339.24,4337.32,4337.63,14
1790144280,2026-09-23 04:18,2026-09-23 06:18,4337.58,4337.66,4335.79,4336.59,14
1790144460,2026-09-23 04:21,2026-09-23 06:21,4336.58,4339.31,4336.47,4339.31,14
1790144640,2026-09-23 04:24,2026-09-23 06:24,4339.3,4340.3,4338.78,4339.13,14
1790144820,2026-09-23 04:27,2026-09-23 06:27,4339.12,4339.31,4337.83,4337.96,14
1790145000,2026-09-23 04:30,2026-09-23 06:30,4338.05,4340.07,4337.25,4339.29,14
1790145180,2026-09-23 04:33,2026-09-23 06:33,4339.28,4340.76,4338.93,4339.9,14
1790145360,2026-09-23 04:36,2026-09-23 06:36,4340.16,4340.3,4339.07,4339.39,14
1790145540,2026-09-23 04:39,2026-09-23 06:39,4339.41,4341.75,4338.85,4341.68,14
1790145720,2026-09-23 04:42,2026-09-23 06:42,4341.66,4341.76,4340.55,4341.53,14
1790145900,2026-09-23 04:45,2026-09-23 06:45,4341.71,4342.41,4341.34,4341.88,14
1790146080,2026-09-23 04:48,2026-09-23 06:48,4341.8,4342.96,4341.64,4342.43,14
1790146260,2026-09-23 04:51,2026-09-23 06:51,4342.63,4344.64,4342.37,4344.26,14
1790146440,2026-09-23 04:54,2026-09-23 06:54,4344.26,4345.78,4343.82,4344.71,14
1790146620,2026-09-23 04:57,2026-09-23 06:57,4344.74,4345.01,4342.48,4342.48,14
1790146800,2026-09-23 05:00,2026-09-23 07:00,4342.52,4344.39,4342.3,4343.45,14
1790146980,2026-09-23 05:03,2026-09-23 07:03,4343.44,4345.21,4343.19,4344.86,14
1790147160,2026-09-23 05:06,2026-09-23 07:06,4344.9,4345.88,4344.7,4345.41,14
1790147340,2026-09-23 05:09,2026-09-23 07:09,4345.42,4345.69,4344.13,4345.16,14
1790147520,2026-09-23 05:12,2026-09-23 07:12,4345.24,4346.85,4345.24,4345.97,14
1790147700,2026-09-23 05:15,2026-09-23 07:15,4345.71,4346.59,4344.79,4345.76,14
1790147880,2026-09-23 05:18,2026-09-23 07:18,4345.77,4347.39,4345.65,4346.67,14
1790148060,2026-09-23 05:21,2026-09-23 07:21,4346.66,4347.34,4344.84,4345.03,14
1790148240,2026-09-23 05:24,2026-09-23 07:24,4344.77,4345.85,4344.58,4345.14,14
1790148420,2026-09-23 05:27,2026-09-23 07:27,4345.16,4345.89,4344.8,4345.77,14
1790148600,2026-09-23 05:30,2026-09-23 07:30,4345.76,4346.21,4344.93,4345.54,14
1790148780,2026-09-23 05:33,2026-09-23 07:33,4345.51,4347.03,4344.25,4345.94,14
1790148960,2026-09-23 05:36,2026-09-23 07:36,4346.06,4346.46,4344.9,4344.9,14
1790149140,2026-09-23 05:39,2026-09-23 07:39,4344.91,4345.24,4343.7,4343.99,14
1790149320,2026-09-23 05:42,2026-09-23 07:42,4343.97,4345.64,4343.53,4344.29,14
1790149500,2026-09-23 05:45,2026-09-23 07:45,4344.14,4345.76,4344.11,4345.61,14
1790149680,2026-09-23 05:48,2026-09-23 07:48,4345.52,4346.91,4345.07,4346.19,14
1790149860,2026-09-23 05:51,2026-09-23 07:51,4346.17,4346.27,4343.35,4343.64,14
1790150040,2026-09-23 05:54,2026-09-23 07:54,4343.67,4345.52,4343.48,4344.72,14
1790150220,2026-09-23 05:57,2026-09-23 07:57,4344.78,4345.14,4343.96,4344.39,14
1790150400,2026-09-23 06:00,2026-09-23 08:00,4344.35,4344.35,4342.48,4342.98,14
1790150580,2026-09-23 06:03,2026-09-23 08:03,4343.0,4345.94,4342.5,4345.75,14
1790150760,2026-09-23 06:06,2026-09-23 08:06,4345.76,4345.76,4343.87,4344.33,14
1790150940,2026-09-23 06:09,2026-09-23 08:09,4344.07,4344.5,4342.52,4343.01,14
1790151120,2026-09-23 06:12,2026-09-23 08:12,4342.88,4343.28,4341.82,4342.53,14
1790151300,2026-09-23 06:15,2026-09-23 08:15,4342.51,4343.6,4341.85,4343.2,14
1790151480,2026-09-23 06:18,2026-09-23 08:18,4343.35,4343.43,4341.39,4342.3,14
1790151660,2026-09-23 06:21,2026-09-23 08:21,4342.32,4342.96,4341.61,4342.81,14
1790151840,2026-09-23 06:24,2026-09-23 08:24,4342.78,4343.66,4341.47,4342.4,14
1790152020,2026-09-23 06:27,2026-09-23 08:27,4342.42,4342.72,4340.45,4341.05,14
1790152200,2026-09-23 06:30,2026-09-23 08:30,4341.14,4342.44,4337.76,4338.65,14
1790152380,2026-09-23 06:33,2026-09-23 08:33,4338.69,4339.13,4336.9,4337.44,14
1790152560,2026-09-23 06:36,2026-09-23 08:36,4337.46,4337.72,4334.53,4335.38,14
1790152740,2026-09-23 06:39,2026-09-23 08:39,4335.37,4336.65,4334.45,4336.28,14
1790152920,2026-09-23 06:42,2026-09-23 08:42,4336.26,4336.31,4329.11,4329.56,14
1790153100,2026-09-23 06:45,2026-09-23 08:45,4329.59,4331.99,4329.59,4330.94,14
1790153280,2026-09-23 06:48,2026-09-23 08:48,4331.03,4331.25,4327.94,4330.67,14
1790153460,2026-09-23 06:51,2026-09-23 08:51,4330.65,4332.31,4330.28,4332.15,14
1790153640,2026-09-23 06:54,2026-09-23 08:54,4332.16,4335.21,4332.16,4334.97,14
1790153820,2026-09-23 06:57,2026-09-23 08:57,4335.07,4335.41,4333.51,4334.43,14
1790154000,2026-09-23 07:00,2026-09-23 09:00,4334.22,4336.88,4334.03,4336.09,14
1790154180,2026-09-23 07:03,2026-09-23 09:03,4336.12,4336.66,4333.86,4334.87,14
1790154360,2026-09-23 07:06,2026-09-23 09:06,4334.81,4335.4,4332.32,4332.65,14
1790154540,2026-09-23 07:09,2026-09-23 09:09,4332.75,4332.92,4329.96,4330.65,14
1790154720,2026-09-23 07:12,2026-09-23 09:12,4330.66,4331.15,4329.34,4330.8,14
1790154900,2026-09-23 07:15,2026-09-23 09:15,4330.78,4330.85,4327.28,4328.61,14
1790155080,2026-09-23 07:18,2026-09-23 09:18,4328.46,4330.13,4328.21,4329.52,14
1790155260,2026-09-23 07:21,2026-09-23 09:21,4329.5,4330.28,4325.93,4328.19,14
1790155440,2026-09-23 07:24,2026-09-23 09:24,4328.2,4331.39,4328.19,4330.19,14
1790155620,2026-09-23 07:27,2026-09-23 09:27,4330.2,4330.36,4328.62,4328.99,14
1790155800,2026-09-23 07:30,2026-09-23 09:30,4329.03,4332.04,4328.53,4331.82,14
1790155980,2026-09-23 07:33,2026-09-23 09:33,4331.84,4333.31,4330.64,4331.84,14
1790156160,2026-09-23 07:36,2026-09-23 09:36,4331.83,4333.47,4331.66,4333.06,14
1790156340,2026-09-23 07:39,2026-09-23 09:39,4332.94,4334.91,4332.93,4333.87,14
1790156520,2026-09-23 07:42,2026-09-23 09:42,4333.86,4334.5,4332.82,4333.94,14
1790156700,2026-09-23 07:45,2026-09-23 09:45,4333.86,4334.99,4330.86,4334.86,14
1790156880,2026-09-23 07:48,2026-09-23 09:48,4334.66,4337.16,4334.33,4334.91,14
1790157060,2026-09-23 07:51,2026-09-23 09:51,4334.99,4336.4,4332.71,4333.35,14
1790157240,2026-09-23 07:54,2026-09-23 09:54,4333.38,4333.53,4331.83,4332.37,14
1790157420,2026-09-23 07:57,2026-09-23 09:57,4332.28,4332.5,4330.28,4331.25,14
1790157600,2026-09-23 08:00,2026-09-23 10:00,4331.26,4332.9,4329.64,4330.56,14
1790157780,2026-09-23 08:03,2026-09-23 10:03,4330.6,4333.11,4329.5,4329.92,14
1790157960,2026-09-23 08:06,2026-09-23 10:06,4329.77,4331.3,4328.29,4328.68,14
1790158140,2026-09-23 08:09,2026-09-23 10:09,4328.72,4328.88,4326.51,4327.62,14
1790158320,2026-09-23 08:12,2026-09-23 10:12,4327.61,4327.61,4324.56,4324.97,14
1790158500,2026-09-23 08:15,2026-09-23 10:15,4325.6,4328.75,4325.6,4327.31,14
1790158680,2026-09-23 08:18,2026-09-23 10:18,4327.57,4327.7,4325.33,4326.91,14
1790158860,2026-09-23 08:21,2026-09-23 10:21,4326.9,4327.29,4325.23,4326.05,14
1790159040,2026-09-23 08:24,2026-09-23 10:24,4326.17,4326.63,4323.06,4323.18,14
1790159220,2026-09-23 08:27,2026-09-23 10:27,4323.17,4325.57,4322.09,4323.8,14
1790159400,2026-09-23 08:30,2026-09-23 10:30,4324.17,4325.07,4321.26,4322.26,14
1790159580,2026-09-23 08:33,2026-09-23 10:33,4322.28,4322.59,4319.58,4319.87,14
1790159760,2026-09-23 08:36,2026-09-23 10:36,4319.84,4323.42,4319.59,4322.94,14
1790159940,2026-09-23 08:39,2026-09-23 10:39,4323.06,4323.65,4320.78,4321.71,14
1790160120,2026-09-23 08:42,2026-09-23 10:42,4321.79,4323.53,4321.35,4322.49,14
1790160300,2026-09-23 08:45,2026-09-23 10:45,4322.38,4323.35,4321.26,4321.71,14
1790160480,2026-09-23 08:48,2026-09-23 10:48,4321.46,4323.68,4320.64,4323.51,14
1790160660,2026-09-23 08:51,2026-09-23 10:51,4323.4,4325.0,4322.43,4322.9,14
1790160840,2026-09-23 08:54,2026-09-23 10:54,4322.92,4325.3,4321.46,4324.55,14
1790161020,2026-09-23 08:57,2026-09-23 10:57,4324.84,4324.85,4318.88,4319.73,14
1790161200,2026-09-23 09:00,2026-09-23 11:00,4319.72,4321.47,4318.38,4320.47,14
1790161380,2026-09-23 09:03,2026-09-23 11:03,4320.42,4320.9,4318.56,4319.2,14
1790161560,2026-09-23 09:06,2026-09-23 11:06,4319.35,4321.24,4318.3,4319.8,14
1790161740,2026-09-23 09:09,2026-09-23 11:09,4319.66,4319.66,4317.15,4317.69,14
1790161920,2026-09-23 09:12,2026-09-23 11:12,4317.58,4320.02,4317.35,4319.87,14
1790162100,2026-09-23 09:15,2026-09-23 11:15,4319.96,4320.63,4317.26,4318.16,14
1790162280,2026-09-23 09:18,2026-09-23 11:18,4318.42,4320.08,4317.35,4319.3,14
1790162460,2026-09-23 09:21,2026-09-23 11:21,4319.2,4321.67,4319.12,4320.64,14
1790162640,2026-09-23 09:24,2026-09-23 11:24,4320.65,4322.62,4318.69,4319.58,14
1790162820,2026-09-23 09:27,2026-09-23 11:27,4319.59,4320.45,4318.96,4319.15,14
1790163000,2026-09-23 09:30,2026-09-23 11:30,4319.08,4320.21,4316.65,4317.21,14
1790163180,2026-09-23 09:33,2026-09-23 11:33,4317.13,4319.28,4316.42,4318.52,14
1790163360,2026-09-23 09:36,2026-09-23 11:36,4318.54,4320.16,4316.28,4316.91,14
1790163540,2026-09-23 09:39,2026-09-23 11:39,4317.17,4318.52,4316.4,4318.16,14
1790163720,2026-09-23 09:42,2026-09-23 11:42,4318.0,4318.07,4315.81,4316.66,14
1790163900,2026-09-23 09:45,2026-09-23 11:45,4316.45,4317.92,4315.34,4316.5,14
1790164080,2026-09-23 09:48,2026-09-23 11:48,4316.52,4319.2,4316.45,4318.21,14
1790164260,2026-09-23 09:51,2026-09-23 11:51,4318.12,4318.39,4316.45,4317.5,14
1790164440,2026-09-23 09:54,2026-09-23 11:54,4317.49,4318.19,4316.68,4317.11,14
1790164620,2026-09-23 09:57,2026-09-23 11:57,4317.1,4319.52,4316.96,4318.11,14
1790164800,2026-09-23 10:00,2026-09-23 12:00,4318.2,4320.32,4317.77,4320.08,14
1790164980,2026-09-23 10:03,2026-09-23 12:03,4319.69,4320.37,4317.31,4317.93,14
1790165160,2026-09-23 10:06,2026-09-23 12:06,4317.94,4319.07,4317.37,4319.0,14
1790165340,2026-09-23 10:09,2026-09-23 12:09,4318.98,4319.97,4318.54,4318.99,14
1790165520,2026-09-23 10:12,2026-09-23 12:12,4319.05,4320.6,4318.67,4319.9,14
1790165700,2026-09-23 10:15,2026-09-23 12:15,4319.79,4320.21,4317.7,4318.03,14
1790165880,2026-09-23 10:18,2026-09-23 12:18,4317.97,4318.39,4315.43,4317.54,14
1790166060,2026-09-23 10:21,2026-09-23 12:21,4317.58,4319.38,4316.11,4319.23,14
1790166240,2026-09-23 10:24,2026-09-23 12:24,4319.22,4320.02,4318.79,4319.77,14
1790166420,2026-09-23 10:27,2026-09-23 12:27,4319.73,4320.01,4315.83,4316.88,14
1790166600,2026-09-23 10:30,2026-09-23 12:30,4316.89,4319.09,4315.75,4316.7,14
1790166780,2026-09-23 10:33,2026-09-23 12:33,4316.6,4316.6,4313.47,4314.67,14
1790166960,2026-09-23 10:36,2026-09-23 12:36,4314.71,4315.52,4314.08,4315.46,14
1790167140,2026-09-23 10:39,2026-09-23 12:39,4315.47,4315.55,4314.13,4314.5,14
1790167320,2026-09-23 10:42,2026-09-23 12:42,4314.51,4316.74,4314.48,4316.4,14
1790167500,2026-09-23 10:45,2026-09-23 12:45,4316.28,4316.49,4311.53,4312.29,14
1790167680,2026-09-23 10:48,2026-09-23 12:48,4312.34,4312.59,4308.37,4311.13,14
1790167860,2026-09-23 10:51,2026-09-23 12:51,4311.14,4313.1,4310.73,4312.18,14
1790168040,2026-09-23 10:54,2026-09-23 12:54,4312.17,4314.31,4312.07,4313.8,14
1790168220,2026-09-23 10:57,2026-09-23 12:57,4313.79,4314.68,4313.35,4314.09,14
1790168400,2026-09-23 11:00,2026-09-23 13:00,4314.11,4316.73,4313.67,4316.65,14
1790168580,2026-09-23 11:03,2026-09-23 13:03,4316.61,4319.02,4316.09,4317.19,14
1790168760,2026-09-23 11:06,2026-09-23 13:06,4317.2,4317.41,4315.84,4316.42,14
1790168940,2026-09-23 11:09,2026-09-23 13:09,4316.41,4317.53,4314.97,4315.96,14
1790169120,2026-09-23 11:12,2026-09-23 13:12,4315.83,4317.01,4314.99,4316.42,14
1790169300,2026-09-23 11:15,2026-09-23 13:15,4316.44,4316.76,4315.11,4316.18,14
1790169480,2026-09-23 11:18,2026-09-23 13:18,4316.26,4316.86,4315.54,4316.41,14
1790169660,2026-09-23 11:21,2026-09-23 13:21,4316.42,4316.74,4314.66,4315.13,14
1790169840,2026-09-23 11:24,2026-09-23 13:24,4315.04,4315.97,4314.33,4315.72,14
1790170020,2026-09-23 11:27,2026-09-23 13:27,4315.94,4317.88,4315.74,4317.6,14
1790170200,2026-09-23 11:30,2026-09-23 13:30,4317.63,4319.21,4316.41,4317.76,14
1790170380,2026-09-23 11:33,2026-09-23 13:33,4317.74,4318.58,4314.84,4314.98,14
1790170560,2026-09-23 11:36,2026-09-23 13:36,4315.03,4316.86,4314.99,4315.46,14
1790170740,2026-09-23 11:39,2026-09-23 13:39,4315.48,4316.85,4314.64,4315.81,14
1790170920,2026-09-23 11:42,2026-09-23 13:42,4315.88,4316.38,4314.49,4315.68,14
1790171100,2026-09-23 11:45,2026-09-23 13:45,4315.67,4315.81,4312.85,4313.22,14
1790171280,2026-09-23 11:48,2026-09-23 13:48,4313.3,4314.13,4312.34,4313.67,14
1790171460,2026-09-23 11:51,2026-09-23 13:51,4313.63,4315.01,4313.61,4314.55,14
1790171640,2026-09-23 11:54,2026-09-23 13:54,4314.53,4316.38,4314.5,4315.13,14
1790171820,2026-09-23 11:57,2026-09-23 13:57,4315.1,4315.81,4314.02,4315.49,14
1790172000,2026-09-23 12:00,2026-09-23 14:00,4315.36,4316.92,4314.73,4315.33,14
1790172180,2026-09-23 12:03,2026-09-23 14:03,4315.43,4315.43,4312.67,4314.08,14
1790172360,2026-09-23 12:06,2026-09-23 14:06,4313.95,4316.04,4313.74,4314.65,14
1790172540,2026-09-23 12:09,2026-09-23 14:09,4314.64,4317.14,4314.45,4316.4,14
1790172720,2026-09-23 12:12,2026-09-23 14:12,4316.47,4316.75,4314.21,4315.19,14
1790172900,2026-09-23 12:15,2026-09-23 14:15,4315.18,4315.88,4313.67,4313.81,14
1790173080,2026-09-23 12:18,2026-09-23 14:18,4313.92,4314.46,4310.29,4310.39,14
1790173260,2026-09-23 12:21,2026-09-23 14:21,4310.38,4310.9,4304.74,4306.54,14
1790173440,2026-09-23 12:24,2026-09-23 14:24,4306.57,4309.1,4303.92,4304.09,14
1790173620,2026-09-23 12:27,2026-09-23 14:27,4304.07,4307.93,4303.82,4306.47,14
1790173800,2026-09-23 12:30,2026-09-23 14:30,4306.59,4307.23,4301.13,4301.98,14
1790173980,2026-09-23 12:33,2026-09-23 14:33,4302.0,4303.1,4301.17,4302.49,14
1790174160,2026-09-23 12:36,2026-09-23 14:36,4302.5,4303.84,4297.56,4297.62,14
1790174340,2026-09-23 12:39,2026-09-23 14:39,4297.66,4302.05,4294.74,4301.72,14
1790174520,2026-09-23 12:42,2026-09-23 14:42,4301.71,4304.93,4300.92,4304.8,14
1790174700,2026-09-23 12:45,2026-09-23 14:45,4304.69,4308.57,4304.38,4307.09,14
1790174880,2026-09-23 12:48,2026-09-23 14:48,4307.11,4308.35,4304.48,4306.72,14
1790175060,2026-09-23 12:51,2026-09-23 14:51,4306.78,4310.04,4306.67,4308.81,14
1790175240,2026-09-23 12:54,2026-09-23 14:54,4308.63,4309.85,4308.0,4308.53,14
1790175420,2026-09-23 12:57,2026-09-23 14:57,4308.9,4309.9,4308.42,4309.31,14
1790175600,2026-09-23 13:00,2026-09-23 15:00,4309.27,4313.62,4309.16,4312.74,14
1790175780,2026-09-23 13:03,2026-09-23 15:03,4312.72,4314.19,4311.83,4313.83,14
1790175960,2026-09-23 13:06,2026-09-23 15:06,4313.94,4315.2,4313.27,4313.88,14
1790176140,2026-09-23 13:09,2026-09-23 15:09,4313.8,4316.85,4311.94,4316.29,14
1790176320,2026-09-23 13:12,2026-09-23 15:12,4316.28,4319.04,4315.23,4318.88,14
1790176500,2026-09-23 13:15,2026-09-23 15:15,4318.86,4318.86,4314.5,4314.77,14
1790176680,2026-09-23 13:18,2026-09-23 15:18,4314.83,4316.65,4312.37,4312.8,14
1790176860,2026-09-23 13:21,2026-09-23 15:21,4312.82,4313.1,4310.29,4311.6,14
1790177040,2026-09-23 13:24,2026-09-23 15:24,4311.61,4314.82,4311.61,4312.01,14
1790177220,2026-09-23 13:27,2026-09-23 15:27,4312.08,4313.24,4310.36,4311.12,14
1790177400,2026-09-23 13:30,2026-09-23 15:30,4310.9,4311.52,4307.92,4308.75,14
1790177580,2026-09-23 13:33,2026-09-23 15:33,4308.97,4309.78,4306.97,4307.03,14
1790177760,2026-09-23 13:36,2026-09-23 15:36,4307.04,4308.86,4303.8,4304.08,14
1790177940,2026-09-23 13:39,2026-09-23 15:39,4304.24,4304.84,4302.17,4303.56,14
1790178120,2026-09-23 13:42,2026-09-23 15:42,4303.72,4306.88,4302.72,4303.95,14
1790178300,2026-09-23 13:45,2026-09-23 15:45,4304.0,4307.33,4302.2,4306.08,14
1790178480,2026-09-23 13:48,2026-09-23 15:48,4306.11,4306.37,4303.46,4303.95,14
1790178660,2026-09-23 13:51,2026-09-23 15:51,4303.96,4303.96,4300.5,4301.72,14
1790178840,2026-09-23 13:54,2026-09-23 15:54,4301.76,4307.82,4301.34,4307.82,14
1790179020,2026-09-23 13:57,2026-09-23 15:57,4307.78,4311.22,4306.37,4309.98,14
1790179200,2026-09-23 14:00,2026-09-23 16:00,4310.13,4310.56,4305.45,4309.4,14
1790179380,2026-09-23 14:03,2026-09-23 16:03,4309.46,4310.03,4303.95,4305.11,14
1790179560,2026-09-23 14:06,2026-09-23 16:06,4304.95,4306.29,4301.24,4302.32,14
1790179740,2026-09-23 14:09,2026-09-23 16:09,4302.38,4302.96,4298.03,4300.92,14
1790179920,2026-09-23 14:12,2026-09-23 16:12,4301.02,4303.26,4299.54,4302.46,14
1790180100,2026-09-23 14:15,2026-09-23 16:15,4302.23,4306.07,4301.94,4303.57,14
1790180280,2026-09-23 14:18,2026-09-23 16:18,4303.6,4305.12,4301.54,4304.11,14
1790180460,2026-09-23 14:21,2026-09-23 16:21,4304.01,4306.09,4303.29,4304.47,14
1790180640,2026-09-23 14:24,2026-09-23 16:24,4304.48,4308.98,4304.06,4307.87,14
1790180820,2026-09-23 14:27,2026-09-23 16:27,4307.86,4312.36,4307.71,4312.11,14
1790181000,2026-09-23 14:30,2026-09-23 16:30,4312.12,4313.56,4302.85,4304.36,14
1790181180,2026-09-23 14:33,2026-09-23 16:33,4304.66,4304.67,4298.88,4300.63,14
1790181360,2026-09-23 14:36,2026-09-23 16:36,4300.55,4305.27,4300.04,4303.64,14
1790181540,2026-09-23 14:39,2026-09-23 16:39,4303.65,4304.68,4299.4,4300.04,14
1790181720,2026-09-23 14:42,2026-09-23 16:42,4299.97,4300.2,4286.88,4292.67,14
1790181900,2026-09-23 14:45,2026-09-23 16:45,4292.76,4292.76,4281.07,4284.48,14
1790182080,2026-09-23 14:48,2026-09-23 16:48,4284.4,4290.05,4282.73,4287.39,14
1790182260,2026-09-23 14:51,2026-09-23 16:51,4287.4,4287.85,4282.52,4282.76,14
1790182440,2026-09-23 14:54,2026-09-23 16:54,4282.78,4285.9,4281.51,4283.92,14
1790182620,2026-09-23 14:57,2026-09-23 16:57,4284.02,4287.4,4283.65,4284.27,14
1790182800,2026-09-23 15:00,2026-09-23 17:00,4284.17,4291.28,4283.96,4288.87,14
1790182980,2026-09-23 15:03,2026-09-23 17:03,4289.1,4291.99,4286.31,4287.37,14
1790183160,2026-09-23 15:06,2026-09-23 17:06,4287.36,4293.07,4285.64,4292.44,14
1790183340,2026-09-23 15:09,2026-09-23 17:09,4292.4,4293.56,4284.54,4286.48,14
1790183520,2026-09-23 15:12,2026-09-23 17:12,4286.54,4288.2,4282.15,4283.65,14
1790183700,2026-09-23 15:15,2026-09-23 17:15,4283.55,4287.76,4280.08,4280.15,14
1790183880,2026-09-23 15:18,2026-09-23 17:18,4280.14,4281.99,4278.3,4281.12,14
1790184060,2026-09-23 15:21,2026-09-23 17:21,4281.08,4283.09,4278.57,4282.38,14
1790184240,2026-09-23 15:24,2026-09-23 17:24,4282.37,4285.2,4279.34,4281.07,14
1790184420,2026-09-23 15:27,2026-09-23 17:27,4280.94,4281.21,4278.03,4280.98,17
1790184600,2026-09-23 15:30,2026-09-23 17:30,4280.94,4286.79,4280.81,4285.64,17
1790184780,2026-09-23 15:33,2026-09-23 17:33,4286.03,4290.77,4285.6,4290.61,17
1790184960,2026-09-23 15:36,2026-09-23 17:36,4290.69,4291.92,4285.5,4285.82,14
1790185140,2026-09-23 15:39,2026-09-23 17:39,4285.79,4287.21,4282.17,4286.64,14
1790185320,2026-09-23 15:42,2026-09-23 17:42,4286.63,4288.21,4285.8,4287.02,14
1790185500,2026-09-23 15:45,2026-09-23 17:45,4287.01,4288.23,4284.28,4286.21,14
1790185680,2026-09-23 15:48,2026-09-23 17:48,4286.26,4288.3,4284.19,4284.44,14
1790185860,2026-09-23 15:51,2026-09-23 17:51,4284.45,4298.31,4284.45,4297.85,14
1790186040,2026-09-23 15:54,2026-09-23 17:54,4297.88,4298.8,4292.15,4292.84,14
1790186220,2026-09-23 15:57,2026-09-23 17:57,4292.97,4295.21,4290.76,4294.1,14
1790186400,2026-09-23 16:00,2026-09-23 18:00,4294.16,4295.58,4290.95,4293.21,14
1790186580,2026-09-23 16:03,2026-09-23 18:03,4293.24,4293.35,4289.38,4291.02,14
1790186760,2026-09-23 16:06,2026-09-23 18:06,4290.96,4295.0,4289.45,4294.02,14
1790186940,2026-09-23 16:09,2026-09-23 18:09,4294.03,4297.61,4293.4,4294.61,14
1790187120,2026-09-23 16:12,2026-09-23 18:12,4294.65,4297.0,4293.8,4294.2,14
1790187300,2026-09-23 16:15,2026-09-23 18:15,4293.94,4295.21,4289.9,4291.09,14
1790187480,2026-09-23 16:18,2026-09-23 18:18,4291.04,4293.62,4289.94,4292.64,14
1790187660,2026-09-23 16:21,2026-09-23 18:21,4292.67,4293.51,4290.66,4291.51,14
1790187840,2026-09-23 16:24,2026-09-23 18:24,4291.42,4293.96,4289.88,4290.98,14
1790188020,2026-09-23 16:27,2026-09-23 18:27,4291.05,4291.4,4283.21,4283.34,14
1790188200,2026-09-23 16:30,2026-09-23 18:30,4283.5,4284.47,4281.73,4282.91,14
1790188380,2026-09-23 16:33,2026-09-23 18:33,4282.97,4286.07,4280.5,4285.15,14
1790188560,2026-09-23 16:36,2026-09-23 18:36,4285.16,4286.18,4281.32,4281.63,14
1790188740,2026-09-23 16:39,2026-09-23 18:39,4281.61,4282.76,4278.96,4279.4,14
1790188920,2026-09-23 16:42,2026-09-23 18:42,4279.39,4284.9,4279.39,4284.21,14
1790189100,2026-09-23 16:45,2026-09-23 18:45,4284.2,4285.52,4281.84,4282.62,14
1790189280,2026-09-23 16:48,2026-09-23 18:48,4282.57,4283.63,4277.73,4279.65,14
1790189460,2026-09-23 16:51,2026-09-23 18:51,4279.7,4281.24,4278.3,4280.64,14
1790189640,2026-09-23 16:54,2026-09-23 18:54,4280.58,4282.12,4280.14,4281.71,14
1790189820,2026-09-23 16:57,2026-09-23 18:57,4281.67,4282.91,4281.42,4282.34,14
1790190000,2026-09-23 17:00,2026-09-23 19:00,4282.33,4283.31,4279.33,4279.94,14
1790190180,2026-09-23 17:03,2026-09-23 19:03,4279.92,4280.74,4278.6,4280.63,14
1790190360,2026-09-23 17:06,2026-09-23 19:06,4280.33,4284.34,4279.53,4283.33,14
1790190540,2026-09-23 17:09,2026-09-23 19:09,4283.35,4283.35,4281.65,4282.55,14
1790190720,2026-09-23 17:12,2026-09-23 19:12,4282.52,4283.99,4282.28,4283.18,14
1790190900,2026-09-23 17:15,2026-09-23 19:15,4283.2,4284.92,4282.64,4283.84,14
1790191080,2026-09-23 17:18,2026-09-23 19:18,4283.91,4284.42,4282.15,4284.05,14
1790191260,2026-09-23 17:21,2026-09-23 19:21,4283.95,4284.49,4282.45,4283.11,14
1790191440,2026-09-23 17:24,2026-09-23 19:24,4282.88,4285.36,4282.07,4284.45,14
1790191620,2026-09-23 17:27,2026-09-23 19:27,4284.48,4285.78,4283.37,4285.62,14
1790191800,2026-09-23 17:30,2026-09-23 19:30,4285.76,4286.85,4284.85,4285.36,14
1790191980,2026-09-23 17:33,2026-09-23 19:33,4285.29,4288.08,4285.13,4286.69,14
1790192160,2026-09-23 17:36,2026-09-23 19:36,4286.61,4289.53,4286.53,4289.53,14
1790192340,2026-09-23 17:39,2026-09-23 19:39,4289.6,4289.6,4286.61,4287.0,14
1790192520,2026-09-23 17:42,2026-09-23 19:42,4286.99,4288.0,4286.0,4286.24,14
1790192700,2026-09-23 17:45,2026-09-23 19:45,4286.23,4286.89,4283.87,4284.58,14
1790192880,2026-09-23 17:48,2026-09-23 19:48,4284.53,4285.02,4280.96,4283.3,14
1790193060,2026-09-23 17:51,2026-09-23 19:51,4283.29,4283.29,4278.74,4281.73,14
1790193240,2026-09-23 17:54,2026-09-23 19:54,4281.72,4284.95,4281.71,4284.43,14
1790193420,2026-09-23 17:57,2026-09-23 19:57,4284.45,4285.86,4283.42,4284.87,14
1790193600,2026-09-23 18:00,2026-09-23 20:00,4285.06,4285.72,4275.49,4276.67,14
1790193780,2026-09-23 18:03,2026-09-23 20:03,4276.68,4281.53,4276.24,4280.06,14
1790193960,2026-09-23 18:06,2026-09-23 20:06,4279.98,4283.21,4278.83,4282.11,14
1790194140,2026-09-23 18:09,2026-09-23 20:09,4282.14,4285.65,4280.74,4281.02,14
1790194320,2026-09-23 18:12,2026-09-23 20:12,4281.04,4281.17,4277.84,4279.07,14
1790194500,2026-09-23 18:15,2026-09-23 20:15,4279.05,4280.4,4276.58,4280.08,14
1790194680,2026-09-23 18:18,2026-09-23 20:18,4280.27,4282.66,4278.77,4282.66,14
1790194860,2026-09-23 18:21,2026-09-23 20:21,4282.24,4283.76,4281.63,4283.36,14
1790195040,2026-09-23 18:24,2026-09-23 20:24,4283.33,4283.44,4281.19,4282.22,14
1790195220,2026-09-23 18:27,2026-09-23 20:27,4282.36,4283.68,4280.92,4282.13,14
1790195400,2026-09-23 18:30,2026-09-23 20:30,4282.09,4282.56,4277.06,4278.49,14
1790195580,2026-09-23 18:33,2026-09-23 20:33,4278.46,4281.52,4277.3,4278.98,14
1790195760,2026-09-23 18:36,2026-09-23 20:36,4279.02,4281.01,4277.65,4279.05,14
1790195940,2026-09-23 18:39,2026-09-23 20:39,4279.28,4283.99,4274.49,4283.15,14
1790196120,2026-09-23 18:42,2026-09-23 20:42,4283.07,4289.6,4282.38,4288.0,14
1790196300,2026-09-23 18:45,2026-09-23 20:45,4287.95,4290.95,4287.0,4289.63,14
1790196480,2026-09-23 18:48,2026-09-23 20:48,4289.64,4291.59,4288.85,4289.54,14
1790196660,2026-09-23 18:51,2026-09-23 20:51,4289.49,4291.72,4288.8,4291.08,14
1790196840,2026-09-23 18:54,2026-09-23 20:54,4291.23,4291.89,4288.85,4289.9,14
1790197020,2026-09-23 18:57,2026-09-23 20:57,4289.91,4293.15,4289.48,4292.62,14
1790197200,2026-09-23 19:00,2026-09-23 21:00,4292.65,4294.82,4292.26,4292.95,14
1790197380,2026-09-23 19:03,2026-09-23 21:03,4293.0,4293.37,4289.37,4290.17,14
1790197560,2026-09-23 19:06,2026-09-23 21:06,4290.23,4291.17,4289.47,4290.7,14
1790197740,2026-09-23 19:09,2026-09-23 21:09,4290.69,4290.97,4289.36,4289.56,14
1790197920,2026-09-23 19:12,2026-09-23 21:12,4289.62,4290.01,4288.1,4289.47,14
1790198100,2026-09-23 19:15,2026-09-23 21:15,4289.2,4291.19,4288.42,4290.57,14
1790198280,2026-09-23 19:18,2026-09-23 21:18,4290.54,4291.58,4290.01,4290.8,14
1790198460,2026-09-23 19:21,2026-09-23 21:21,4291.0,4291.01,4288.1,4288.3,14
1790198640,2026-09-23 19:24,2026-09-23 21:24,4288.29,4288.59,4286.63,4287.14,14
1790198820,2026-09-23 19:27,2026-09-23 21:27,4287.23,4287.55,4283.69,4286.06,14
1790199000,2026-09-23 19:30,2026-09-23 21:30,4285.98,4287.54,4284.72,4287.13,14
1790199180,2026-09-23 19:33,2026-09-23 21:33,4287.14,4287.79,4286.22,4287.31,14
1790199360,2026-09-23 19:36,2026-09-23 21:36,4287.35,4287.9,4285.52,4285.99,14
1790199540,2026-09-23 19:39,2026-09-23 21:39,4286.08,4286.09,4284.6,4285.84,14
1790199720,2026-09-23 19:42,2026-09-23 21:42,4285.83,4286.69,4284.12,4284.6,14
1790199900,2026-09-23 19:45,2026-09-23 21:45,4284.57,4285.17,4282.95,4284.79,14
1790200080,2026-09-23 19:48,2026-09-23 21:48,4284.89,4288.17,4284.84,4286.8,14
1790200260,2026-09-23 19:51,2026-09-23 21:51,4286.83,4288.19,4286.69,4287.38,14
1790200440,2026-09-23 19:54,2026-09-23 21:54,4287.39,4290.21,4287.11,4289.18,14
1790200620,2026-09-23 19:57,2026-09-23 21:57,4289.19,4290.65,4288.61,4290.46,14
1790200800,2026-09-23 20:00,2026-09-23 22:00,4290.47,4290.76,4289.08,4289.84,14
1790200980,2026-09-23 20:03,2026-09-23 22:03,4289.92,4290.42,4287.63,4288.78,14
1790201160,2026-09-23 20:06,2026-09-23 22:06,4288.72,4293.26,4288.44,4291.66,14
1790201340,2026-09-23 20:09,2026-09-23 22:09,4291.68,4291.85,4289.03,4289.89,14
1790201520,2026-09-23 20:12,2026-09-23 22:12,4289.95,4289.98,4284.56,4284.62,14
1790201700,2026-09-23 20:15,2026-09-23 22:15,4284.64,4285.8,4283.31,4285.57,14
1790201880,2026-09-23 20:18,2026-09-23 22:18,4285.56,4285.7,4283.45,4284.46,14
1790202060,2026-09-23 20:21,2026-09-23 22:21,4284.03,4285.6,4283.5,4285.18,14
1790202240,2026-09-23 20:24,2026-09-23 22:24,4285.19,4286.4,4284.37,4284.63,14
1790202420,2026-09-23 20:27,2026-09-23 22:27,4284.64,4287.14,4284.53,4286.67,14
1790202600,2026-09-23 20:30,2026-09-23 22:30,4286.68,4287.53,4283.67,4284.78,14
1790202780,2026-09-23 20:33,2026-09-23 22:33,4284.77,4285.87,4284.27,4284.98,14
1790202960,2026-09-23 20:36,2026-09-23 22:36,4284.99,4285.45,4281.11,4281.95,14
1790203140,2026-09-23 20:39,2026-09-23 22:39,4281.93,4285.09,4281.74,4283.42,14
1790203320,2026-09-23 20:42,2026-09-23 22:42,4283.4,4284.28,4281.58,4282.64,14
1790203500,2026-09-23 20:45,2026-09-23 22:45,4282.65,4286.66,4282.39,4286.08,14
1790203680,2026-09-23 20:48,2026-09-23 22:48,4286.07,4287.46,4285.37,4286.65,14
1790203860,2026-09-23 20:51,2026-09-23 22:51,4286.74,4287.23,4284.3,4284.71,14
1790204040,2026-09-23 20:54,2026-09-23 22:54,4284.78,4285.11,4282.75,4283.21,14
1790204220,2026-09-23 20:57,2026-09-23 22:57,4283.32,4285.21,4282.01,4284.4,14
1790204400,2026-09-23 21:00,2026-09-23 23:00,4284.32,4285.8,4283.38,4285.17,14
1790204580,2026-09-23 21:03,2026-09-23 23:03,4285.19,4286.85,4284.62,4286.84,17
1790204760,2026-09-23 21:06,2026-09-23 23:06,4286.88,4288.07,4286.32,4287.08,17
1790204940,2026-09-23 21:09,2026-09-23 23:09,4287.0,4287.55,4284.91,4285.36,17
1790205120,2026-09-23 21:12,2026-09-23 23:12,4285.07,4285.86,4284.89,4284.98,17
1790205300,2026-09-23 21:15,2026-09-23 23:15,4284.99,4285.84,4284.51,4285.61,17
1790205480,2026-09-23 21:18,2026-09-23 23:18,4285.69,4285.84,4282.74,4282.74,17
1790205660,2026-09-23 21:21,2026-09-23 23:21,4282.72,4284.37,4282.52,4284.14,17
1790205840,2026-09-23 21:24,2026-09-23 23:24,4284.23,4284.67,4283.82,4284.32,17
1790206020,2026-09-23 21:27,2026-09-23 23:27,4284.33,4285.6,4283.91,4285.6,17
1790206200,2026-09-23 21:30,2026-09-23 23:30,4285.63,4286.19,4284.31,4284.31,17
1790206380,2026-09-23 21:33,2026-09-23 23:33,4284.3,4284.95,4282.6,4284.03,17
1790206560,2026-09-23 21:36,2026-09-23 23:36,4283.98,4284.18,4283.06,4283.81,17
1790206740,2026-09-23 21:39,2026-09-23 23:39,4283.82,4285.87,4283.82,4284.93,17
1790206920,2026-09-23 21:42,2026-09-23 23:42,4284.92,4285.7,4284.19,4285.5,17
1790207100,2026-09-23 21:45,2026-09-23 23:45,4285.59,4286.29,4284.82,4285.76,17
1790207280,2026-09-23 21:48,2026-09-23 23:48,4285.74,4286.9,4285.23,4286.38,17
1790207460,2026-09-23 21:51,2026-09-23 23:51,4286.34,4287.72,4286.11,4287.27,17
1790207640,2026-09-23 21:54,2026-09-23 23:54,4287.42,4290.31,4287.07,4287.41,17
1790207820,2026-09-23 21:57,2026-09-23 23:57,4287.41,4288.22,4286.59,4287.58,17
1790211600,2026-09-23 23:00,2026-09-24 01:00,4288.61,4291.65,4288.61,4290.8,17
1790211780,2026-09-23 23:03,2026-09-24 01:03,4290.79,4293.81,4290.79,4293.25,17
1790211960,2026-09-23 23:06,2026-09-24 01:06,4293.5,4294.31,4292.85,4293.58,17
1790212140,2026-09-23 23:09,2026-09-24 01:09,4293.57,4293.79,4288.35,4289.44,17
1790212320,2026-09-23 23:12,2026-09-24 01:12,4289.46,4289.46,4286.78,4288.25,17
1790212500,2026-09-23 23:15,2026-09-24 01:15,4288.21,4288.65,4286.95,4287.83,14
1790212680,2026-09-23 23:18,2026-09-24 01:18,4287.81,4288.68,4287.08,4288.19,14
1790212860,2026-09-23 23:21,2026-09-24 01:21,4288.05,4292.57,4288.05,4290.45,14
1790213040,2026-09-23 23:24,2026-09-24 01:24,4290.47,4291.81,4289.01,4289.01,14
1790213220,2026-09-23 23:27,2026-09-24 01:27,4289.0,4290.54,4287.95,4288.58,14
1790213400,2026-09-23 23:30,2026-09-24 01:30,4288.49,4289.35,4287.49,4289.12,14
1790213580,2026-09-23 23:33,2026-09-24 01:33,4289.17,4289.9,4288.14,4289.47,14
1790213760,2026-09-23 23:36,2026-09-24 01:36,4289.46,4291.37,4288.37,4288.6,14
1790213940,2026-09-23 23:39,2026-09-24 01:39,4288.59,4290.31,4288.07,4290.19,14
1790214120,2026-09-23 23:42,2026-09-24 01:42,4290.27,4290.9,4288.6,4289.37,14
1790214300,2026-09-23 23:45,2026-09-24 01:45,4289.26,4290.81,4288.17,4290.66,14
1790214480,2026-09-23 23:48,2026-09-24 01:48,4290.6,4291.35,4288.06,4288.6,14
1790214660,2026-09-23 23:51,2026-09-24 01:51,4288.55,4289.59,4287.83,4289.49,14
1790214840,2026-09-23 23:54,2026-09-24 01:54,4289.46,4291.17,4287.53,4290.52,14
1790215020,2026-09-23 23:57,2026-09-24 01:57,4290.51,4290.61,4289.05,4289.49,14
1790215200,2026-09-24 00:00,2026-09-24 02:00,4289.46,4290.15,4289.0,4289.48,14
1790215380,2026-09-24 00:03,2026-09-24 02:03,4289.49,4291.51,4289.1,4290.58,14
1790215560,2026-09-24 00:06,2026-09-24 02:06,4290.59,4291.41,4290.2,4291.3,14
1790215740,2026-09-24 00:09,2026-09-24 02:09,4291.2,4291.8,4290.52,4291.1,14
1790215920,2026-09-24 00:12,2026-09-24 02:12,4291.23,4291.55,4290.92,4291.47,15
1790216100,2026-09-24 00:15,2026-09-24 02:15,4291.46,4293.25,4290.43,4291.01,14
1790216280,2026-09-24 00:18,2026-09-24 02:18,4290.99,4291.16,4288.65,4290.75,14
1790216460,2026-09-24 00:21,2026-09-24 02:21,4290.59,4290.96,4289.04,4290.18,14
1790216640,2026-09-24 00:24,2026-09-24 02:24,4290.05,4290.33,4288.34,4289.11,14
1790216820,2026-09-24 00:27,2026-09-24 02:27,4289.14,4289.65,4287.99,4288.23,14
1790217000,2026-09-24 00:30,2026-09-24 02:30,4288.31,4288.95,4286.24,4286.6,14
1790217180,2026-09-24 00:33,2026-09-24 02:33,4286.56,4286.83,4285.56,4285.83,14
1790217360,2026-09-24 00:36,2026-09-24 02:36,4285.88,4287.75,4285.83,4287.36,14
1790217540,2026-09-24 00:39,2026-09-24 02:39,4287.37,4287.64,4285.66,4285.75,14
1790217720,2026-09-24 00:42,2026-09-24 02:42,4285.76,4286.0,4285.12,4285.23,14
1790217900,2026-09-24 00:45,2026-09-24 02:45,4285.25,4289.1,4285.25,4288.4,14
1790218080,2026-09-24 00:48,2026-09-24 02:48,4288.0,4290.09,4287.64,4289.56,14
1790218260,2026-09-24 00:51,2026-09-24 02:51,4289.61,4291.55,4289.25,4290.52,14
1790218440,2026-09-24 00:54,2026-09-24 02:54,4290.53,4291.62,4289.64,4290.91,14
1790218620,2026-09-24 00:57,2026-09-24 02:57,4290.93,4291.04,4288.32,4288.63,14
1790218800,2026-09-24 01:00,2026-09-24 03:00,4288.75,4291.84,4288.08,4288.84,14
1790218980,2026-09-24 01:03,2026-09-24 03:03,4288.95,4291.15,4288.69,4289.0,14
1790219160,2026-09-24 01:06,2026-09-24 03:06,4289.06,4291.54,4289.04,4289.99,14
1790219340,2026-09-24 01:09,2026-09-24 03:09,4290.0,4292.0,4287.52,4288.05,14
1790219520,2026-09-24 01:12,2026-09-24 03:12,4288.08,4289.76,4287.01,4289.16,14
1790219700,2026-09-24 01:15,2026-09-24 03:15,4289.28,4291.59,4287.09,4288.41,14
1790219880,2026-09-24 01:18,2026-09-24 03:18,4288.27,4289.3,4287.32,4288.1,14
1790220060,2026-09-24 01:21,2026-09-24 03:21,4288.12,4288.42,4284.03,4286.71,14
1790220240,2026-09-24 01:24,2026-09-24 03:24,4286.72,4290.02,4286.66,4287.85,14
1790220420,2026-09-24 01:27,2026-09-24 03:27,4287.83,4292.34,4286.07,4292.02,14
1790220600,2026-09-24 01:30,2026-09-24 03:30,4291.89,4294.44,4290.09,4292.06,14
1790220780,2026-09-24 01:33,2026-09-24 03:33,4292.19,4292.83,4291.23,4291.8,14
1790220960,2026-09-24 01:36,2026-09-24 03:36,4292.0,4293.53,4291.42,4292.5,14
1790221140,2026-09-24 01:39,2026-09-24 03:39,4292.49,4294.5,4291.32,4292.79,14
1790221320,2026-09-24 01:42,2026-09-24 03:42,4292.84,4294.88,4292.84,4294.5,14
1790221500,2026-09-24 01:45,2026-09-24 03:45,4294.4,4295.27,4291.67,4291.85,14
1790221680,2026-09-24 01:48,2026-09-24 03:48,4291.68,4294.46,4291.4,4292.5,14
1790221860,2026-09-24 01:51,2026-09-24 03:51,4292.52,4295.19,4292.12,4294.07,14
1790222040,2026-09-24 01:54,2026-09-24 03:54,4294.06,4297.5,4294.06,4297.25,14
1790222220,2026-09-24 01:57,2026-09-24 03:57,4297.27,4299.36,4297.16,4298.42,14
1790222400,2026-09-24 02:00,2026-09-24 04:00,4298.47,4299.29,4293.59,4294.23,14
1790222580,2026-09-24 02:03,2026-09-24 04:03,4294.18,4294.89,4289.77,4290.49,14
1790222760,2026-09-24 02:06,2026-09-24 04:06,4290.47,4297.23,4290.47,4295.53,14
1790222940,2026-09-24 02:09,2026-09-24 04:09,4295.52,4299.23,4294.83,4297.36,14
1790223120,2026-09-24 02:12,2026-09-24 04:12,4297.24,4302.89,4296.85,4302.66,14
1790223300,2026-09-24 02:15,2026-09-24 04:15,4302.67,4303.05,4297.85,4298.96,14
1790223480,2026-09-24 02:18,2026-09-24 04:18,4298.93,4300.61,4297.67,4299.59,14
1790223660,2026-09-24 02:21,2026-09-24 04:21,4299.69,4300.65,4296.64,4297.05,14
1790223840,2026-09-24 02:24,2026-09-24 04:24,4297.14,4297.97,4295.35,4297.29,14
1790224020,2026-09-24 02:27,2026-09-24 04:27,4297.64,4300.05,4296.97,4299.14,14
1790224200,2026-09-24 02:30,2026-09-24 04:30,4299.15,4300.74,4297.46,4299.5,14
1790224380,2026-09-24 02:33,2026-09-24 04:33,4299.57,4300.4,4296.68,4297.59,14
1790224560,2026-09-24 02:36,2026-09-24 04:36,4297.49,4298.35,4293.07,4293.5,14
1790224740,2026-09-24 02:39,2026-09-24 04:39,4293.35,4294.07,4291.6,4293.39,14
1790224920,2026-09-24 02:42,2026-09-24 04:42,4293.36,4293.74,4289.55,4289.78,14
1790225100,2026-09-24 02:45,2026-09-24 04:45,4289.7,4290.67,4283.49,4288.33,14
1790225280,2026-09-24 02:48,2026-09-24 04:48,4288.45,4289.26,4281.38,4281.93,14
1790225460,2026-09-24 02:51,2026-09-24 04:51,4281.92,4288.54,4281.85,4286.25,14
1790225640,2026-09-24 02:54,2026-09-24 04:54,4286.27,4286.31,4281.88,4283.49,14
1790225820,2026-09-24 02:57,2026-09-24 04:57,4283.39,4283.79,4278.03,4279.36,14
1790226000,2026-09-24 03:00,2026-09-24 05:00,4279.24,4279.8,4274.48,4277.4,14
1790226180,2026-09-24 03:03,2026-09-24 05:03,4277.63,4277.64,4273.94,4274.49,14
1790226360,2026-09-24 03:06,2026-09-24 05:06,4274.44,4276.19,4273.95,4274.34,14
1790226540,2026-09-24 03:09,2026-09-24 05:09,4274.44,4278.07,4274.42,4278.06,14
1790226720,2026-09-24 03:12,2026-09-24 05:12,4277.95,4282.64,4276.82,4282.59,14
1790226900,2026-09-24 03:15,2026-09-24 05:15,4282.6,4285.81,4282.39,4284.83,14
1790227080,2026-09-24 03:18,2026-09-24 05:18,4284.88,4286.34,4283.83,4284.32,14
1790227260,2026-09-24 03:21,2026-09-24 05:21,4284.31,4285.12,4282.8,4284.68,14
1790227440,2026-09-24 03:24,2026-09-24 05:24,4284.78,4287.28,4284.37,4285.97,14
1790227620,2026-09-24 03:27,2026-09-24 05:27,4286.01,4286.74,4284.34,4286.22,14
1790227800,2026-09-24 03:30,2026-09-24 05:30,4286.27,4292.48,4284.53,4292.28,14
1790227980,2026-09-24 03:33,2026-09-24 05:33,4292.15,4294.5,4291.33,4291.55,14
1790228160,2026-09-24 03:36,2026-09-24 05:36,4291.67,4293.76,4290.59,4292.78,14
1790228340,2026-09-24 03:39,2026-09-24 05:39,4292.73,4296.3,4292.26,4295.64,14
1790228520,2026-09-24 03:42,2026-09-24 05:42,4295.75,4296.92,4294.37,4295.34,14
1790228700,2026-09-24 03:45,2026-09-24 05:45,4295.39,4295.47,4293.39,4294.07,14
1790228880,2026-09-24 03:48,2026-09-24 05:48,4294.15,4294.96,4289.69,4289.8,14
1790229060,2026-09-24 03:51,2026-09-24 05:51,4289.86,4290.87,4287.13,4288.77,14
1790229240,2026-09-24 03:54,2026-09-24 05:54,4288.76,4292.96,4288.41,4292.0,14
1790229420,2026-09-24 03:57,2026-09-24 05:57,4291.92,4292.8,4290.12,4290.64,14
1790229600,2026-09-24 04:00,2026-09-24 06:00,4290.77,4293.8,4290.05,4290.75,14
1790229780,2026-09-24 04:03,2026-09-24 06:03,4290.76,4291.86,4287.9,4288.14,14
1790229960,2026-09-24 04:06,2026-09-24 06:06,4288.15,4288.53,4285.2,4286.65,14
1790230140,2026-09-24 04:09,2026-09-24 06:09,4286.57,4287.36,4285.7,4286.22,14
1790230320,2026-09-24 04:12,2026-09-24 06:12,4286.21,4288.55,4285.39,4287.14,14
1790230500,2026-09-24 04:15,2026-09-24 06:15,4287.12,4288.9,4286.94,4288.88,14
1790230680,2026-09-24 04:18,2026-09-24 06:18,4288.89,4290.82,4287.34,4287.73,14
1790230860,2026-09-24 04:21,2026-09-24 06:21,4287.7,4288.82,4286.71,4287.21,14
1790231040,2026-09-24 04:24,2026-09-24 06:24,4287.24,4288.93,4287.08,4287.35,14
1790231220,2026-09-24 04:27,2026-09-24 06:27,4287.61,4287.78,4285.33,4286.04,14
1790231400,2026-09-24 04:30,2026-09-24 06:30,4286.11,4287.15,4285.06,4285.95,14
1790231580,2026-09-24 04:33,2026-09-24 06:33,4286.01,4286.62,4283.53,4283.68,14
1790231760,2026-09-24 04:36,2026-09-24 06:36,4283.88,4284.86,4282.61,4284.65,14
1790231940,2026-09-24 04:39,2026-09-24 06:39,4284.91,4286.1,4283.87,4284.16,14
1790232120,2026-09-24 04:42,2026-09-24 06:42,4284.05,4284.39,4281.67,4282.02,14
1790232300,2026-09-24 04:45,2026-09-24 06:45,4282.01,4284.66,4280.51,4284.15,14
1790232480,2026-09-24 04:48,2026-09-24 06:48,4284.18,4284.24,4282.28,4283.67,14
1790232660,2026-09-24 04:51,2026-09-24 06:51,4283.68,4283.72,4281.09,4283.02,14
1790232840,2026-09-24 04:54,2026-09-24 06:54,4283.09,4285.18,4282.99,4284.19,14
1790233020,2026-09-24 04:57,2026-09-24 06:57,4284.21,4285.38,4282.59,4285.02,14
1790233200,2026-09-24 05:00,2026-09-24 07:00,4285.28,4287.05,4282.6,4283.07,14
1790233380,2026-09-24 05:03,2026-09-24 07:03,4283.15,4285.39,4281.85,4283.84,14
1790233560,2026-09-24 05:06,2026-09-24 07:06,4283.91,4284.62,4282.93,4283.96,14
1790233740,2026-09-24 05:09,2026-09-24 07:09,4283.97,4285.31,4283.71,4285.08,14
1790233920,2026-09-24 05:12,2026-09-24 07:12,4284.96,4286.07,4283.27,4284.91,14
1790234100,2026-09-24 05:15,2026-09-24 07:15,4284.95,4287.2,4284.86,4286.56,14
1790234280,2026-09-24 05:18,2026-09-24 07:18,4286.54,4288.55,4285.38,4285.92,14
1790234460,2026-09-24 05:21,2026-09-24 07:21,4285.9,4286.79,4284.82,4285.37,14
1790234640,2026-09-24 05:24,2026-09-24 07:24,4285.38,4285.57,4284.21,4284.66,14
1790234820,2026-09-24 05:27,2026-09-24 07:27,4284.69,4286.65,4284.13,4286.28,14
1790235000,2026-09-24 05:30,2026-09-24 07:30,4286.25,4287.62,4285.89,4286.96,14
1790235180,2026-09-24 05:33,2026-09-24 07:33,4286.98,4289.35,4286.84,4288.96,14
1790235360,2026-09-24 05:36,2026-09-24 07:36,4288.93,4289.14,4287.02,4288.13,14
1790235540,2026-09-24 05:39,2026-09-24 07:39,4288.15,4288.15,4286.1,4287.01,14
1790235720,2026-09-24 05:42,2026-09-24 07:42,4287.02,4287.67,4285.88,4286.72,14
1790235900,2026-09-24 05:45,2026-09-24 07:45,4286.82,4288.28,4286.16,4288.28,14
1790236080,2026-09-24 05:48,2026-09-24 07:48,4288.24,4289.06,4287.96,4288.46,14
1790236260,2026-09-24 05:51,2026-09-24 07:51,4288.44,4289.83,4287.89,4289.69,14
1790236440,2026-09-24 05:54,2026-09-24 07:54,4289.62,4290.49,4289.31,4289.87,14
1790236620,2026-09-24 05:57,2026-09-24 07:57,4289.86,4290.03,4289.06,4289.53,14
1790236800,2026-09-24 06:00,2026-09-24 08:00,4289.55,4292.89,4289.46,4292.35,14
1790236980,2026-09-24 06:03,2026-09-24 08:03,4292.37,4296.4,4292.03,4294.75,14
1790237160,2026-09-24 06:06,2026-09-24 08:06,4294.68,4295.63,4292.78,4293.78,14
1790237340,2026-09-24 06:09,2026-09-24 08:09,4293.75,4294.8,4291.97,4291.97,14
1790237520,2026-09-24 06:12,2026-09-24 08:12,4291.94,4292.32,4290.06,4290.47,14
1790237700,2026-09-24 06:15,2026-09-24 08:15,4290.4,4290.4,4286.01,4288.27,14
1790237880,2026-09-24 06:18,2026-09-24 08:18,4288.25,4291.32,4287.63,4290.42,14
1790238060,2026-09-24 06:21,2026-09-24 08:21,4290.5,4290.78,4288.16,4289.87,14
1790238240,2026-09-24 06:24,2026-09-24 08:24,4290.04,4291.08,4289.23,4289.59,14
1790238420,2026-09-24 06:27,2026-09-24 08:27,4289.67,4290.85,4288.51,4290.85,14
1790238600,2026-09-24 06:30,2026-09-24 08:30,4290.94,4291.39,4285.21,4287.31,14
1790238780,2026-09-24 06:33,2026-09-24 08:33,4287.86,4290.52,4284.2,4284.44,14
1790238960,2026-09-24 06:36,2026-09-24 08:36,4284.4,4287.63,4284.38,4287.49,14
1790239140,2026-09-24 06:39,2026-09-24 08:39,4287.2,4287.2,4282.06,4282.88,14
1790239320,2026-09-24 06:42,2026-09-24 08:42,4282.81,4283.47,4280.6,4281.54,14
1790239500,2026-09-24 06:45,2026-09-24 08:45,4281.31,4285.97,4280.35,4285.12,14
1790239680,2026-09-24 06:48,2026-09-24 08:48,4285.1,4285.29,4281.71,4283.39,14
1790239860,2026-09-24 06:51,2026-09-24 08:51,4283.21,4284.36,4281.68,4281.79,14
1790240040,2026-09-24 06:54,2026-09-24 08:54,4281.96,4282.31,4278.08,4278.49,14
1790240220,2026-09-24 06:57,2026-09-24 08:57,4278.38,4280.12,4277.57,4279.46,14
1790240400,2026-09-24 07:00,2026-09-24 09:00,4279.33,4283.48,4279.14,4282.27,14
1790240580,2026-09-24 07:03,2026-09-24 09:03,4282.24,4282.83,4279.49,4281.98,14
1790240760,2026-09-24 07:06,2026-09-24 09:06,4281.9,4286.29,4281.57,4283.94,14
1790240940,2026-09-24 07:09,2026-09-24 09:09,4283.96,4286.86,4283.31,4284.84,14
1790241120,2026-09-24 07:12,2026-09-24 09:12,4284.81,4285.42,4280.92,4282.01,14
1790241300,2026-09-24 07:15,2026-09-24 09:15,4282.07,4284.12,4280.46,4283.27,14
1790241480,2026-09-24 07:18,2026-09-24 09:18,4283.43,4284.98,4280.86,4284.38,14
1790241660,2026-09-24 07:21,2026-09-24 09:21,4284.68,4286.57,4283.98,4285.28,14
1790241840,2026-09-24 07:24,2026-09-24 09:24,4285.26,4285.26,4282.74,4284.43,14
1790242020,2026-09-24 07:27,2026-09-24 09:27,4284.47,4285.3,4281.48,4282.3,14
1790242200,2026-09-24 07:30,2026-09-24 09:30,4282.25,4283.64,4280.53,4282.51,14
1790242380,2026-09-24 07:33,2026-09-24 09:33,4282.49,4282.52,4279.44,4279.44,14
1790242560,2026-09-24 07:36,2026-09-24 09:36,4279.38,4280.1,4275.52,4279.22,14
1790242740,2026-09-24 07:39,2026-09-24 09:39,4278.94,4280.73,4276.82,4276.93,14
1790242920,2026-09-24 07:42,2026-09-24 09:42,4276.85,4279.45,4276.72,4277.96,14
1790243100,2026-09-24 07:45,2026-09-24 09:45,4278.01,4278.24,4274.31,4274.97,14
1790243280,2026-09-24 07:48,2026-09-24 09:48,4274.96,4277.32,4274.39,4276.7,14
1790243460,2026-09-24 07:51,2026-09-24 09:51,4276.71,4278.18,4275.33,4277.44,14
1790243640,2026-09-24 07:54,2026-09-24 09:54,4277.45,4278.33,4276.63,4277.12,14
1790243820,2026-09-24 07:57,2026-09-24 09:57,4276.96,4278.26,4276.31,4276.52,14
1790244000,2026-09-24 08:00,2026-09-24 10:00,4276.61,4277.83,4274.2,4275.55,14
1790244180,2026-09-24 08:03,2026-09-24 10:03,4275.57,4282.91,4275.5,4282.9,14
1790244360,2026-09-24 08:06,2026-09-24 10:06,4282.78,4284.92,4280.75,4281.64,14
1790244540,2026-09-24 08:09,2026-09-24 10:09,4281.65,4283.68,4281.18,4282.06,14
1790244720,2026-09-24 08:12,2026-09-24 10:12,4282.09,4285.05,4281.58,4284.03,14
1790244900,2026-09-24 08:15,2026-09-24 10:15,4284.02,4288.0,4283.09,4285.82,14
1790245080,2026-09-24 08:18,2026-09-24 10:18,4285.53,4287.2,4284.32,4284.87,14
1790245260,2026-09-24 08:21,2026-09-24 10:21,4284.88,4285.08,4281.23,4282.04,14
1790245440,2026-09-24 08:24,2026-09-24 10:24,4281.91,4284.21,4281.1,4282.58,14
1790245620,2026-09-24 08:27,2026-09-24 10:27,4282.64,4285.23,4282.2,4284.99,17
1790245800,2026-09-24 08:30,2026-09-24 10:30,4285.01,4287.08,4283.9,4287.04,17
1790245980,2026-09-24 08:33,2026-09-24 10:33,4287.03,4287.79,4282.07,4285.38,17
1790246160,2026-09-24 08:36,2026-09-24 10:36,4285.42,4286.56,4284.37,4284.86,14
1790246340,2026-09-24 08:39,2026-09-24 10:39,4284.75,4284.97,4280.17,4281.26,14
1790246520,2026-09-24 08:42,2026-09-24 10:42,4281.33,4283.77,4280.18,4282.94,14
1790246700,2026-09-24 08:45,2026-09-24 10:45,4282.86,4285.86,4281.32,4281.42,14
1790246880,2026-09-24 08:48,2026-09-24 10:48,4281.38,4282.35,4279.16,4281.53,14
1790247060,2026-09-24 08:51,2026-09-24 10:51,4281.49,4284.15,4280.63,4283.3,14
1790247240,2026-09-24 08:54,2026-09-24 10:54,4283.22,4283.99,4279.32,4279.83,14
1790247420,2026-09-24 08:57,2026-09-24 10:57,4279.82,4280.35,4276.07,4278.65,17
1790247600,2026-09-24 09:00,2026-09-24 11:00,4278.7,4284.52,4277.72,4283.45,17
1790247780,2026-09-24 09:03,2026-09-24 11:03,4283.22,4285.73,4281.39,4283.68,17
1790247960,2026-09-24 09:06,2026-09-24 11:06,4283.66,4284.3,4281.51,4281.73,14
1790248140,2026-09-24 09:09,2026-09-24 11:09,4281.62,4283.49,4279.88,4280.51,14
1790248320,2026-09-24 09:12,2026-09-24 11:12,4280.5,4281.28,4276.43,4277.48,14
1790248500,2026-09-24 09:15,2026-09-24 11:15,4277.35,4279.4,4269.69,4270.48,14
1790248680,2026-09-24 09:18,2026-09-24 11:18,4270.5,4274.0,4267.81,4270.65,14
1790248860,2026-09-24 09:21,2026-09-24 11:21,4270.6,4271.22,4267.84,4268.25,14
1790249040,2026-09-24 09:24,2026-09-24 11:24,4268.49,4269.12,4262.6,4264.19,14
1790249220,2026-09-24 09:27,2026-09-24 11:27,4264.13,4266.49,4262.99,4264.78,14
1790249400,2026-09-24 09:30,2026-09-24 11:30,4264.88,4273.73,4263.9,4272.95,14
1790249580,2026-09-24 09:33,2026-09-24 11:33,4272.88,4273.22,4265.03,4266.97,14
1790249760,2026-09-24 09:36,2026-09-24 11:36,4267.07,4268.71,4264.23,4268.15,14
1790249940,2026-09-24 09:39,2026-09-24 11:39,4268.25,4269.1,4266.23,4267.6,14
1790250120,2026-09-24 09:42,2026-09-24 11:42,4267.59,4270.31,4266.38,4268.24,14
1790250300,2026-09-24 09:45,2026-09-24 11:45,4268.21,4270.65,4267.12,4269.63,14
1790250480,2026-09-24 09:48,2026-09-24 11:48,4269.72,4270.46,4266.16,4266.37,14
1790250660,2026-09-24 09:51,2026-09-24 11:51,4266.34,4268.25,4262.57,4263.03,14
1790250840,2026-09-24 09:54,2026-09-24 11:54,4263.08,4263.83,4261.26,4261.91,14
1790251020,2026-09-24 09:57,2026-09-24 11:57,4261.9,4262.67,4260.8,4261.38,14
1790251200,2026-09-24 10:00,2026-09-24 12:00,4261.12,4267.58,4259.46,4262.18,14
1790251380,2026-09-24 10:03,2026-09-24 12:03,4262.04,4262.73,4258.76,4259.76,14
1790251560,2026-09-24 10:06,2026-09-24 12:06,4259.87,4264.77,4259.68,4263.81,14
1790251740,2026-09-24 10:09,2026-09-24 12:09,4263.92,4265.83,4262.83,4263.91,14
1790251920,2026-09-24 10:12,2026-09-24 12:12,4263.85,4264.1,4260.89,4263.05,14
1790252100,2026-09-24 10:15,2026-09-24 12:15,4263.0,4265.55,4261.32,4262.97,14
1790252280,2026-09-24 10:18,2026-09-24 12:18,4262.9,4264.38,4261.32,4264.18,14
1790252460,2026-09-24 10:21,2026-09-24 12:21,4264.12,4264.61,4261.04,4262.88,14
1790252640,2026-09-24 10:24,2026-09-24 12:24,4262.89,4265.17,4261.03,4261.67,14
1790252820,2026-09-24 10:27,2026-09-24 12:27,4261.68,4261.87,4255.14,4255.58,14
1790253000,2026-09-24 10:30,2026-09-24 12:30,4255.67,4260.52,4254.15,4259.75,14
1790253180,2026-09-24 10:33,2026-09-24 12:33,4259.78,4260.23,4257.31,4258.25,14
1790253360,2026-09-24 10:36,2026-09-24 12:36,4258.27,4259.62,4255.58,4256.98,14
1790253540,2026-09-24 10:39,2026-09-24 12:39,4256.99,4258.32,4254.62,4255.33,14
1790253720,2026-09-24 10:42,2026-09-24 12:42,4255.37,4255.61,4250.92,4252.37,14
1790253900,2026-09-24 10:45,2026-09-24 12:45,4252.36,4254.55,4252.3,4253.86,14
1790254080,2026-09-24 10:48,2026-09-24 12:48,4253.85,4255.96,4252.77,4255.51,14
1790254260,2026-09-24 10:51,2026-09-24 12:51,4255.5,4256.47,4254.08,4254.88,14
1790254440,2026-09-24 10:54,2026-09-24 12:54,4254.82,4255.8,4252.49,4255.1,14
1790254620,2026-09-24 10:57,2026-09-24 12:57,4255.01,4255.88,4253.34,4255.35,14
1790254800,2026-09-24 11:00,2026-09-24 13:00,4255.34,4259.23,4254.63,4255.25,14
1790254980,2026-09-24 11:03,2026-09-24 13:03,4255.2,4256.63,4251.65,4252.34,14
1790255160,2026-09-24 11:06,2026-09-24 13:06,4252.33,4253.35,4250.22,4253.08,14
1790255340,2026-09-24 11:09,2026-09-24 13:09,4253.11,4257.71,4251.74,4255.48,14
1790255520,2026-09-24 11:12,2026-09-24 13:12,4255.47,4256.12,4251.4,4252.45,14
1790255700,2026-09-24 11:15,2026-09-24 13:15,4252.46,4255.03,4250.26,4251.52,14
1790255880,2026-09-24 11:18,2026-09-24 13:18,4251.53,4253.13,4249.25,4251.69,14
1790256060,2026-09-24 11:21,2026-09-24 13:21,4251.58,4251.58,4247.48,4247.56,14
1790256240,2026-09-24 11:24,2026-09-24 13:24,4247.6,4250.66,4245.63,4250.26,14
1790256420,2026-09-24 11:27,2026-09-24 13:27,4250.24,4252.49,4244.64,4245.99,14
1790256600,2026-09-24 11:30,2026-09-24 13:30,4245.95,4252.09,4244.33,4251.56,14
1790256780,2026-09-24 11:33,2026-09-24 13:33,4251.59,4257.57,4251.49,4257.48,14
1790256960,2026-09-24 11:36,2026-09-24 13:36,4257.5,4261.59,4256.88,4260.92,14
1790257140,2026-09-24 11:39,2026-09-24 13:39,4260.94,4262.65,4258.81,4260.95,14
1790257320,2026-09-24 11:42,2026-09-24 13:42,4261.01,4262.54,4257.87,4258.31,14
1790257500,2026-09-24 11:45,2026-09-24 13:45,4258.29,4260.64,4257.81,4259.93,14
1790257680,2026-09-24 11:48,2026-09-24 13:48,4259.8,4264.35,4258.76,4261.56,14
1790257860,2026-09-24 11:51,2026-09-24 13:51,4261.22,4261.32,4257.95,4258.13,14
1790258040,2026-09-24 11:54,2026-09-24 13:54,4258.14,4258.96,4255.81,4256.6,14
1790258220,2026-09-24 11:57,2026-09-24 13:57,4256.63,4259.89,4256.63,4258.43,14
1790258400,2026-09-24 12:00,2026-09-24 14:00,4258.19,4260.64,4257.73,4258.35,14
1790258580,2026-09-24 12:03,2026-09-24 14:03,4258.12,4258.36,4255.34,4256.2,14
1790258760,2026-09-24 12:06,2026-09-24 14:06,4256.25,4256.94,4252.09,4252.49,14
1790258940,2026-09-24 12:09,2026-09-24 14:09,4252.5,4257.2,4251.85,4255.95,14
1790259120,2026-09-24 12:12,2026-09-24 14:12,4255.94,4259.45,4254.29,4259.06,14
1790259300,2026-09-24 12:15,2026-09-24 14:15,4259.06,4264.0,4256.79,4259.1,14
1790259480,2026-09-24 12:18,2026-09-24 14:18,4259.33,4266.45,4258.34,4266.24,14
1790259660,2026-09-24 12:21,2026-09-24 14:21,4266.22,4267.98,4264.21,4265.5,14
1790259840,2026-09-24 12:24,2026-09-24 14:24,4265.48,4267.88,4264.53,4267.88,14
1790260020,2026-09-24 12:27,2026-09-24 14:27,4267.58,4268.0,4263.69,4263.92,14
1790260200,2026-09-24 12:30,2026-09-24 14:30,4263.86,4266.04,4261.95,4261.95,14
1790260380,2026-09-24 12:33,2026-09-24 14:33,4262.02,4263.21,4260.12,4261.07,14
1790260560,2026-09-24 12:36,2026-09-24 14:36,4261.11,4262.31,4258.13,4258.14,14
1790260740,2026-09-24 12:39,2026-09-24 14:39,4258.4,4261.43,4258.23,4259.92,14
1790260920,2026-09-24 12:42,2026-09-24 14:42,4259.95,4260.6,4258.54,4260.59,14
1790261100,2026-09-24 12:45,2026-09-24 14:45,4260.6,4261.5,4259.57,4259.94,14
1790261280,2026-09-24 12:48,2026-09-24 14:48,4259.95,4261.57,4259.9,4260.63,14
1790261460,2026-09-24 12:51,2026-09-24 14:51,4260.62,4261.28,4259.7,4259.88,14
1790261640,2026-09-24 12:54,2026-09-24 14:54,4259.78,4261.53,4258.88,4261.21,14
1790261820,2026-09-24 12:57,2026-09-24 14:57,4261.29,4266.52,4260.47,4266.05,14
1790262000,2026-09-24 13:00,2026-09-24 15:00,4266.04,4266.66,4261.47,4264.69,14
1790262180,2026-09-24 13:03,2026-09-24 15:03,4264.74,4265.03,4260.58,4262.7,14
1790262360,2026-09-24 13:06,2026-09-24 15:06,4262.52,4266.22,4260.77,4266.04,14
1790262540,2026-09-24 13:09,2026-09-24 15:09,4266.03,4266.65,4264.32,4265.83,14
1790262720,2026-09-24 13:12,2026-09-24 15:12,4265.98,4270.11,4265.89,4268.74,14
1790262900,2026-09-24 13:15,2026-09-24 15:15,4268.73,4271.15,4267.8,4269.01,14
1790263080,2026-09-24 13:18,2026-09-24 15:18,4269.06,4271.37,4267.76,4269.79,14
1790263260,2026-09-24 13:21,2026-09-24 15:21,4269.91,4271.9,4269.2,4269.24,14
1790263440,2026-09-24 13:24,2026-09-24 15:24,4269.22,4270.92,4266.78,4268.05,14
1790263620,2026-09-24 13:27,2026-09-24 15:27,4268.25,4271.49,4268.23,4271.34,14
1790263800,2026-09-24 13:30,2026-09-24 15:30,4271.36,4273.23,4268.28,4269.78,14
1790263980,2026-09-24 13:33,2026-09-24 15:33,4269.94,4269.94,4265.07,4266.45,14
1790264160,2026-09-24 13:36,2026-09-24 15:36,4266.51,4269.4,4265.17,4266.92,14
1790264340,2026-09-24 13:39,2026-09-24 15:39,4266.94,4273.6,4266.94,4273.6,14
1790264520,2026-09-24 13:42,2026-09-24 15:42,4273.55,4274.12,4269.89,4271.95,14
1790264700,2026-09-24 13:45,2026-09-24 15:45,4271.92,4274.64,4271.22,4273.59,14
1790264880,2026-09-24 13:48,2026-09-24 15:48,4273.61,4276.36,4272.64,4274.27,14
1790265060,2026-09-24 13:51,2026-09-24 15:51,4274.3,4279.53,4273.81,4275.83,14
1790265240,2026-09-24 13:54,2026-09-24 15:54,4275.85,4282.99,4275.84,4281.68,14
1790265420,2026-09-24 13:57,2026-09-24 15:57,4281.69,4283.04,4280.43,4280.84,14
1790265600,2026-09-24 14:00,2026-09-24 16:00,4280.94,4284.8,4280.62,4283.72,14
1790265780,2026-09-24 14:03,2026-09-24 16:03,4283.73,4283.93,4279.15,4279.8,14
1790265960,2026-09-24 14:06,2026-09-24 16:06,4279.84,4280.5,4276.94,4279.86,14
1790266140,2026-09-24 14:09,2026-09-24 16:09,4279.84,4282.66,4278.79,4281.22,14
1790266320,2026-09-24 14:12,2026-09-24 16:12,4281.2,4282.3,4277.27,4278.22,14
1790266500,2026-09-24 14:15,2026-09-24 16:15,4278.18,4278.63,4276.09,4277.06,14
1790266680,2026-09-24 14:18,2026-09-24 16:18,4277.08,4279.1,4276.76,4277.37,14
1790266860,2026-09-24 14:21,2026-09-24 16:21,4277.54,4278.39,4275.86,4277.11,14
1790267040,2026-09-24 14:24,2026-09-24 16:24,4277.0,4278.19,4275.64,4277.67,14
1790267220,2026-09-24 14:27,2026-09-24 16:27,4277.68,4277.77,4275.72,4276.62,14
1790267400,2026-09-24 14:30,2026-09-24 16:30,4276.63,4278.08,4273.87,4274.34,14
1790267580,2026-09-24 14:33,2026-09-24 16:33,4274.36,4276.34,4271.24,4271.49,14
1790267760,2026-09-24 14:36,2026-09-24 16:36,4271.48,4273.62,4270.07,4273.23,14
1790267940,2026-09-24 14:39,2026-09-24 16:39,4273.33,4275.96,4267.2,4268.6,14
1790268120,2026-09-24 14:42,2026-09-24 16:42,4268.83,4273.99,4268.83,4273.27,14
1790268300,2026-09-24 14:45,2026-09-24 16:45,4273.38,4276.59,4270.5,4271.63,14
1790268480,2026-09-24 14:48,2026-09-24 16:48,4271.51,4273.26,4269.58,4270.99,14
1790268660,2026-09-24 14:51,2026-09-24 16:51,4271.09,4272.21,4266.07,4266.9,14
1790268840,2026-09-24 14:54,2026-09-24 16:54,4267.02,4269.85,4265.15,4266.81,14
1790269020,2026-09-24 14:57,2026-09-24 16:57,4266.83,4268.05,4264.96,4267.45,14
1790269200,2026-09-24 15:00,2026-09-24 17:00,4267.18,4268.47,4265.34,4267.0,14
1790269380,2026-09-24 15:03,2026-09-24 17:03,4266.51,4271.24,4266.23,4268.74,14
1790269560,2026-09-24 15:06,2026-09-24 17:06,4268.82,4273.43,4267.75,4271.73,14
1790269740,2026-09-24 15:09,2026-09-24 17:09,4271.71,4272.23,4267.47,4268.17,14
1790269920,2026-09-24 15:12,2026-09-24 17:12,4268.25,4271.89,4267.17,4269.86,14
1790270100,2026-09-24 15:15,2026-09-24 17:15,4269.9,4271.76,4264.05,4267.77,14
1790270280,2026-09-24 15:18,2026-09-24 17:18,4267.66,4269.26,4262.85,4264.12,14
1790270460,2026-09-24 15:21,2026-09-24 17:21,4264.03,4264.08,4261.67,4262.14,14
1790270640,2026-09-24 15:24,2026-09-24 17:24,4262.15,4264.63,4261.11,4264.63,14
1790270820,2026-09-24 15:27,2026-09-24 17:27,4264.65,4269.06,4263.92,4267.42,14
1790271000,2026-09-24 15:30,2026-09-24 17:30,4266.38,4266.48,4259.82,4260.57,14
1790271180,2026-09-24 15:33,2026-09-24 17:33,4260.59,4262.47,4256.83,4262.47,14
1790271360,2026-09-24 15:36,2026-09-24 17:36,4262.14,4262.21,4257.01,4257.14,14
1790271540,2026-09-24 15:39,2026-09-24 17:39,4257.23,4257.78,4254.5,4254.89,14
1790271720,2026-09-24 15:42,2026-09-24 17:42,4254.83,4257.5,4254.15,4256.75,14
1790271900,2026-09-24 15:45,2026-09-24 17:45,4256.76,4258.31,4254.74,4257.2,14
1790272080,2026-09-24 15:48,2026-09-24 17:48,4257.3,4261.52,4256.49,4258.79,14
1790272260,2026-09-24 15:51,2026-09-24 17:51,4258.86,4262.04,4258.02,4260.88,14
1790272440,2026-09-24 15:54,2026-09-24 17:54,4260.87,4261.76,4255.55,4255.67,14
1790272620,2026-09-24 15:57,2026-09-24 17:57,4255.65,4255.69,4252.54,4253.34,14
1790272800,2026-09-24 16:00,2026-09-24 18:00,4253.35,4254.38,4250.56,4251.32,14
1790272980,2026-09-24 16:03,2026-09-24 18:03,4251.31,4253.71,4249.96,4250.64,14
1790273160,2026-09-24 16:06,2026-09-24 18:06,4250.67,4251.54,4248.63,4250.38,14
1790273340,2026-09-24 16:09,2026-09-24 18:09,4250.39,4251.08,4249.19,4250.85,14
1790273520,2026-09-24 16:12,2026-09-24 18:12,4250.55,4250.71,4244.6,4247.16,14
1790273700,2026-09-24 16:15,2026-09-24 18:15,4247.18,4253.07,4246.55,4250.81,14
1790273880,2026-09-24 16:18,2026-09-24 18:18,4250.69,4253.31,4249.28,4251.14,14
1790274060,2026-09-24 16:21,2026-09-24 18:21,4251.11,4255.21,4250.43,4254.75,14
1790274240,2026-09-24 16:24,2026-09-24 18:24,4254.7,4255.47,4251.33,4251.8,14
1790274420,2026-09-24 16:27,2026-09-24 18:27,4251.81,4252.1,4249.14,4250.52,14
1790274600,2026-09-24 16:30,2026-09-24 18:30,4250.62,4250.98,4246.4,4248.63,14
1790274780,2026-09-24 16:33,2026-09-24 18:33,4248.59,4250.02,4246.78,4249.05,14
1790274960,2026-09-24 16:36,2026-09-24 18:36,4249.18,4252.99,4248.63,4252.76,14
1790275140,2026-09-24 16:39,2026-09-24 18:39,4252.75,4254.56,4251.24,4253.09,14
1790275320,2026-09-24 16:42,2026-09-24 18:42,4253.03,4255.34,4252.36,4255.32,14
1790275500,2026-09-24 16:45,2026-09-24 18:45,4255.28,4257.01,4253.26,4255.85,14
1790275680,2026-09-24 16:48,2026-09-24 18:48,4255.87,4258.16,4253.63,4257.73,14
1790275860,2026-09-24 16:51,2026-09-24 18:51,4257.72,4260.63,4257.18,4257.22,14
1790276040,2026-09-24 16:54,2026-09-24 18:54,4257.26,4257.82,4254.7,4256.86,14
1790276220,2026-09-24 16:57,2026-09-24 18:57,4256.85,4257.48,4255.66,4256.56,14
1790276400,2026-09-24 17:00,2026-09-24 19:00,4256.68,4257.51,4254.52,4256.34,14
1790276580,2026-09-24 17:03,2026-09-24 19:03,4256.29,4258.48,4255.7,4257.78,14
1790276760,2026-09-24 17:06,2026-09-24 19:06,4257.79,4258.09,4252.97,4254.15,14
1790276940,2026-09-24 17:09,2026-09-24 19:09,4254.16,4254.54,4252.49,4253.81,14
1790277120,2026-09-24 17:12,2026-09-24 19:12,4253.94,4258.53,4252.88,4258.4,14
1790277300,2026-09-24 17:15,2026-09-24 19:15,4259.03,4287.13,4258.31,4280.26,14
1790277480,2026-09-24 17:18,2026-09-24 19:18,4280.29,4288.33,4272.24,4276.1,16
1790277660,2026-09-24 17:21,2026-09-24 19:21,4276.14,4279.54,4272.19,4272.19,14
1790277840,2026-09-24 17:24,2026-09-24 19:24,4272.07,4278.0,4271.41,4274.23,14
1790278020,2026-09-24 17:27,2026-09-24 19:27,4274.0,4277.1,4271.73,4275.97,14
1790278200,2026-09-24 17:30,2026-09-24 19:30,4276.07,4278.21,4270.37,4272.38,14
1790278380,2026-09-24 17:33,2026-09-24 19:33,4272.54,4277.07,4271.83,4275.48,14
1790278560,2026-09-24 17:36,2026-09-24 19:36,4275.6,4278.57,4274.85,4275.36,14
1790278740,2026-09-24 17:39,2026-09-24 19:39,4275.39,4280.47,4274.47,4280.15,14
1790278920,2026-09-24 17:42,2026-09-24 19:42,4280.66,4285.29,4274.19,4274.24,14
1790279100,2026-09-24 17:45,2026-09-24 19:45,4274.25,4277.43,4272.93,4276.08,14
1790279280,2026-09-24 17:48,2026-09-24 19:48,4276.18,4277.14,4274.21,4274.25,14
1790279460,2026-09-24 17:51,2026-09-24 19:51,4274.33,4278.71,4271.02,4272.33,14
1790279640,2026-09-24 17:54,2026-09-24 19:54,4272.29,4276.03,4271.88,4275.49,14
1790279820,2026-09-24 17:57,2026-09-24 19:57,4275.43,4276.55,4273.28,4273.28,14
1790280000,2026-09-24 18:00,2026-09-24 20:00,4273.29,4274.58,4269.02,4273.97,14
1790280180,2026-09-24 18:03,2026-09-24 20:03,4273.99,4277.97,4269.83,4272.2,14
1790280360,2026-09-24 18:06,2026-09-24 20:06,4272.39,4273.78,4270.14,4272.27,14
1790280540,2026-09-24 18:09,2026-09-24 20:09,4272.2,4272.24,4266.56,4269.07,14
1790280720,2026-09-24 18:12,2026-09-24 20:12,4269.04,4271.98,4267.91,4271.17,14
1790280900,2026-09-24 18:15,2026-09-24 20:15,4271.25,4271.38,4266.11,4266.41,14
1790281080,2026-09-24 18:18,2026-09-24 20:18,4266.26,4267.8,4261.99,4264.2,14
1790281260,2026-09-24 18:21,2026-09-24 20:21,4264.22,4265.9,4263.3,4263.59,14
1790281440,2026-09-24 18:24,2026-09-24 20:24,4263.54,4264.7,4259.3,4260.44,14
1790281620,2026-09-24 18:27,2026-09-24 20:27,4260.51,4263.41,4259.79,4263.18,14
1790281800,2026-09-24 18:30,2026-09-24 20:30,4263.26,4265.55,4262.93,4264.81,14
1790281980,2026-09-24 18:33,2026-09-24 20:33,4264.69,4267.36,4262.19,4262.94,14
1790282160,2026-09-24 18:36,2026-09-24 20:36,4262.96,4263.64,4261.6,4262.05,14
1790282340,2026-09-24 18:39,2026-09-24 20:39,4261.99,4262.89,4260.59,4260.6,14
1790282520,2026-09-24 18:42,2026-09-24 20:42,4260.63,4261.92,4258.22,4258.8,14
1790282700,2026-09-24 18:45,2026-09-24 20:45,4258.79,4260.62,4257.9,4260.62,14
1790282880,2026-09-24 18:48,2026-09-24 20:48,4260.64,4260.64,4257.8,4259.29,14
1790283060,2026-09-24 18:51,2026-09-24 20:51,4259.43,4261.63,4258.51,4260.66,14
1790283240,2026-09-24 18:54,2026-09-24 20:54,4260.4,4262.57,4259.64,4262.25,14
1790283420,2026-09-24 18:57,2026-09-24 20:57,4262.22,4266.06,4261.63,4264.66,14
1790283600,2026-09-24 19:00,2026-09-24 21:00,4264.7,4265.9,4257.99,4259.01,14
1790283780,2026-09-24 19:03,2026-09-24 21:03,4259.04,4259.94,4256.35,4258.43,14
1790283960,2026-09-24 19:06,2026-09-24 21:06,4258.45,4263.38,4258.04,4261.67,14
1790284140,2026-09-24 19:09,2026-09-24 21:09,4261.73,4267.27,4261.5,4266.6,14
1790284320,2026-09-24 19:12,2026-09-24 21:12,4266.66,4269.87,4266.49,4269.43,14
1790284500,2026-09-24 19:15,2026-09-24 21:15,4269.45,4272.06,4267.57,4269.94,14
1790284680,2026-09-24 19:18,2026-09-24 21:18,4269.91,4271.49,4267.0,4267.0,14
1790284860,2026-09-24 19:21,2026-09-24 21:21,4266.96,4269.5,4266.87,4269.35,14
1790285040,2026-09-24 19:24,2026-09-24 21:24,4269.31,4275.16,4268.33,4273.83,14
1790285220,2026-09-24 19:27,2026-09-24 21:27,4273.76,4275.26,4272.62,4274.56,14
1790285400,2026-09-24 19:30,2026-09-24 21:30,4274.57,4276.97,4272.32,4272.54,14
1790285580,2026-09-24 19:33,2026-09-24 21:33,4272.61,4273.8,4267.83,4268.13,14
1790285760,2026-09-24 19:36,2026-09-24 21:36,4268.12,4277.98,4267.59,4277.83,14
1790285940,2026-09-24 19:39,2026-09-24 21:39,4278.22,4281.62,4272.72,4274.87,14
1790286120,2026-09-24 19:42,2026-09-24 21:42,4274.89,4274.89,4269.78,4271.75,14
1790286300,2026-09-24 19:45,2026-09-24 21:45,4271.72,4272.8,4270.49,4270.54,14
1790286480,2026-09-24 19:48,2026-09-24 21:48,4270.56,4276.83,4270.56,4276.52,14
1790286660,2026-09-24 19:51,2026-09-24 21:51,4276.5,4276.58,4273.16,4273.48,14
1790286840,2026-09-24 19:54,2026-09-24 21:54,4273.45,4275.0,4273.25,4274.27,14
1790287020,2026-09-24 19:57,2026-09-24 21:57,4274.28,4274.99,4271.33,4271.79,14
1790287200,2026-09-24 20:00,2026-09-24 22:00,4271.85,4272.69,4268.26,4268.84,14
1790287380,2026-09-24 20:03,2026-09-24 22:03,4268.98,4269.91,4266.91,4268.67,14
1790287560,2026-09-24 20:06,2026-09-24 22:06,4268.65,4270.63,4268.39,4269.92,14
1790287740,2026-09-24 20:09,2026-09-24 22:09,4269.93,4270.02,4267.42,4268.17,14
1790287920,2026-09-24 20:12,2026-09-24 22:12,4268.18,4269.6,4267.61,4267.73,14
1790288100,2026-09-24 20:15,2026-09-24 22:15,4267.69,4271.1,4267.69,4270.64,14
1790288280,2026-09-24 20:18,2026-09-24 22:18,4270.54,4271.92,4269.57,4269.57,14
1790288460,2026-09-24 20:21,2026-09-24 22:21,4269.56,4273.38,4269.56,4273.13,14
1790288640,2026-09-24 20:24,2026-09-24 22:24,4273.12,4276.0,4272.84,4275.5,14
1790288820,2026-09-24 20:27,2026-09-24 22:27,4275.41,4275.46,4271.55,4272.36,14
1790289000,2026-09-24 20:30,2026-09-24 22:30,4272.35,4273.18,4271.6,4272.21,14
1790289180,2026-09-24 20:33,2026-09-24 22:33,4272.22,4273.26,4271.49,4272.27,14
1790289360,2026-09-24 20:36,2026-09-24 22:36,4272.36,4273.75,4271.73,4272.84,14
1790289540,2026-09-24 20:39,2026-09-24 22:39,4272.78,4275.93,4272.77,4274.06,14
1790289720,2026-09-24 20:42,2026-09-24 22:42,4274.07,4275.77,4273.62,4274.64,14
1790289900,2026-09-24 20:45,2026-09-24 22:45,4274.63,4276.06,4273.61,4275.45,14
1790290080,2026-09-24 20:48,2026-09-24 22:48,4275.72,4275.83,4272.79,4273.08,14
1790290260,2026-09-24 20:51,2026-09-24 22:51,4273.1,4274.7,4273.1,4274.33,14
1790290440,2026-09-24 20:54,2026-09-24 22:54,4274.32,4275.25,4273.54,4274.62,14
1790290620,2026-09-24 20:57,2026-09-24 22:57,4274.55,4274.58,4272.43,4273.98,14
1790290800,2026-09-24 21:00,2026-09-24 23:00,4274.04,4274.81,4271.89,4271.9,14
1790290980,2026-09-24 21:03,2026-09-24 23:03,4271.92,4273.29,4271.48,4271.66,17
1790291160,2026-09-24 21:06,2026-09-24 23:06,4271.63,4272.59,4271.48,4271.7,17
1790291340,2026-09-24 21:09,2026-09-24 23:09,4271.67,4272.65,4270.12,4272.39,17
1790291520,2026-09-24 21:12,2026-09-24 23:12,4272.65,4272.95,4269.65,4269.73,17
1790291700,2026-09-24 21:15,2026-09-24 23:15,4269.72,4270.74,4266.18,4266.49,17
1790291880,2026-09-24 21:18,2026-09-24 23:18,4266.51,4266.85,4264.47,4264.86,17
1790292060,2026-09-24 21:21,2026-09-24 23:21,4264.84,4266.04,4264.44,4265.69,17
1790292240,2026-09-24 21:24,2026-09-24 23:24,4265.66,4267.01,4264.9,4265.74,17
1790292420,2026-09-24 21:27,2026-09-24 23:27,4265.97,4266.15,4264.32,4265.49,17
1790292600,2026-09-24 21:30,2026-09-24 23:30,4265.55,4267.4,4265.16,4267.03,17
1790292780,2026-09-24 21:33,2026-09-24 23:33,4267.0,4267.79,4266.7,4267.5,17
1790292960,2026-09-24 21:36,2026-09-24 23:36,4267.52,4268.42,4266.12,4268.12,17
1790293140,2026-09-24 21:39,2026-09-24 23:39,4268.22,4270.99,4267.9,4269.9,17
1790293320,2026-09-24 21:42,2026-09-24 23:42,4269.88,4271.57,4269.52,4270.69,17
1790293500,2026-09-24 21:45,2026-09-24 23:45,4270.78,4272.83,4270.21,4271.05,17
1790293680,2026-09-24 21:48,2026-09-24 23:48,4271.07,4272.29,4270.29,4271.66,17
1790293860,2026-09-24 21:51,2026-09-24 23:51,4271.7,4272.21,4271.4,4271.84,17
1790294040,2026-09-24 21:54,2026-09-24 23:54,4271.89,4274.65,4271.79,4273.85,17
1790294220,2026-09-24 21:57,2026-09-24 23:57,4273.83,4275.39,4273.79,4274.03,17
1790298000,2026-09-24 23:00,2026-09-25 01:00,4268.29,4277.31,4268.29,4274.69,17
1790298180,2026-09-24 23:03,2026-09-25 01:03,4274.63,4275.79,4271.68,4272.47,17
1790298360,2026-09-24 23:06,2026-09-25 01:06,4272.46,4273.5,4271.97,4272.61,17
1790298540,2026-09-24 23:09,2026-09-25 01:09,4272.68,4272.68,4270.47,4270.68,17
1790298720,2026-09-24 23:12,2026-09-25 01:12,4270.7,4271.51,4270.29,4270.59,17
1790298900,2026-09-24 23:15,2026-09-25 01:15,4270.58,4271.1,4269.91,4270.02,14
1790299080,2026-09-24 23:18,2026-09-25 01:18,4270.07,4270.34,4268.21,4269.12,14
1790299260,2026-09-24 23:21,2026-09-25 01:21,4269.25,4269.53,4267.76,4268.91,14
1790299440,2026-09-24 23:24,2026-09-25 01:24,4268.92,4271.52,4268.92,4271.14,14
1790299620,2026-09-24 23:27,2026-09-25 01:27,4271.12,4271.61,4270.56,4271.24,14
1790299800,2026-09-24 23:30,2026-09-25 01:30,4271.23,4273.11,4270.86,4271.62,14
1790299980,2026-09-24 23:33,2026-09-25 01:33,4271.65,4272.66,4270.83,4271.15,14
1790300160,2026-09-24 23:36,2026-09-25 01:36,4271.14,4271.87,4270.6,4271.01,14
1790300340,2026-09-24 23:39,2026-09-25 01:39,4271.06,4272.35,4269.01,4271.5,14
1790300520,2026-09-24 23:42,2026-09-25 01:42,4271.49,4272.33,4270.05,4271.02,14
1790300700,2026-09-24 23:45,2026-09-25 01:45,4271.03,4272.12,4270.76,4270.95,14
1790300880,2026-09-24 23:48,2026-09-25 01:48,4271.0,4272.2,4271.0,4272.07,14
1790301060,2026-09-24 23:51,2026-09-25 01:51,4272.18,4272.3,4271.06,4271.11,14
1790301240,2026-09-24 23:54,2026-09-25 01:54,4271.31,4274.44,4271.3,4273.23,14
1790301420,2026-09-24 23:57,2026-09-25 01:57,4273.24,4273.29,4272.26,4272.8,14
1790301600,2026-09-25 00:00,2026-09-25 02:00,4272.83,4274.16,4272.4,4273.88,14
1790301780,2026-09-25 00:03,2026-09-25 02:03,4273.86,4275.33,4273.32,4274.52,14
1790301960,2026-09-25 00:06,2026-09-25 02:06,4274.79,4275.11,4272.04,4272.44,14
1790302140,2026-09-25 00:09,2026-09-25 02:09,4272.4,4274.41,4272.08,4273.28,14
1790302320,2026-09-25 00:12,2026-09-25 02:12,4273.24,4274.78,4272.78,4273.34,14
1790302500,2026-09-25 00:15,2026-09-25 02:15,4273.22,4273.92,4271.64,4272.72,14
1790302680,2026-09-25 00:18,2026-09-25 02:18,4272.67,4274.99,4272.07,4272.83,14
1790302860,2026-09-25 00:21,2026-09-25 02:21,4272.96,4273.66,4272.47,4272.89,14
1790303040,2026-09-25 00:24,2026-09-25 02:24,4272.9,4273.53,4271.63,4272.14,14
1790303220,2026-09-25 00:27,2026-09-25 02:27,4272.15,4272.89,4271.72,4271.96,14
1790303400,2026-09-25 00:30,2026-09-25 02:30,4271.97,4274.06,4271.12,4273.06,14
1790303580,2026-09-25 00:33,2026-09-25 02:33,4273.02,4274.26,4272.18,4272.91,14
1790303760,2026-09-25 00:36,2026-09-25 02:36,4273.03,4274.56,4272.63,4274.29,14
1790303940,2026-09-25 00:39,2026-09-25 02:39,4274.27,4275.76,4273.49,4273.83,14
1790304120,2026-09-25 00:42,2026-09-25 02:42,4273.81,4274.44,4273.28,4274.44,14
1790304300,2026-09-25 00:45,2026-09-25 02:45,4274.43,4274.56,4272.55,4273.6,14
1790304480,2026-09-25 00:48,2026-09-25 02:48,4273.57,4273.59,4270.11,4270.54,14
1790304660,2026-09-25 00:51,2026-09-25 02:51,4270.53,4270.98,4269.21,4269.36,14
1790304840,2026-09-25 00:54,2026-09-25 02:54,4269.26,4269.43,4265.66,4266.5,14
1790305020,2026-09-25 00:57,2026-09-25 02:57,4266.48,4266.96,4264.84,4265.02,14
1790305200,2026-09-25 01:00,2026-09-25 03:00,4265.05,4269.65,4264.36,4268.82,14
1790305380,2026-09-25 01:03,2026-09-25 03:03,4268.98,4270.45,4267.63,4269.11,14
1790305560,2026-09-25 01:06,2026-09-25 03:06,4269.29,4269.59,4267.11,4268.79,14
1790305740,2026-09-25 01:09,2026-09-25 03:09,4268.78,4269.95,4266.88,4266.88,14
1790305920,2026-09-25 01:12,2026-09-25 03:12,4266.9,4268.33,4265.59,4266.55,14
1790306100,2026-09-25 01:15,2026-09-25 03:15,4266.65,4268.47,4264.7,4267.87,14
1790306280,2026-09-25 01:18,2026-09-25 03:18,4267.84,4268.52,4266.47,4266.78,14
1790306460,2026-09-25 01:21,2026-09-25 03:21,4266.74,4270.49,4266.51,4269.75,14
1790306640,2026-09-25 01:24,2026-09-25 03:24,4269.78,4270.39,4268.45,4270.15,14
1790306820,2026-09-25 01:27,2026-09-25 03:27,4270.3,4270.68,4268.42,4270.37,14
1790307000,2026-09-25 01:30,2026-09-25 03:30,4270.34,4270.36,4266.98,4269.61,14
1790307180,2026-09-25 01:33,2026-09-25 03:33,4269.57,4270.69,4268.74,4270.08,14
1790307360,2026-09-25 01:36,2026-09-25 03:36,4270.28,4270.4,4268.87,4268.98,14
1790307540,2026-09-25 01:39,2026-09-25 03:39,4269.04,4272.51,4268.97,4271.54,14
1790307720,2026-09-25 01:42,2026-09-25 03:42,4271.55,4272.02,4270.53,4271.39,14
1790307900,2026-09-25 01:45,2026-09-25 03:45,4271.29,4272.07,4270.14,4270.83,14
1790308080,2026-09-25 01:48,2026-09-25 03:48,4270.92,4274.34,4270.75,4272.75,14
1790308260,2026-09-25 01:51,2026-09-25 03:51,4272.79,4274.36,4272.29,4273.52,14
1790308440,2026-09-25 01:54,2026-09-25 03:54,4273.53,4276.47,4272.63,4276.02,14
1790308620,2026-09-25 01:57,2026-09-25 03:57,4276.01,4281.18,4276.01,4278.57,14
1790308800,2026-09-25 02:00,2026-09-25 04:00,4278.68,4283.41,4276.64,4282.49,14
1790308980,2026-09-25 02:03,2026-09-25 04:03,4282.65,4283.85,4280.7,4281.9,14
1790309160,2026-09-25 02:06,2026-09-25 04:06,4282.47,4285.44,4282.02,4284.25,14
1790309340,2026-09-25 02:09,2026-09-25 04:09,4284.28,4288.1,4283.73,4287.51,14
1790309520,2026-09-25 02:12,2026-09-25 04:12,4287.37,4290.67,4285.42,4290.06,14
1790309700,2026-09-25 02:15,2026-09-25 04:15,4290.03,4291.96,4289.49,4291.09,14
1790309880,2026-09-25 02:18,2026-09-25 04:18,4291.0,4291.95,4288.6,4291.6,14
1790310060,2026-09-25 02:21,2026-09-25 04:21,4291.57,4293.59,4290.39,4292.42,14
1790310240,2026-09-25 02:24,2026-09-25 04:24,4292.41,4293.56,4291.87,4292.6,14
1790310420,2026-09-25 02:27,2026-09-25 04:27,4292.5,4294.35,4292.02,4293.77,14
1790310600,2026-09-25 02:30,2026-09-25 04:30,4293.67,4295.16,4291.46,4293.28,14
1790310780,2026-09-25 02:33,2026-09-25 04:33,4293.27,4294.18,4291.27,4293.48,14
1790310960,2026-09-25 02:36,2026-09-25 04:36,4293.53,4295.42,4293.38,4294.84,14
1790311140,2026-09-25 02:39,2026-09-25 04:39,4294.85,4295.64,4293.41,4294.68,14
1790311320,2026-09-25 02:42,2026-09-25 04:42,4294.51,4295.46,4292.36,4292.42,14
1790311500,2026-09-25 02:45,2026-09-25 04:45,4292.52,4292.66,4288.58,4289.81,14
1790311680,2026-09-25 02:48,2026-09-25 04:48,4289.61,4290.0,4287.22,4287.84,14
1790311860,2026-09-25 02:51,2026-09-25 04:51,4287.71,4288.41,4286.36,4287.42,14
1790312040,2026-09-25 02:54,2026-09-25 04:54,4287.43,4288.38,4287.19,4287.83,14
1790312220,2026-09-25 02:57,2026-09-25 04:57,4287.9,4289.34,4287.2,4287.8,14
1790312400,2026-09-25 03:00,2026-09-25 05:00,4288.1,4292.16,4287.91,4291.55,14
1790312580,2026-09-25 03:03,2026-09-25 05:03,4291.47,4292.79,4290.41,4292.0,14
1790312760,2026-09-25 03:06,2026-09-25 05:06,4292.12,4294.59,4291.03,4293.55,14
1790312940,2026-09-25 03:09,2026-09-25 05:09,4293.35,4295.27,4292.55,4292.59,14
1790313120,2026-09-25 03:12,2026-09-25 05:12,4292.84,4293.12,4290.15,4290.39,14
1790313300,2026-09-25 03:15,2026-09-25 05:15,4290.26,4290.77,4288.9,4289.36,14
1790313480,2026-09-25 03:18,2026-09-25 05:18,4289.38,4292.35,4289.33,4291.8,14
1790313660,2026-09-25 03:21,2026-09-25 05:21,4292.23,4292.5,4290.17,4290.17,14
1790313840,2026-09-25 03:24,2026-09-25 05:24,4290.16,4291.4,4289.27,4290.11,14
1790314020,2026-09-25 03:27,2026-09-25 05:27,4289.98,4290.13,4287.89,4287.96,14
1790314200,2026-09-25 03:30,2026-09-25 05:30,4287.94,4288.63,4287.27,4287.79,14
1790314380,2026-09-25 03:33,2026-09-25 05:33,4287.76,4289.1,4286.45,4286.73,14
1790314560,2026-09-25 03:36,2026-09-25 05:36,4286.74,4288.23,4284.34,4285.54,14
1790314740,2026-09-25 03:39,2026-09-25 05:39,4285.57,4286.51,4282.89,4283.25,14
1790314920,2026-09-25 03:42,2026-09-25 05:42,4283.24,4287.65,4282.61,4285.99,14
1790315100,2026-09-25 03:45,2026-09-25 05:45,4285.86,4286.61,4282.72,4282.72,14
1790315280,2026-09-25 03:48,2026-09-25 05:48,4282.87,4282.92,4279.71,4280.32,14
1790315460,2026-09-25 03:51,2026-09-25 05:51,4280.33,4281.57,4277.79,4280.73,14
1790315640,2026-09-25 03:54,2026-09-25 05:54,4280.72,4283.89,4279.86,4282.76,14
1790315820,2026-09-25 03:57,2026-09-25 05:57,4282.77,4284.17,4282.61,4283.75,14
1790316000,2026-09-25 04:00,2026-09-25 06:00,4283.73,4284.63,4282.48,4282.95,14
1790316180,2026-09-25 04:03,2026-09-25 06:03,4282.57,4285.54,4282.19,4284.44,14
1790316360,2026-09-25 04:06,2026-09-25 06:06,4284.45,4286.3,4283.91,4284.46,14
1790316540,2026-09-25 04:09,2026-09-25 06:09,4284.45,4284.86,4283.23,4283.73,14
1790316720,2026-09-25 04:12,2026-09-25 06:12,4283.72,4284.26,4282.49,4282.75,14
1790316900,2026-09-25 04:15,2026-09-25 06:15,4282.74,4284.8,4282.43,4282.77,14
1790317080,2026-09-25 04:18,2026-09-25 06:18,4282.78,4284.43,4282.36,4283.41,14
1790317260,2026-09-25 04:21,2026-09-25 06:21,4283.67,4284.66,4282.64,4282.67,14
1790317440,2026-09-25 04:24,2026-09-25 06:24,4282.66,4283.14,4279.51,4279.59,14
1790317620,2026-09-25 04:27,2026-09-25 06:27,4279.63,4280.0,4278.1,4278.38,14
1790317800,2026-09-25 04:30,2026-09-25 06:30,4278.39,4278.51,4276.65,4277.61,14
1790317980,2026-09-25 04:33,2026-09-25 06:33,4277.63,4278.27,4275.77,4276.29,14
1790318160,2026-09-25 04:36,2026-09-25 06:36,4276.15,4276.5,4273.84,4275.01,14
1790318340,2026-09-25 04:39,2026-09-25 06:39,4275.36,4275.56,4274.18,4275.11,14
1790318520,2026-09-25 04:42,2026-09-25 06:42,4275.1,4276.39,4273.63,4273.63,14
1790318700,2026-09-25 04:45,2026-09-25 06:45,4273.76,4274.46,4271.6,4272.19,14
1790318880,2026-09-25 04:48,2026-09-25 06:48,4272.18,4273.41,4271.41,4273.01,14
1790319060,2026-09-25 04:51,2026-09-25 06:51,4273.12,4273.25,4271.85,4271.96,14
1790319240,2026-09-25 04:54,2026-09-25 06:54,4272.23,4272.62,4271.09,4272.0,14
1790319420,2026-09-25 04:57,2026-09-25 06:57,4271.91,4271.91,4269.6,4270.37,14
1790319600,2026-09-25 05:00,2026-09-25 07:00,4270.38,4271.48,4270.03,4270.63,14
1790319780,2026-09-25 05:03,2026-09-25 07:03,4270.92,4272.31,4269.13,4271.77,14
1790319960,2026-09-25 05:06,2026-09-25 07:06,4271.71,4272.26,4269.13,4270.09,14
1790320140,2026-09-25 05:09,2026-09-25 07:09,4270.07,4271.34,4269.33,4270.01,14
1790320320,2026-09-25 05:12,2026-09-25 07:12,4270.04,4270.71,4268.3,4268.67,14
1790320500,2026-09-25 05:15,2026-09-25 07:15,4268.6,4269.38,4267.72,4269.26,14
1790320680,2026-09-25 05:18,2026-09-25 07:18,4269.25,4269.99,4267.77,4269.48,14
1790320860,2026-09-25 05:21,2026-09-25 07:21,4269.51,4270.18,4268.45,4269.79,14
1790321040,2026-09-25 05:24,2026-09-25 07:24,4269.82,4271.09,4269.53,4270.43,14
1790321220,2026-09-25 05:27,2026-09-25 07:27,4270.44,4272.06,4269.84,4270.98,14
1790321400,2026-09-25 05:30,2026-09-25 07:30,4271.15,4272.04,4270.64,4271.07,14
1790321580,2026-09-25 05:33,2026-09-25 07:33,4271.01,4271.95,4270.14,4271.07,14
1790321760,2026-09-25 05:36,2026-09-25 07:36,4271.09,4272.33,4270.35,4271.12,14
1790321940,2026-09-25 05:39,2026-09-25 07:39,4271.37,4272.91,4270.11,4272.14,14
1790322120,2026-09-25 05:42,2026-09-25 07:42,4272.13,4273.55,4271.75,4272.18,14
1790322300,2026-09-25 05:45,2026-09-25 07:45,4272.16,4273.38,4271.21,4271.32,14
1790322480,2026-09-25 05:48,2026-09-25 07:48,4271.33,4272.24,4268.09,4268.63,14
1790322660,2026-09-25 05:51,2026-09-25 07:51,4268.74,4269.85,4267.11,4267.9,14
1790322840,2026-09-25 05:54,2026-09-25 07:54,4267.91,4268.43,4263.65,4264.75,14
1790323020,2026-09-25 05:57,2026-09-25 07:57,4264.72,4265.56,4262.55,4263.3,14
1790323200,2026-09-25 06:00,2026-09-25 08:00,4263.1,4264.21,4260.99,4261.84,14
1790323380,2026-09-25 06:03,2026-09-25 08:03,4261.94,4263.06,4258.77,4261.86,14
1790323560,2026-09-25 06:06,2026-09-25 08:06,4261.91,4262.18,4258.97,4261.16,14
1790323740,2026-09-25 06:09,2026-09-25 08:09,4261.13,4262.03,4256.55,4259.02,14
1790323920,2026-09-25 06:12,2026-09-25 08:12,4259.17,4259.9,4256.52,4257.4,14
1790324100,2026-09-25 06:15,2026-09-25 08:15,4257.47,4260.48,4256.94,4259.86,14
1790324280,2026-09-25 06:18,2026-09-25 08:18,4259.99,4261.64,4259.44,4260.87,14
1790324460,2026-09-25 06:21,2026-09-25 08:21,4260.88,4261.88,4260.8,4260.94,14
1790324640,2026-09-25 06:24,2026-09-25 08:24,4261.0,4262.38,4259.47,4262.21,14
1790324820,2026-09-25 06:27,2026-09-25 08:27,4262.2,4265.16,4261.75,4264.28,14
1790325000,2026-09-25 06:30,2026-09-25 08:30,4264.29,4270.26,4263.08,4269.04,14
1790325180,2026-09-25 06:33,2026-09-25 08:33,4269.05,4272.79,4267.15,4267.5,14
1790325360,2026-09-25 06:36,2026-09-25 08:36,4267.49,4271.86,4265.49,4270.05,14
1790325540,2026-09-25 06:39,2026-09-25 08:39,4269.9,4275.3,4269.51,4274.12,14
1790325720,2026-09-25 06:42,2026-09-25 08:42,4274.11,4274.61,4271.96,4274.45,14
1790325900,2026-09-25 06:45,2026-09-25 08:45,4274.47,4275.64,4272.77,4272.79,14
1790326080,2026-09-25 06:48,2026-09-25 08:48,4273.08,4273.1,4269.76,4271.21,14
1790326260,2026-09-25 06:51,2026-09-25 08:51,4271.31,4272.67,4268.28,4268.95,14
1790326440,2026-09-25 06:54,2026-09-25 08:54,4268.99,4269.61,4266.43,4266.43,14
1790326620,2026-09-25 06:57,2026-09-25 08:57,4266.31,4268.02,4265.83,4266.93,14
1790326800,2026-09-25 07:00,2026-09-25 09:00,4266.9,4272.07,4266.41,4270.95,14
1790326980,2026-09-25 07:03,2026-09-25 09:03,4270.87,4272.43,4268.59,4269.0,14
1790327160,2026-09-25 07:06,2026-09-25 09:06,4268.87,4269.91,4267.45,4268.05,14
1790327340,2026-09-25 07:09,2026-09-25 09:09,4268.03,4274.27,4267.68,4273.91,14
1790327520,2026-09-25 07:12,2026-09-25 09:12,4273.97,4275.53,4273.41,4274.51,14
1790327700,2026-09-25 07:15,2026-09-25 09:15,4274.47,4281.51,4274.09,4279.53,14
1790327880,2026-09-25 07:18,2026-09-25 09:18,4279.33,4280.03,4277.31,4279.56,14
1790328060,2026-09-25 07:21,2026-09-25 09:21,4279.52,4281.08,4275.74,4276.23,14
1790328240,2026-09-25 07:24,2026-09-25 09:24,4276.22,4279.24,4275.31,4276.81,14
1790328420,2026-09-25 07:27,2026-09-25 09:27,4276.84,4278.29,4274.4,4274.94,14
1790328600,2026-09-25 07:30,2026-09-25 09:30,4274.96,4276.01,4274.49,4275.3,14
1790328780,2026-09-25 07:33,2026-09-25 09:33,4275.31,4277.58,4274.63,4277.08,14
1790328960,2026-09-25 07:36,2026-09-25 09:36,4277.03,4277.69,4274.54,4276.95,14
1790329140,2026-09-25 07:39,2026-09-25 09:39,4276.85,4277.79,4275.93,4276.89,14
1790329320,2026-09-25 07:42,2026-09-25 09:42,4276.91,4277.86,4275.86,4276.75,14
1790329500,2026-09-25 07:45,2026-09-25 09:45,4276.74,4277.85,4275.14,4275.15,14
1790329680,2026-09-25 07:48,2026-09-25 09:48,4275.14,4277.14,4274.85,4275.17,14
1790329860,2026-09-25 07:51,2026-09-25 09:51,4275.28,4276.8,4274.57,4275.35,14
1790330040,2026-09-25 07:54,2026-09-25 09:54,4275.3,4277.75,4274.57,4277.64,14
1790330220,2026-09-25 07:57,2026-09-25 09:57,4277.41,4278.12,4274.92,4275.94,14
1790330400,2026-09-25 08:00,2026-09-25 10:00,4275.93,4280.49,4275.71,4276.25,14
1790330580,2026-09-25 08:03,2026-09-25 10:03,4276.31,4277.68,4272.92,4277.16,14
1790330760,2026-09-25 08:06,2026-09-25 10:06,4276.95,4278.87,4275.77,4276.9,14
1790330940,2026-09-25 08:09,2026-09-25 10:09,4276.9,4277.84,4274.86,4276.63,14
1790331120,2026-09-25 08:12,2026-09-25 10:12,4276.6,4276.9,4274.19,4275.05,14
1790331300,2026-09-25 08:15,2026-09-25 10:15,4275.15,4277.45,4274.14,4275.43,14
1790331480,2026-09-25 08:18,2026-09-25 10:18,4275.38,4275.5,4272.0,4274.29,14
1790331660,2026-09-25 08:21,2026-09-25 10:21,4274.37,4275.69,4273.53,4275.46,14
1790331840,2026-09-25 08:24,2026-09-25 10:24,4275.42,4275.71,4272.25,4272.42,14
1790332020,2026-09-25 08:27,2026-09-25 10:27,4272.54,4274.22,4271.45,4274.03,14
1790332200,2026-09-25 08:30,2026-09-25 10:30,4274.0,4278.14,4272.61,4272.82,14
1790332380,2026-09-25 08:33,2026-09-25 10:33,4272.86,4279.54,4271.14,4278.42,14
1790332560,2026-09-25 08:36,2026-09-25 10:36,4278.45,4280.02,4277.42,4278.51,14
1790332740,2026-09-25 08:39,2026-09-25 10:39,4278.18,4278.54,4274.4,4276.12,14
1790332920,2026-09-25 08:42,2026-09-25 10:42,4276.18,4277.82,4275.79,4276.61,14
1790333100,2026-09-25 08:45,2026-09-25 10:45,4276.81,4280.86,4276.8,4279.09,14
1790333280,2026-09-25 08:48,2026-09-25 10:48,4279.1,4279.53,4277.06,4278.25,14
1790333460,2026-09-25 08:51,2026-09-25 10:51,4278.27,4280.38,4277.6,4279.86,14
1790333640,2026-09-25 08:54,2026-09-25 10:54,4279.77,4280.56,4277.8,4280.36,14
1790333820,2026-09-25 08:57,2026-09-25 10:57,4280.37,4281.92,4279.03,4279.78,14
1790334000,2026-09-25 09:00,2026-09-25 11:00,4279.77,4281.7,4276.2,4276.48,14
1790334180,2026-09-25 09:03,2026-09-25 11:03,4276.57,4277.47,4274.94,4276.57,14
1790334360,2026-09-25 09:06,2026-09-25 11:06,4276.61,4278.76,4275.91,4277.98,14
1790334540,2026-09-25 09:09,2026-09-25 11:09,4278.01,4280.16,4277.62,4279.91,14
1790334720,2026-09-25 09:12,2026-09-25 11:12,4279.88,4282.49,4279.18,4281.98,14
1790334900,2026-09-25 09:15,2026-09-25 11:15,4282.11,4284.22,4281.01,4281.27,14
1790335080,2026-09-25 09:18,2026-09-25 11:18,4281.38,4281.86,4280.34,4280.43,14
1790335260,2026-09-25 09:21,2026-09-25 11:21,4280.56,4281.1,4279.17,4280.15,14
1790335440,2026-09-25 09:24,2026-09-25 11:24,4280.09,4281.77,4278.56,4279.94,14
1790335620,2026-09-25 09:27,2026-09-25 11:27,4279.79,4285.07,4279.21,4284.33,14
1790335800,2026-09-25 09:30,2026-09-25 11:30,4284.21,4287.03,4283.69,4286.31,14
1790335980,2026-09-25 09:33,2026-09-25 11:33,4286.59,4289.45,4286.54,4288.02,14
1790336160,2026-09-25 09:36,2026-09-25 11:36,4287.99,4289.04,4285.25,4286.51,14
1790336340,2026-09-25 09:39,2026-09-25 11:39,4286.52,4288.44,4285.43,4288.12,14
1790336520,2026-09-25 09:42,2026-09-25 11:42,4288.26,4292.41,4287.97,4292.22,14
1790336700,2026-09-25 09:45,2026-09-25 11:45,4292.2,4297.4,4291.66,4292.5,14
1790336880,2026-09-25 09:48,2026-09-25 11:48,4292.19,4292.3,4290.22,4290.62,14
1790337060,2026-09-25 09:51,2026-09-25 11:51,4290.84,4293.79,4290.46,4292.12,14
1790337240,2026-09-25 09:54,2026-09-25 11:54,4292.13,4294.29,4291.07,4293.62,14
1790337420,2026-09-25 09:57,2026-09-25 11:57,4293.65,4294.7,4292.61,4293.28,14
1790337600,2026-09-25 10:00,2026-09-25 12:00,4293.19,4297.12,4292.99,4296.08,14
1790337780,2026-09-25 10:03,2026-09-25 12:03,4295.96,4297.56,4293.76,4294.92,14
1790337960,2026-09-25 10:06,2026-09-25 12:06,4294.77,4297.2,4293.89,4297.2,14
1790338140,2026-09-25 10:09,2026-09-25 12:09,4297.16,4297.87,4295.02,4295.35,14
1790338320,2026-09-25 10:12,2026-09-25 12:12,4295.46,4296.88,4294.01,4294.02,17
1790338500,2026-09-25 10:15,2026-09-25 12:15,4294.1,4295.2,4291.94,4292.05,17
1790338680,2026-09-25 10:18,2026-09-25 12:18,4292.0,4294.63,4290.7,4293.03,17
1790338860,2026-09-25 10:21,2026-09-25 12:21,4293.01,4296.6,4292.31,4294.5,14
1790339040,2026-09-25 10:24,2026-09-25 12:24,4294.54,4296.76,4290.5,4290.62,14
1790339220,2026-09-25 10:27,2026-09-25 12:27,4290.63,4291.2,4289.58,4290.84,14
1790339400,2026-09-25 10:30,2026-09-25 12:30,4291.06,4295.5,4289.96,4295.29,14
1790339580,2026-09-25 10:33,2026-09-25 12:33,4295.31,4297.63,4294.49,4296.61,14
1790339760,2026-09-25 10:36,2026-09-25 12:36,4296.65,4296.75,4293.43,4293.63,14
1790339940,2026-09-25 10:39,2026-09-25 12:39,4293.6,4294.69,4292.42,4293.28,14
1790340120,2026-09-25 10:42,2026-09-25 12:42,4293.29,4295.22,4292.23,4294.39,14
1790340300,2026-09-25 10:45,2026-09-25 12:45,4294.33,4294.88,4291.86,4291.9,14
1790340480,2026-09-25 10:48,2026-09-25 12:48,4291.89,4293.12,4291.34,4292.17,14
1790340660,2026-09-25 10:51,2026-09-25 12:51,4292.19,4293.75,4291.25,4292.85,14
1790340840,2026-09-25 10:54,2026-09-25 12:54,4292.98,4293.81,4291.12,4292.64,14
1790341020,2026-09-25 10:57,2026-09-25 12:57,4292.67,4295.4,4292.32,4295.18,14
1790341200,2026-09-25 11:00,2026-09-25 13:00,4295.04,4296.5,4294.04,4295.46,14
1790341380,2026-09-25 11:03,2026-09-25 13:03,4295.45,4298.79,4293.78,4298.69,14
1790341560,2026-09-25 11:06,2026-09-25 13:06,4298.74,4303.58,4296.46,4302.6,14
1790341740,2026-09-25 11:09,2026-09-25 13:09,4302.59,4303.28,4298.88,4300.88,14
1790341920,2026-09-25 11:12,2026-09-25 13:12,4300.87,4308.16,4299.82,4307.24,14
1790342100,2026-09-25 11:15,2026-09-25 13:15,4307.29,4307.59,4303.97,4304.57,14
1790342280,2026-09-25 11:18,2026-09-25 13:18,4304.55,4305.55,4303.49,4305.04,14
1790342460,2026-09-25 11:21,2026-09-25 13:21,4305.15,4309.05,4305.15,4308.01,14
1790342640,2026-09-25 11:24,2026-09-25 13:24,4308.12,4309.65,4306.04,4309.16,14
1790342820,2026-09-25 11:27,2026-09-25 13:27,4309.0,4309.24,4307.51,4308.1,14
1790343000,2026-09-25 11:30,2026-09-25 13:30,4308.18,4308.9,4306.07,4306.07,14
1790343180,2026-09-25 11:33,2026-09-25 13:33,4305.97,4307.18,4305.2,4305.81,14
1790343360,2026-09-25 11:36,2026-09-25 13:36,4305.85,4307.16,4303.23,4303.57,14
1790343540,2026-09-25 11:39,2026-09-25 13:39,4303.59,4303.93,4302.17,4303.28,14
1790343720,2026-09-25 11:42,2026-09-25 13:42,4303.02,4306.25,4302.93,4305.48,14
1790343900,2026-09-25 11:45,2026-09-25 13:45,4305.51,4305.98,4303.76,4305.66,14
1790344080,2026-09-25 11:48,2026-09-25 13:48,4305.64,4306.38,4304.47,4305.25,14
1790344260,2026-09-25 11:51,2026-09-25 13:51,4305.27,4306.65,4304.26,4306.09,14
1790344440,2026-09-25 11:54,2026-09-25 13:54,4306.19,4311.18,4305.97,4310.91,14
1790344620,2026-09-25 11:57,2026-09-25 13:57,4310.89,4311.63,4309.77,4311.0,14
1790344800,2026-09-25 12:00,2026-09-25 14:00,4311.13,4312.23,4309.39,4309.94,14
1790344980,2026-09-25 12:03,2026-09-25 14:03,4309.8,4311.41,4309.49,4310.62,14
1790345160,2026-09-25 12:06,2026-09-25 14:06,4310.61,4314.88,4310.61,4314.84,14
1790345340,2026-09-25 12:09,2026-09-25 14:09,4314.51,4315.78,4313.74,4314.6,14
1790345520,2026-09-25 12:12,2026-09-25 14:12,4314.81,4314.81,4311.06,4312.25,14
1790345700,2026-09-25 12:15,2026-09-25 14:15,4312.28,4314.22,4310.9,4311.17,14
1790345880,2026-09-25 12:18,2026-09-25 14:18,4311.42,4312.0,4309.21,4309.63,14
1790346060,2026-09-25 12:21,2026-09-25 14:21,4309.65,4310.75,4308.46,4308.79,14
1790346240,2026-09-25 12:24,2026-09-25 14:24,4308.9,4311.4,4308.21,4308.75,14
1790346420,2026-09-25 12:27,2026-09-25 14:27,4308.57,4309.48,4304.56,4304.57,14
1790346600,2026-09-25 12:30,2026-09-25 14:30,4304.67,4306.36,4304.35,4304.64,14
1790346780,2026-09-25 12:33,2026-09-25 14:33,4304.64,4308.7,4303.22,4305.99,14
1790346960,2026-09-25 12:36,2026-09-25 14:36,4306.18,4306.29,4302.42,4302.87,14
1790347140,2026-09-25 12:39,2026-09-25 14:39,4302.86,4303.08,4299.74,4301.1,14
1790347320,2026-09-25 12:42,2026-09-25 14:42,4301.12,4301.79,4299.78,4301.59,14
1790347500,2026-09-25 12:45,2026-09-25 14:45,4301.59,4304.04,4300.12,4303.46,14
1790347680,2026-09-25 12:48,2026-09-25 14:48,4303.3,4304.38,4302.53,4303.11,14
1790347860,2026-09-25 12:51,2026-09-25 14:51,4303.19,4304.94,4302.73,4304.06,14
1790348040,2026-09-25 12:54,2026-09-25 14:54,4304.15,4305.18,4303.13,4303.83,14
1790348220,2026-09-25 12:57,2026-09-25 14:57,4303.85,4305.52,4302.74,4303.14,14
1790348400,2026-09-25 13:00,2026-09-25 15:00,4303.15,4304.66,4301.95,4303.82,14
1790348580,2026-09-25 13:03,2026-09-25 15:03,4303.78,4304.64,4301.97,4301.97,14
1790348760,2026-09-25 13:06,2026-09-25 15:06,4301.95,4305.06,4301.48,4302.68,14
1790348940,2026-09-25 13:09,2026-09-25 15:09,4302.69,4304.25,4300.51,4303.54,14
1790349120,2026-09-25 13:12,2026-09-25 15:12,4303.43,4303.77,4297.79,4299.75,14
1790349300,2026-09-25 13:15,2026-09-25 15:15,4299.78,4301.77,4298.02,4298.22,14
1790349480,2026-09-25 13:18,2026-09-25 15:18,4298.23,4302.04,4297.6,4301.33,14
1790349660,2026-09-25 13:21,2026-09-25 15:21,4301.23,4306.79,4301.22,4304.34,14
1790349840,2026-09-25 13:24,2026-09-25 15:24,4304.49,4307.96,4302.73,4307.03,14
1790350020,2026-09-25 13:27,2026-09-25 15:27,4307.06,4309.41,4305.64,4306.67,14
1790350200,2026-09-25 13:30,2026-09-25 15:30,4306.61,4307.17,4299.69,4300.62,14
1790350380,2026-09-25 13:33,2026-09-25 15:33,4300.57,4302.63,4299.46,4299.64,14
1790350560,2026-09-25 13:36,2026-09-25 15:36,4299.62,4301.56,4298.61,4300.97,14
1790350740,2026-09-25 13:39,2026-09-25 15:39,4301.1,4303.2,4299.05,4301.09,14
1790350920,2026-09-25 13:42,2026-09-25 15:42,4301.02,4303.12,4297.18,4301.56,14
1790351100,2026-09-25 13:45,2026-09-25 15:45,4301.67,4308.84,4299.34,4307.88,14
1790351280,2026-09-25 13:48,2026-09-25 15:48,4307.75,4307.75,4301.09,4302.31,14
1790351460,2026-09-25 13:51,2026-09-25 15:51,4302.32,4302.71,4296.97,4301.16,14
1790351640,2026-09-25 13:54,2026-09-25 15:54,4301.13,4301.7,4298.34,4299.97,14
1790351820,2026-09-25 13:57,2026-09-25 15:57,4299.96,4300.04,4297.41,4298.26,14
1790352000,2026-09-25 14:00,2026-09-25 16:00,4298.19,4299.63,4291.77,4293.68,14
1790352180,2026-09-25 14:03,2026-09-25 16:03,4293.63,4295.48,4291.72,4293.75,14
1790352360,2026-09-25 14:06,2026-09-25 16:06,4293.93,4298.63,4293.92,4295.8,14
1790352540,2026-09-25 14:09,2026-09-25 16:09,4295.81,4297.93,4295.42,4296.2,14
1790352720,2026-09-25 14:12,2026-09-25 16:12,4296.22,4297.67,4292.41,4292.74,14
1790352900,2026-09-25 14:15,2026-09-25 16:15,4292.75,4294.15,4291.62,4293.48,14
1790353080,2026-09-25 14:18,2026-09-25 16:18,4293.43,4293.43,4288.79,4289.36,14
1790353260,2026-09-25 14:21,2026-09-25 16:21,4289.31,4290.91,4286.16,4286.16,14
1790353440,2026-09-25 14:24,2026-09-25 16:24,4286.25,4287.12,4280.36,4282.44,14
1790353620,2026-09-25 14:27,2026-09-25 16:27,4282.19,4282.19,4277.98,4278.46,14
1790353800,2026-09-25 14:30,2026-09-25 16:30,4278.53,4280.55,4273.47,4280.19,15
1790353980,2026-09-25 14:33,2026-09-25 16:33,4280.09,4282.24,4277.32,4279.62,14
1790354160,2026-09-25 14:36,2026-09-25 16:36,4279.51,4284.59,4278.1,4282.59,14
1790354340,2026-09-25 14:39,2026-09-25 16:39,4282.62,4283.11,4279.3,4281.6,14
1790354520,2026-09-25 14:42,2026-09-25 16:42,4281.54,4282.78,4277.02,4279.29,14
1790354700,2026-09-25 14:45,2026-09-25 16:45,4279.22,4280.94,4274.31,4275.98,14
1790354880,2026-09-25 14:48,2026-09-25 16:48,4276.05,4281.33,4275.4,4280.04,14
1790355060,2026-09-25 14:51,2026-09-25 16:51,4280.07,4283.76,4278.6,4282.23,14
1790355240,2026-09-25 14:54,2026-09-25 16:54,4282.15,4282.46,4277.42,4277.93,14
1790355420,2026-09-25 14:57,2026-09-25 16:57,4277.94,4278.33,4275.37,4275.96,14
1790355600,2026-09-25 15:00,2026-09-25 17:00,4275.83,4278.12,4267.75,4267.82,14
1790355780,2026-09-25 15:03,2026-09-25 17:03,4268.12,4268.18,4254.75,4255.6,16
1790355960,2026-09-25 15:06,2026-09-25 17:06,4255.85,4267.11,4254.96,4266.58,14
1790356140,2026-09-25 15:09,2026-09-25 17:09,4266.31,4267.55,4263.66,4265.06,14
1790356320,2026-09-25 15:12,2026-09-25 17:12,4265.11,4267.86,4264.1,4267.51,14
1790356500,2026-09-25 15:15,2026-09-25 17:15,4267.42,4267.42,4260.09,4262.1,14
1790356680,2026-09-25 15:18,2026-09-25 17:18,4262.12,4268.29,4261.41,4268.14,14
1790356860,2026-09-25 15:21,2026-09-25 17:21,4268.01,4269.31,4265.79,4268.64,14
1790357040,2026-09-25 15:24,2026-09-25 17:24,4268.63,4270.79,4267.38,4269.69,14
1790357220,2026-09-25 15:27,2026-09-25 17:27,4269.71,4270.95,4265.9,4265.96,14
1790357400,2026-09-25 15:30,2026-09-25 17:30,4265.95,4265.99,4262.48,4264.78,14
1790357580,2026-09-25 15:33,2026-09-25 17:33,4264.73,4267.69,4263.52,4266.75,14
1790357760,2026-09-25 15:36,2026-09-25 17:36,4266.71,4272.7,4265.55,4271.9,14
1790357940,2026-09-25 15:39,2026-09-25 17:39,4271.94,4272.37,4268.68,4269.7,14
1790358120,2026-09-25 15:42,2026-09-25 17:42,4269.68,4273.11,4268.48,4272.95,14
1790358300,2026-09-25 15:45,2026-09-25 17:45,4272.94,4277.35,4269.59,4274.46,14
1790358480,2026-09-25 15:48,2026-09-25 17:48,4274.44,4279.28,4274.3,4276.5,14
1790358660,2026-09-25 15:51,2026-09-25 17:51,4276.52,4278.92,4273.06,4275.24,14
1790358840,2026-09-25 15:54,2026-09-25 17:54,4275.17,4280.78,4275.16,4277.9,14
1790359020,2026-09-25 15:57,2026-09-25 17:57,4277.97,4280.52,4276.45,4278.93,14
1790359200,2026-09-25 16:00,2026-09-25 18:00,4278.96,4281.6,4278.08,4279.16,14
1790359380,2026-09-25 16:03,2026-09-25 18:03,4279.46,4282.75,4278.09,4280.13,14
1790359560,2026-09-25 16:06,2026-09-25 18:06,4280.23,4281.46,4276.73,4277.07,14
1790359740,2026-09-25 16:09,2026-09-25 18:09,4277.0,4277.67,4274.43,4276.11,14
1790359920,2026-09-25 16:12,2026-09-25 18:12,4276.17,4280.67,4275.41,4280.24,14
1790360100,2026-09-25 16:15,2026-09-25 18:15,4280.25,4281.4,4278.79,4280.18,14
1790360280,2026-09-25 16:18,2026-09-25 18:18,4280.14,4281.0,4272.57,4274.71,14
1790360460,2026-09-25 16:21,2026-09-25 18:21,4274.82,4279.97,4274.03,4277.66,14
1790360640,2026-09-25 16:24,2026-09-25 18:24,4277.64,4279.42,4275.43,4279.4,14
1790360820,2026-09-25 16:27,2026-09-25 18:27,4279.33,4281.29,4279.21,4279.58,14
1790361000,2026-09-25 16:30,2026-09-25 18:30,4279.57,4285.59,4279.13,4284.19,14
1790361180,2026-09-25 16:33,2026-09-25 18:33,4283.54,4285.62,4281.96,4282.98,14
1790361360,2026-09-25 16:36,2026-09-25 18:36,4282.72,4282.72,4277.19,4277.29,14
1790361540,2026-09-25 16:39,2026-09-25 18:39,4277.3,4278.76,4276.16,4277.95,14
1790361720,2026-09-25 16:42,2026-09-25 18:42,4277.92,4278.37,4274.54,4274.86,14
1790361900,2026-09-25 16:45,2026-09-25 18:45,4275.02,4275.52,4271.41,4273.97,14
1790362080,2026-09-25 16:48,2026-09-25 18:48,4273.94,4274.74,4271.37,4271.77,14
1790362260,2026-09-25 16:51,2026-09-25 18:51,4271.69,4273.59,4269.85,4272.63,14
1790362440,2026-09-25 16:54,2026-09-25 18:54,4272.68,4279.93,4272.24,4277.9,14
1790362620,2026-09-25 16:57,2026-09-25 18:57,4278.03,4290.72,4277.27,4290.72,14
1790362800,2026-09-25 17:00,2026-09-25 19:00,4291.42,4296.07,4289.2,4293.65,14
1790362980,2026-09-25 17:03,2026-09-25 19:03,4293.62,4299.1,4291.51,4293.93,14
1790363160,2026-09-25 17:06,2026-09-25 19:06,4293.97,4300.24,4291.33,4293.4,14
1790363340,2026-09-25 17:09,2026-09-25 19:09,4293.25,4296.27,4291.59,4292.82,14
1790363520,2026-09-25 17:12,2026-09-25 19:12,4292.84,4294.18,4287.13,4290.3,14
1790363700,2026-09-25 17:15,2026-09-25 19:15,4290.29,4292.57,4287.97,4290.06,14
1790363880,2026-09-25 17:18,2026-09-25 19:18,4290.05,4291.32,4287.54,4288.21,14
1790364060,2026-09-25 17:21,2026-09-25 19:21,4288.22,4289.48,4284.75,4286.83,14
1790364240,2026-09-25 17:24,2026-09-25 19:24,4286.95,4292.15,4285.71,4292.02,14
1790364420,2026-09-25 17:27,2026-09-25 19:27,4291.94,4292.9,4290.81,4291.93,14
1790364600,2026-09-25 17:30,2026-09-25 19:30,4292.0,4293.1,4289.86,4290.14,14
1790364780,2026-09-25 17:33,2026-09-25 19:33,4290.13,4291.1,4279.55,4286.65,14
1790364960,2026-09-25 17:36,2026-09-25 19:36,4286.55,4288.42,4283.3,4287.5,14
1790365140,2026-09-25 17:39,2026-09-25 19:39,4287.5,4288.75,4284.63,4285.82,14
1790365320,2026-09-25 17:42,2026-09-25 19:42,4285.53,4289.06,4285.5,4287.25,14
1790365500,2026-09-25 17:45,2026-09-25 19:45,4287.05,4287.47,4284.13,4284.62,14
1790365680,2026-09-25 17:48,2026-09-25 19:48,4284.61,4285.29,4281.64,4283.95,14
1790365860,2026-09-25 17:51,2026-09-25 19:51,4283.92,4286.01,4283.49,4284.32,14
1790366040,2026-09-25 17:54,2026-09-25 19:54,4284.31,4287.35,4284.14,4286.23,14
1790366220,2026-09-25 17:57,2026-09-25 19:57,4286.26,4287.93,4284.59,4286.21,14
1790366400,2026-09-25 18:00,2026-09-25 20:00,4286.26,4291.3,4285.21,4290.5,14
1790366580,2026-09-25 18:03,2026-09-25 20:03,4290.49,4292.19,4290.35,4290.83,14
1790366760,2026-09-25 18:06,2026-09-25 20:06,4290.78,4292.09,4289.6,4290.24,14
1790366940,2026-09-25 18:09,2026-09-25 20:09,4290.18,4292.99,4289.65,4291.78,14
1790367120,2026-09-25 18:12,2026-09-25 20:12,4291.87,4292.82,4290.84,4291.41,14
1790367300,2026-09-25 18:15,2026-09-25 20:15,4291.46,4291.75,4289.54,4290.75,14
1790367480,2026-09-25 18:18,2026-09-25 20:18,4290.71,4291.98,4288.96,4291.58,14
1790367660,2026-09-25 18:21,2026-09-25 20:21,4291.55,4291.76,4289.57,4290.45,14
1790367840,2026-09-25 18:24,2026-09-25 20:24,4290.44,4293.06,4290.31,4291.28,14
1790368020,2026-09-25 18:27,2026-09-25 20:27,4291.31,4291.54,4284.94,4286.57,14
1790368200,2026-09-25 18:30,2026-09-25 20:30,4286.71,4286.77,4284.91,4286.2,14
1790368380,2026-09-25 18:33,2026-09-25 20:33,4286.03,4287.86,4283.16,4283.68,14
1790368560,2026-09-25 18:36,2026-09-25 20:36,4283.67,4283.89,4279.69,4282.06,14
1790368740,2026-09-25 18:39,2026-09-25 20:39,4282.08,4288.05,4281.35,4286.94,14
1790368920,2026-09-25 18:42,2026-09-25 20:42,4286.96,4288.03,4285.65,4285.85,14
1790369100,2026-09-25 18:45,2026-09-25 20:45,4285.83,4287.0,4282.01,4282.79,14
1790369280,2026-09-25 18:48,2026-09-25 20:48,4282.83,4285.29,4282.11,4284.24,14
1790369460,2026-09-25 18:51,2026-09-25 20:51,4284.24,4284.88,4283.17,4284.72,14
1790369640,2026-09-25 18:54,2026-09-25 20:54,4284.6,4285.57,4283.12,4283.76,14
1790369820,2026-09-25 18:57,2026-09-25 20:57,4283.77,4284.07,4282.31,4283.19,14
1790370000,2026-09-25 19:00,2026-09-25 21:00,4283.33,4284.54,4283.12,4283.75,14
1790370180,2026-09-25 19:03,2026-09-25 21:03,4283.78,4284.19,4282.85,4283.18,14
1790370360,2026-09-25 19:06,2026-09-25 21:06,4283.26,4284.8,4283.18,4284.53,14
1790370540,2026-09-25 19:09,2026-09-25 21:09,4284.58,4285.86,4283.41,4283.8,14
1790370720,2026-09-25 19:12,2026-09-25 21:12,4283.85,4284.91,4283.35,4284.88,14
1790370900,2026-09-25 19:15,2026-09-25 21:15,4284.77,4286.64,4284.19,4285.54,14
1790371080,2026-09-25 19:18,2026-09-25 21:18,4285.53,4288.56,4285.43,4287.48,14
1790371260,2026-09-25 19:21,2026-09-25 21:21,4287.57,4288.43,4286.09,4288.43,14
1790371440,2026-09-25 19:24,2026-09-25 21:24,4288.52,4290.47,4286.6,4287.35,14
1790371620,2026-09-25 19:27,2026-09-25 21:27,4287.38,4288.22,4284.18,4287.43,14
1790371800,2026-09-25 19:30,2026-09-25 21:30,4287.42,4291.06,4287.15,4290.16,14
1790371980,2026-09-25 19:33,2026-09-25 21:33,4290.22,4294.24,4289.97,4292.65,14
1790372160,2026-09-25 19:36,2026-09-25 21:36,4292.67,4293.21,4288.65,4290.54,14
1790372340,2026-09-25 19:39,2026-09-25 21:39,4290.57,4290.81,4287.67,4289.82,14
1790372520,2026-09-25 19:42,2026-09-25 21:42,4289.81,4291.88,4289.42,4291.64,14
1790372700,2026-09-25 19:45,2026-09-25 21:45,4291.65,4292.63,4290.67,4291.18,14
1790372880,2026-09-25 19:48,2026-09-25 21:48,4291.24,4295.86,4291.18,4295.4,14
1790373060,2026-09-25 19:51,2026-09-25 21:51,4295.41,4296.25,4294.08,4294.97,14
1790373240,2026-09-25 19:54,2026-09-25 21:54,4295.1,4295.52,4293.83,4294.68,14
1790373420,2026-09-25 19:57,2026-09-25 21:57,4294.65,4295.3,4293.43,4294.95,14
1790373600,2026-09-25 20:00,2026-09-25 22:00,4295.08,4295.9,4291.85,4292.12,14
1790373780,2026-09-25 20:03,2026-09-25 22:03,4292.13,4292.54,4288.75,4290.93,14
1790373960,2026-09-25 20:06,2026-09-25 22:06,4290.96,4294.63,4290.92,4293.09,14
1790374140,2026-09-25 20:09,2026-09-25 22:09,4293.11,4294.4,4292.89,4293.32,14
1790374320,2026-09-25 20:12,2026-09-25 22:12,4293.35,4297.37,4292.41,4296.96,14
1790374500,2026-09-25 20:15,2026-09-25 22:15,4296.95,4296.96,4293.9,4294.06,14
1790374680,2026-09-25 20:18,2026-09-25 22:18,4294.19,4294.43,4291.84,4292.22,14
1790374860,2026-09-25 20:21,2026-09-25 22:21,4292.21,4292.65,4289.61,4290.4,14
1790375040,2026-09-25 20:24,2026-09-25 22:24,4290.14,4291.09,4288.4,4289.34,14
1790375220,2026-09-25 20:27,2026-09-25 22:27,4289.36,4289.85,4287.87,4289.02,14
1790375400,2026-09-25 20:30,2026-09-25 22:30,4289.11,4290.53,4287.86,4288.4,14
1790375580,2026-09-25 20:33,2026-09-25 22:33,4288.39,4290.84,4287.79,4290.45,14
1790375760,2026-09-25 20:36,2026-09-25 22:36,4290.49,4294.3,4290.26,4293.01,14
1790375940,2026-09-25 20:39,2026-09-25 22:39,4293.07,4293.71,4291.97,4292.33,14
1790376120,2026-09-25 20:42,2026-09-25 22:42,4292.37,4293.92,4292.15,4292.31,14
1790376300,2026-09-25 20:45,2026-09-25 22:45,4292.5,4294.41,4292.5,4293.73,14
1790376480,2026-09-25 20:48,2026-09-25 22:48,4293.83,4293.89,4292.31,4293.27,14
1790376660,2026-09-25 20:51,2026-09-25 22:51,4293.37,4293.55,4290.31,4290.51,14
1790376840,2026-09-25 20:54,2026-09-25 22:54,4290.44,4291.07,4289.64,4290.34,14
1790377020,2026-09-25 20:57,2026-09-25 22:57,4290.46,4291.62,4289.72,4291.05,14
1790377200,2026-09-25 21:00,2026-09-25 23:00,4291.02,4292.13,4290.96,4291.77,14
1790377380,2026-09-25 21:03,2026-09-25 23:03,4291.62,4292.04,4290.15,4290.15,17
1790377560,2026-09-25 21:06,2026-09-25 23:06,4290.21,4291.51,4289.65,4291.23,17
1790377740,2026-09-25 21:09,2026-09-25 23:09,4291.22,4291.94,4290.92,4290.92,17
1790377920,2026-09-25 21:12,2026-09-25 23:12,4290.9,4291.47,4290.37,4290.59,17
1790378100,2026-09-25 21:15,2026-09-25 23:15,4290.57,4291.18,4289.75,4289.77,17
1790378280,2026-09-25 21:18,2026-09-25 23:18,4289.78,4290.3,4288.65,4288.66,17
1790378460,2026-09-25 21:21,2026-09-25 23:21,4288.67,4289.09,4288.16,4288.7,17
1790378640,2026-09-25 21:24,2026-09-25 23:24,4288.73,4289.35,4288.2,4288.25,17
1790378820,2026-09-25 21:27,2026-09-25 23:27,4288.31,4288.61,4286.88,4287.43,17
1790379000,2026-09-25 21:30,2026-09-25 23:30,4287.42,4287.5,4286.21,4286.6,17
1790379180,2026-09-25 21:33,2026-09-25 23:33,4286.61,4287.17,4285.72,4286.06,17
1790379360,2026-09-25 21:36,2026-09-25 23:36,4286.03,4286.63,4285.32,4285.69,17
1790379540,2026-09-25 21:39,2026-09-25 23:39,4285.71,4286.2,4285.32,4285.46,17
1790379720,2026-09-25 21:42,2026-09-25 23:42,4285.49,4286.16,4284.71,4284.94,17
1790379900,2026-09-25 21:45,2026-09-25 23:45,4284.87,4285.13,4284.25,4284.57,17
1790380080,2026-09-25 21:48,2026-09-25 23:48,4284.62,4286.63,4284.62,4285.44,17
1790380260,2026-09-25 21:51,2026-09-25 23:51,4285.52,4287.24,4285.24,4286.17,17
1790380440,2026-09-25 21:54,2026-09-25 23:54,4285.89,4286.86,4284.99,4285.94,17
1790380620,2026-09-25 21:57,2026-09-25 23:57,4286.05,4286.27,4284.86,4285.02,17
1790557200,2026-09-27 23:00,2026-09-28 01:00,4277.87,4280.32,4265.1,4267.18,17
1790557380,2026-09-27 23:03,2026-09-28 01:03,4267.02,4274.45,4265.52,4273.72,17
1790557560,2026-09-27 23:06,2026-09-28 01:06,4273.65,4274.98,4271.81,4272.56,17
1790557740,2026-09-27 23:09,2026-09-28 01:09,4272.98,4275.16,4272.32,4274.33,17
1790557920,2026-09-27 23:12,2026-09-28 01:12,4274.38,4274.61,4266.01,4266.36,17
1790558100,2026-09-27 23:15,2026-09-28 01:15,4266.42,4270.52,4266.21,4268.64,14
1790558280,2026-09-27 23:18,2026-09-28 01:18,4268.73,4269.22,4266.32,4266.9,14
1790558460,2026-09-27 23:21,2026-09-28 01:21,4266.91,4269.0,4266.53,4268.36,14
1790558640,2026-09-27 23:24,2026-09-28 01:24,4268.39,4270.58,4268.0,4270.16,14
1790558820,2026-09-27 23:27,2026-09-28 01:27,4270.18,4270.59,4268.8,4268.87,14
1790559000,2026-09-27 23:30,2026-09-28 01:30,4268.84,4268.97,4265.69,4265.91,14
1790559180,2026-09-27 23:33,2026-09-28 01:33,4265.93,4266.04,4261.84,4262.62,14
1790559360,2026-09-27 23:36,2026-09-28 01:36,4262.61,4263.72,4262.24,4263.67,14
1790559540,2026-09-27 23:39,2026-09-28 01:39,4263.64,4263.66,4261.94,4262.55,14
1790559720,2026-09-27 23:42,2026-09-28 01:42,4262.56,4263.03,4261.57,4261.59,14
1790559900,2026-09-27 23:45,2026-09-28 01:45,4261.58,4263.31,4259.49,4260.68,14
1790560080,2026-09-27 23:48,2026-09-28 01:48,4260.68,4260.85,4259.26,4260.07,14
1790560260,2026-09-27 23:51,2026-09-28 01:51,4259.96,4260.25,4259.24,4260.24,14
1790560440,2026-09-27 23:54,2026-09-28 01:54,4260.11,4260.38,4258.13,4259.11,14
1790560620,2026-09-27 23:57,2026-09-28 01:57,4259.18,4260.17,4259.01,4260.17,14
1790560800,2026-09-28 00:00,2026-09-28 02:00,4260.2,4262.11,4257.53,4261.18,14
1790560980,2026-09-28 00:03,2026-09-28 02:03,4261.28,4265.83,4261.1,4265.54,14
1790561160,2026-09-28 00:06,2026-09-28 02:06,4265.45,4266.35,4264.35,4264.45,14
1790561340,2026-09-28 00:09,2026-09-28 02:09,4264.44,4265.91,4263.94,4265.91,14
1790561520,2026-09-28 00:12,2026-09-28 02:12,4265.99,4266.03,4264.3,4265.0,14
1790561700,2026-09-28 00:15,2026-09-28 02:15,4265.11,4265.27,4264.15,4264.63,14
1790561880,2026-09-28 00:18,2026-09-28 02:18,4264.64,4265.45,4264.25,4265.41,14
1790562060,2026-09-28 00:21,2026-09-28 02:21,4265.48,4265.7,4264.9,4264.91,15
1790562240,2026-09-28 00:24,2026-09-28 02:24,4264.92,4265.75,4264.24,4264.33,14
1790562420,2026-09-28 00:27,2026-09-28 02:27,4264.38,4264.61,4262.37,4263.3,14
1790562600,2026-09-28 00:30,2026-09-28 02:30,4263.32,4263.76,4261.42,4262.39,14
1790562780,2026-09-28 00:33,2026-09-28 02:33,4262.4,4262.79,4260.43,4261.36,14
1790562960,2026-09-28 00:36,2026-09-28 02:36,4261.38,4261.92,4260.08,4260.34,14
1790563140,2026-09-28 00:39,2026-09-28 02:39,4260.33,4261.1,4259.35,4259.78,14
1790563320,2026-09-28 00:42,2026-09-28 02:42,4259.7,4261.01,4259.16,4260.52,14
1790563500,2026-09-28 00:45,2026-09-28 02:45,4260.5,4261.39,4259.38,4260.68,14
1790563680,2026-09-28 00:48,2026-09-28 02:48,4260.65,4264.6,4260.62,4264.38,14
1790563860,2026-09-28 00:51,2026-09-28 02:51,4264.42,4265.16,4261.36,4261.67,14
1790564040,2026-09-28 00:54,2026-09-28 02:54,4261.48,4262.63,4259.74,4261.6,14
1790564220,2026-09-28 00:57,2026-09-28 02:57,4261.63,4262.32,4259.8,4260.44,14
1790564400,2026-09-28 01:00,2026-09-28 03:00,4260.41,4261.21,4254.41,4255.36,14
1790564580,2026-09-28 01:03,2026-09-28 03:03,4255.39,4259.12,4254.43,4256.38,14
1790564760,2026-09-28 01:06,2026-09-28 03:06,4256.49,4258.74,4255.67,4255.88,14
1790564940,2026-09-28 01:09,2026-09-28 03:09,4255.81,4256.23,4253.42,4255.24,14
1790565120,2026-09-28 01:12,2026-09-28 03:12,4255.38,4257.12,4254.58,4256.48,14
1790565300,2026-09-28 01:15,2026-09-28 03:15,4256.46,4257.47,4253.61,4255.03,14
1790565480,2026-09-28 01:18,2026-09-28 03:18,4255.07,4255.61,4253.27,4254.58,14
1790565660,2026-09-28 01:21,2026-09-28 03:21,4254.74,4255.53,4252.53,4253.64,14
1790565840,2026-09-28 01:24,2026-09-28 03:24,4253.7,4254.11,4252.55,4254.1,14
1790566020,2026-09-28 01:27,2026-09-28 03:27,4254.05,4254.45,4250.0,4250.0,14
1790566200,2026-09-28 01:30,2026-09-28 03:30,4249.66,4250.39,4228.7,4239.61,14
1790566380,2026-09-28 01:33,2026-09-28 03:33,4239.29,4240.89,4231.27,4234.56,14
1790566560,2026-09-28 01:36,2026-09-28 03:36,4234.51,4238.58,4234.36,4235.4,14
1790566740,2026-09-28 01:39,2026-09-28 03:39,4235.41,4239.85,4231.93,4237.35,14
1790566920,2026-09-28 01:42,2026-09-28 03:42,4237.34,4238.03,4234.14,4236.96,14
1790567100,2026-09-28 01:45,2026-09-28 03:45,4236.88,4239.36,4233.74,4234.53,14
1790567280,2026-09-28 01:48,2026-09-28 03:48,4234.56,4235.82,4231.81,4234.4,14
1790567460,2026-09-28 01:51,2026-09-28 03:51,4234.39,4236.2,4230.93,4232.47,14
1790567640,2026-09-28 01:54,2026-09-28 03:54,4232.52,4235.93,4230.32,4234.33,14
1790567820,2026-09-28 01:57,2026-09-28 03:57,4234.36,4234.59,4227.59,4231.19,14
1790568000,2026-09-28 02:00,2026-09-28 04:00,4231.2,4231.82,4219.05,4219.29,14
1790568180,2026-09-28 02:03,2026-09-28 04:03,4219.28,4227.32,4219.07,4219.82,14
1790568360,2026-09-28 02:06,2026-09-28 04:06,4219.91,4228.27,4219.57,4225.94,14
1790568540,2026-09-28 02:09,2026-09-28 04:09,4226.02,4226.61,4219.11,4220.72,14
1790568720,2026-09-28 02:12,2026-09-28 04:12,4220.71,4221.81,4214.6,4220.87,14
1790568900,2026-09-28 02:15,2026-09-28 04:15,4220.85,4225.82,4220.15,4221.38,14
1790569080,2026-09-28 02:18,2026-09-28 04:18,4221.34,4222.56,4217.96,4219.63,14
1790569260,2026-09-28 02:21,2026-09-28 04:21,4219.57,4222.65,4216.31,4218.17,14
1790569440,2026-09-28 02:24,2026-09-28 04:24,4218.13,4222.44,4217.92,4221.84,14
1790569620,2026-09-28 02:27,2026-09-28 04:27,4221.61,4221.96,4216.29,4220.74,14
1790569800,2026-09-28 02:30,2026-09-28 04:30,4220.66,4223.66,4216.81,4220.3,14
1790569980,2026-09-28 02:33,2026-09-28 04:33,4220.45,4220.47,4214.27,4214.76,14
1790570160,2026-09-28 02:36,2026-09-28 04:36,4214.86,4215.36,4211.75,4212.65,14
1790570340,2026-09-28 02:39,2026-09-28 04:39,4212.52,4215.18,4210.01,4215.07,14
1790570520,2026-09-28 02:42,2026-09-28 04:42,4214.84,4215.42,4208.43,4209.85,14
1790570700,2026-09-28 02:45,2026-09-28 04:45,4209.75,4209.83,4206.07,4209.56,14
1790570880,2026-09-28 02:48,2026-09-28 04:48,4209.51,4212.59,4209.47,4211.84,14
1790571060,2026-09-28 02:51,2026-09-28 04:51,4211.83,4214.65,4210.34,4214.51,14
1790571240,2026-09-28 02:54,2026-09-28 04:54,4214.48,4215.99,4210.09,4215.96,14
1790571420,2026-09-28 02:57,2026-09-28 04:57,4216.07,4217.78,4213.86,4216.26,14
1790571600,2026-09-28 03:00,2026-09-28 05:00,4216.22,4217.42,4211.32,4215.24,14
1790571780,2026-09-28 03:03,2026-09-28 05:03,4215.29,4215.67,4213.25,4215.02,14
1790571960,2026-09-28 03:06,2026-09-28 05:06,4215.04,4216.08,4210.74,4215.6,14
1790572140,2026-09-28 03:09,2026-09-28 05:09,4215.5,4216.5,4213.14,4215.65,14
1790572320,2026-09-28 03:12,2026-09-28 05:12,4215.66,4217.17,4213.81,4216.0,14
1790572500,2026-09-28 03:15,2026-09-28 05:15,4215.88,4217.03,4214.87,4216.44,14
1790572680,2026-09-28 03:18,2026-09-28 05:18,4216.49,4216.92,4214.25,4215.95,14
1790572860,2026-09-28 03:21,2026-09-28 05:21,4215.87,4217.33,4214.49,4215.49,14
1790573040,2026-09-28 03:24,2026-09-28 05:24,4215.4,4217.32,4214.99,4217.28,14
1790573220,2026-09-28 03:27,2026-09-28 05:27,4217.27,4217.56,4214.67,4215.16,14
1790573400,2026-09-28 03:30,2026-09-28 05:30,4214.94,4215.66,4209.74,4210.06,14
1790573580,2026-09-28 03:33,2026-09-28 05:33,4210.13,4212.07,4208.06,4209.11,14
1790573760,2026-09-28 03:36,2026-09-28 05:36,4209.09,4209.85,4206.2,4207.06,14
1790573940,2026-09-28 03:39,2026-09-28 05:39,4206.83,4209.14,4205.38,4206.45,14
1790574120,2026-09-28 03:42,2026-09-28 05:42,4206.28,4208.89,4205.99,4207.37,14
1790574300,2026-09-28 03:45,2026-09-28 05:45,4207.36,4208.83,4205.03,4205.21,14
1790574480,2026-09-28 03:48,2026-09-28 05:48,4205.26,4206.19,4202.93,4202.93,14
1790574660,2026-09-28 03:51,2026-09-28 05:51,4202.94,4203.82,4200.53,4201.8,14
1790574840,2026-09-28 03:54,2026-09-28 05:54,4201.68,4202.29,4195.11,4197.17,14
1790575020,2026-09-28 03:57,2026-09-28 05:57,4197.18,4198.16,4194.51,4196.88,14
1790575200,2026-09-28 04:00,2026-09-28 06:00,4196.9,4201.58,4195.39,4198.09,14
1790575380,2026-09-28 04:03,2026-09-28 06:03,4198.13,4200.55,4196.96,4199.18,14
1790575560,2026-09-28 04:06,2026-09-28 06:06,4199.21,4203.27,4199.14,4203.27,14
1790575740,2026-09-28 04:09,2026-09-28 06:09,4203.17,4203.31,4200.52,4200.78,14
1790575920,2026-09-28 04:12,2026-09-28 06:12,4200.89,4203.17,4200.38,4200.59,14
1790576100,2026-09-28 04:15,2026-09-28 06:15,4200.63,4201.5,4199.21,4200.42,14
1790576280,2026-09-28 04:18,2026-09-28 06:18,4200.32,4200.8,4197.17,4198.64,14
1790576460,2026-09-28 04:21,2026-09-28 06:21,4198.2,4198.28,4194.35,4196.19,14
1790576640,2026-09-28 04:24,2026-09-28 06:24,4196.24,4196.93,4194.46,4195.7,14
1790576820,2026-09-28 04:27,2026-09-28 06:27,4195.81,4197.63,4195.29,4196.03,14
1790577000,2026-09-28 04:30,2026-09-28 06:30,4196.02,4198.25,4193.79,4194.03,14
1790577180,2026-09-28 04:33,2026-09-28 06:33,4194.02,4195.62,4191.53,4194.38,14
1790577360,2026-09-28 04:36,2026-09-28 06:36,4194.39,4195.03,4192.64,4195.02,14
1790577540,2026-09-28 04:39,2026-09-28 06:39,4194.85,4196.3,4194.35,4195.2,14
1790577720,2026-09-28 04:42,2026-09-28 06:42,4195.21,4195.34,4192.64,4193.49,14
1790577900,2026-09-28 04:45,2026-09-28 06:45,4193.41,4194.76,4191.62,4193.09,14
1790578080,2026-09-28 04:48,2026-09-28 06:48,4192.99,4197.78,4192.32,4196.96,14
1790578260,2026-09-28 04:51,2026-09-28 06:51,4196.9,4198.76,4196.8,4198.4,14
1790578440,2026-09-28 04:54,2026-09-28 06:54,4198.31,4199.64,4198.09,4198.48,14
1790578620,2026-09-28 04:57,2026-09-28 06:57,4198.38,4198.59,4196.94,4196.98,14
1790578800,2026-09-28 05:00,2026-09-28 07:00,4196.79,4197.56,4195.29,4197.22,14
1790578980,2026-09-28 05:03,2026-09-28 07:03,4197.23,4197.69,4195.66,4196.37,14
1790579160,2026-09-28 05:06,2026-09-28 07:06,4196.42,4197.94,4195.69,4196.97,14
1790579340,2026-09-28 05:09,2026-09-28 07:09,4197.0,4199.05,4196.88,4199.05,14
1790579520,2026-09-28 05:12,2026-09-28 07:12,4199.02,4199.77,4198.57,4199.55,14
1790579700,2026-09-28 05:15,2026-09-28 07:15,4199.59,4199.7,4196.93,4198.39,14
1790579880,2026-09-28 05:18,2026-09-28 07:18,4198.41,4198.67,4196.78,4197.74,14
1790580060,2026-09-28 05:21,2026-09-28 07:21,4197.76,4197.84,4196.34,4196.67,14
1790580240,2026-09-28 05:24,2026-09-28 07:24,4196.45,4197.76,4195.76,4197.48,14
1790580420,2026-09-28 05:27,2026-09-28 07:27,4197.55,4199.97,4196.41,4199.87,14
1790580600,2026-09-28 05:30,2026-09-28 07:30,4199.83,4200.46,4197.94,4198.01,14
1790580780,2026-09-28 05:33,2026-09-28 07:33,4198.0,4198.76,4196.62,4198.18,14
1790580960,2026-09-28 05:36,2026-09-28 07:36,4198.05,4198.09,4196.37,4197.39,14
1790581140,2026-09-28 05:39,2026-09-28 07:39,4197.4,4199.01,4196.42,4198.77,14
1790581320,2026-09-28 05:42,2026-09-28 07:42,4198.75,4199.5,4197.87,4198.09,14
1790581500,2026-09-28 05:45,2026-09-28 07:45,4198.06,4198.7,4197.27,4197.27,14
1790581680,2026-09-28 05:48,2026-09-28 07:48,4197.32,4197.93,4196.84,4197.86,14
1790581860,2026-09-28 05:51,2026-09-28 07:51,4197.96,4197.96,4196.25,4196.4,14
1790582040,2026-09-28 05:54,2026-09-28 07:54,4196.33,4196.84,4195.49,4196.03,14
1790582220,2026-09-28 05:57,2026-09-28 07:57,4196.04,4197.05,4194.3,4194.9,14
1790582400,2026-09-28 06:00,2026-09-28 08:00,4194.91,4197.8,4194.72,4197.73,14
1790582580,2026-09-28 06:03,2026-09-28 08:03,4197.7,4198.2,4192.77,4193.09,14
1790582760,2026-09-28 06:06,2026-09-28 08:06,4193.08,4193.17,4190.09,4190.76,14
1790582940,2026-09-28 06:09,2026-09-28 08:09,4191.29,4192.79,4191.05,4191.05,14
1790583120,2026-09-28 06:12,2026-09-28 08:12,4190.97,4192.83,4190.7,4192.47,14
1790583300,2026-09-28 06:15,2026-09-28 08:15,4192.36,4194.47,4191.95,4193.89,14
1790583480,2026-09-28 06:18,2026-09-28 08:18,4193.9,4193.9,4188.94,4189.49,14
1790583660,2026-09-28 06:21,2026-09-28 08:21,4189.42,4189.76,4185.09,4186.23,14
1790583840,2026-09-28 06:24,2026-09-28 08:24,4186.34,4189.41,4185.98,4187.87,14
1790584020,2026-09-28 06:27,2026-09-28 08:27,4187.98,4192.04,4187.63,4190.54,14
1790584200,2026-09-28 06:30,2026-09-28 08:30,4190.05,4190.4,4185.49,4187.51,14
1790584380,2026-09-28 06:33,2026-09-28 08:33,4187.61,4187.62,4183.65,4186.62,14
1790584560,2026-09-28 06:36,2026-09-28 08:36,4186.31,4187.16,4183.72,4184.17,14
1790584740,2026-09-28 06:39,2026-09-28 08:39,4184.26,4184.71,4180.38,4180.7,14
1790584920,2026-09-28 06:42,2026-09-28 08:42,4180.69,4184.5,4180.47,4183.79,14
1790585100,2026-09-28 06:45,2026-09-28 08:45,4184.03,4184.29,4181.09,4181.24,14
1790585280,2026-09-28 06:48,2026-09-28 08:48,4181.3,4182.2,4179.92,4181.62,14
1790585460,2026-09-28 06:51,2026-09-28 08:51,4181.78,4182.14,4179.75,4181.33,14
1790585640,2026-09-28 06:54,2026-09-28 08:54,4181.34,4184.87,4181.23,4184.7,14
1790585820,2026-09-28 06:57,2026-09-28 08:57,4184.71,4184.71,4179.17,4179.74,14
1790586000,2026-09-28 07:00,2026-09-28 09:00,4179.67,4179.67,4175.32,4176.64,14
1790586180,2026-09-28 07:03,2026-09-28 09:03,4176.61,4178.05,4175.45,4178.04,14
1790586360,2026-09-28 07:06,2026-09-28 09:06,4177.9,4181.5,4177.19,4180.58,14
1790586540,2026-09-28 07:09,2026-09-28 09:09,4180.6,4181.6,4178.76,4179.85,14
1790586720,2026-09-28 07:12,2026-09-28 09:12,4179.81,4181.36,4177.38,4178.87,14
1790586900,2026-09-28 07:15,2026-09-28 09:15,4178.85,4179.87,4176.73,4177.05,14
1790587080,2026-09-28 07:18,2026-09-28 09:18,4177.03,4177.95,4173.89,4175.79,14
1790587260,2026-09-28 07:21,2026-09-28 09:21,4175.81,4177.95,4171.51,4172.94,14
1790587440,2026-09-28 07:24,2026-09-28 09:24,4172.9,4174.11,4171.61,4172.45,14
1790587620,2026-09-28 07:27,2026-09-28 09:27,4172.43,4172.73,4169.25,4169.87,14
1790587800,2026-09-28 07:30,2026-09-28 09:30,4169.88,4173.56,4168.69,4172.37,14
1790587980,2026-09-28 07:33,2026-09-28 09:33,4172.36,4177.43,4171.88,4176.05,14
1790588160,2026-09-28 07:36,2026-09-28 09:36,4176.03,4176.91,4173.34,4176.03,14
1790588340,2026-09-28 07:39,2026-09-28 09:39,4176.01,4177.98,4175.32,4176.1,14
1790588520,2026-09-28 07:42,2026-09-28 09:42,4176.21,4176.83,4171.7,4172.02,14
1790588700,2026-09-28 07:45,2026-09-28 09:45,4171.94,4174.82,4171.78,4174.11,14
1790588880,2026-09-28 07:48,2026-09-28 09:48,4174.13,4176.99,4172.61,4173.02,14
1790589060,2026-09-28 07:51,2026-09-28 09:51,4173.0,4173.86,4171.37,4172.79,14
1790589240,2026-09-28 07:54,2026-09-28 09:54,4172.95,4172.95,4163.11,4163.11,14
1790589420,2026-09-28 07:57,2026-09-28 09:57,4163.13,4165.33,4162.07,4164.39,14
1790589600,2026-09-28 08:00,2026-09-28 10:00,4164.34,4166.24,4161.92,4165.37,14
1790589780,2026-09-28 08:03,2026-09-28 10:03,4165.26,4166.21,4161.31,4162.8,14
1790589960,2026-09-28 08:06,2026-09-28 10:06,4162.86,4163.71,4161.29,4162.51,14
1790590140,2026-09-28 08:09,2026-09-28 10:09,4162.5,4166.48,4162.17,4163.66,14
1790590320,2026-09-28 08:12,2026-09-28 10:12,4163.75,4163.99,4160.49,4161.12,14
1790590500,2026-09-28 08:15,2026-09-28 10:15,4161.37,4164.49,4161.37,4162.91,14
1790590680,2026-09-28 08:18,2026-09-28 10:18,4162.92,4164.52,4160.46,4161.21,14
1790590860,2026-09-28 08:21,2026-09-28 10:21,4161.25,4161.27,4156.65,4159.7,14
1790591040,2026-09-28 08:24,2026-09-28 10:24,4159.59,4161.9,4156.76,4159.33,14
1790591220,2026-09-28 08:27,2026-09-28 10:27,4159.32,4160.91,4157.68,4158.53,14
1790591400,2026-09-28 08:30,2026-09-28 10:30,4158.27,4160.13,4156.14,4156.89,14
1790591580,2026-09-28 08:33,2026-09-28 10:33,4156.9,4159.38,4156.71,4157.73,14
1790591760,2026-09-28 08:36,2026-09-28 10:36,4157.47,4157.83,4152.41,4154.86,14
1790591940,2026-09-28 08:39,2026-09-28 10:39,4154.84,4158.43,4153.87,4157.0,14
1790592120,2026-09-28 08:42,2026-09-28 10:42,4157.09,4157.75,4153.34,4153.95,14
1790592300,2026-09-28 08:45,2026-09-28 10:45,4153.92,4156.09,4153.14,4155.44,14
1790592480,2026-09-28 08:48,2026-09-28 10:48,4155.43,4157.1,4154.79,4155.38,14
1790592660,2026-09-28 08:51,2026-09-28 10:51,4155.3,4155.81,4152.49,4154.01,14
1790592840,2026-09-28 08:54,2026-09-28 10:54,4153.77,4160.52,4153.3,4155.07,14
1790593020,2026-09-28 08:57,2026-09-28 10:57,4155.06,4156.47,4150.74,4155.62,14
1790593200,2026-09-28 09:00,2026-09-28 11:00,4155.53,4158.64,4154.03,4157.92,14
1790593380,2026-09-28 09:03,2026-09-28 11:03,4157.95,4159.29,4154.4,4157.39,14
1790593560,2026-09-28 09:06,2026-09-28 11:06,4157.18,4158.92,4155.75,4156.38,14
1790593740,2026-09-28 09:09,2026-09-28 11:09,4156.43,4157.61,4154.88,4156.95,14
1790593920,2026-09-28 09:12,2026-09-28 11:12,4156.82,4157.54,4151.64,4156.96,14
1790594100,2026-09-28 09:15,2026-09-28 11:15,4156.93,4157.04,4152.42,4152.69,14
1790594280,2026-09-28 09:18,2026-09-28 11:18,4152.63,4154.32,4150.94,4151.27,14
1790594460,2026-09-28 09:21,2026-09-28 11:21,4151.28,4152.75,4147.27,4148.93,14
1790594640,2026-09-28 09:24,2026-09-28 11:24,4148.8,4153.85,4146.08,4152.62,14
1790594820,2026-09-28 09:27,2026-09-28 11:27,4152.37,4153.19,4143.14,4144.98,14
1790595000,2026-09-28 09:30,2026-09-28 11:30,4144.99,4147.62,4143.42,4146.21,14
1790595180,2026-09-28 09:33,2026-09-28 11:33,4146.15,4150.0,4145.35,4147.94,14
1790595360,2026-09-28 09:36,2026-09-28 11:36,4147.96,4148.41,4142.77,4144.74,14
1790595540,2026-09-28 09:39,2026-09-28 11:39,4144.75,4149.0,4142.77,4149.0,14
1790595720,2026-09-28 09:42,2026-09-28 11:42,4148.99,4151.27,4147.75,4149.35,14
1790595900,2026-09-28 09:45,2026-09-28 11:45,4149.34,4153.05,4147.22,4151.22,14
1790596080,2026-09-28 09:48,2026-09-28 11:48,4151.18,4151.44,4148.96,4149.97,14
1790596260,2026-09-28 09:51,2026-09-28 11:51,4149.91,4150.07,4144.83,4148.29,14
1790596440,2026-09-28 09:54,2026-09-28 11:54,4148.24,4148.46,4145.65,4145.92,14
1790596620,2026-09-28 09:57,2026-09-28 11:57,4145.86,4147.51,4144.51,4144.52,14
1790596800,2026-09-28 10:00,2026-09-28 12:00,4144.4,4146.79,4142.81,4143.6,14
1790596980,2026-09-28 10:03,2026-09-28 12:03,4143.61,4144.58,4140.96,4144.2,14
1790597160,2026-09-28 10:06,2026-09-28 12:06,4144.22,4147.61,4142.72,4143.24,14
1790597340,2026-09-28 10:09,2026-09-28 12:09,4143.25,4144.78,4140.67,4143.08,14
1790597520,2026-09-28 10:12,2026-09-28 12:12,4143.18,4145.82,4141.67,4144.49,14
1790597700,2026-09-28 10:15,2026-09-28 12:15,4144.44,4145.53,4141.59,4142.49,14
1790597880,2026-09-28 10:18,2026-09-28 12:18,4142.5,4147.22,4141.77,4145.48,14
1790598060,2026-09-28 10:21,2026-09-28 12:21,4145.45,4149.13,4145.14,4147.92,14
1790598240,2026-09-28 10:24,2026-09-28 12:24,4147.81,4148.79,4145.25,4146.88,14
1790598420,2026-09-28 10:27,2026-09-28 12:27,4146.81,4147.58,4144.59,4146.63,14
1790598600,2026-09-28 10:30,2026-09-28 12:30,4146.63,4146.97,4143.53,4144.87,14
1790598780,2026-09-28 10:33,2026-09-28 12:33,4144.75,4145.83,4142.34,4145.01,14
1790598960,2026-09-28 10:36,2026-09-28 12:36,4144.99,4148.19,4144.71,4145.8,14
1790599140,2026-09-28 10:39,2026-09-28 12:39,4145.9,4149.88,4144.41,4148.82,14
1790599320,2026-09-28 10:42,2026-09-28 12:42,4148.92,4151.22,4148.75,4149.57,14
1790599500,2026-09-28 10:45,2026-09-28 12:45,4149.59,4152.99,4149.59,4151.57,14
1790599680,2026-09-28 10:48,2026-09-28 12:48,4151.53,4154.72,4151.5,4153.99,14
1790599860,2026-09-28 10:51,2026-09-28 12:51,4154.02,4156.81,4153.03,4155.6,14
1790600040,2026-09-28 10:54,2026-09-28 12:54,4155.83,4157.63,4154.78,4155.21,14
1790600220,2026-09-28 10:57,2026-09-28 12:57,4155.18,4156.94,4153.8,4155.64,14
1790600400,2026-09-28 11:00,2026-09-28 13:00,4155.66,4157.76,4153.64,4156.04,14
1790600580,2026-09-28 11:03,2026-09-28 13:03,4155.95,4158.97,4155.53,4158.08,14
1790600760,2026-09-28 11:06,2026-09-28 13:06,4158.07,4158.74,4153.79,4153.79,14
1790600940,2026-09-28 11:09,2026-09-28 13:09,4153.78,4157.35,4153.52,4153.54,14
1790601120,2026-09-28 11:12,2026-09-28 13:12,4153.53,4158.11,4153.33,4155.21,14
1790601300,2026-09-28 11:15,2026-09-28 13:15,4155.3,4157.29,4153.44,4153.81,14
1790601480,2026-09-28 11:18,2026-09-28 13:18,4153.85,4155.17,4151.82,4152.99,14
1790601660,2026-09-28 11:21,2026-09-28 13:21,4152.85,4155.74,4152.33,4155.65,14
1790601840,2026-09-28 11:24,2026-09-28 13:24,4155.64,4158.33,4153.92,4158.15,14
1790602020,2026-09-28 11:27,2026-09-28 13:27,4158.2,4158.82,4156.28,4158.46,14
1790602200,2026-09-28 11:30,2026-09-28 13:30,4158.37,4158.84,4154.47,4156.58,14
1790602380,2026-09-28 11:33,2026-09-28 13:33,4156.51,4158.51,4155.81,4157.85,14
1790602560,2026-09-28 11:36,2026-09-28 13:36,4157.83,4158.38,4156.27,4156.63,14
1790602740,2026-09-28 11:39,2026-09-28 13:39,4156.65,4159.31,4156.65,4158.92,14
1790602920,2026-09-28 11:42,2026-09-28 13:42,4158.94,4159.1,4155.07,4155.66,14
1790603100,2026-09-28 11:45,2026-09-28 13:45,4155.93,4156.73,4154.24,4154.92,14
1790603280,2026-09-28 11:48,2026-09-28 13:48,4155.13,4156.91,4154.32,4155.86,14
1790603460,2026-09-28 11:51,2026-09-28 13:51,4155.96,4159.27,4155.63,4157.25,14
1790603640,2026-09-28 11:54,2026-09-28 13:54,4157.27,4157.89,4155.77,4156.79,14
1790603820,2026-09-28 11:57,2026-09-28 13:57,4157.0,4158.01,4155.61,4155.71,14
1790604000,2026-09-28 12:00,2026-09-28 14:00,4155.82,4160.04,4150.59,4150.59,14
1790604180,2026-09-28 12:03,2026-09-28 14:03,4150.54,4152.11,4149.19,4150.92,14
1790604360,2026-09-28 12:06,2026-09-28 14:06,4150.93,4152.88,4150.27,4151.89,14
1790604540,2026-09-28 12:09,2026-09-28 14:09,4151.92,4154.08,4150.68,4150.82,14
1790604720,2026-09-28 12:12,2026-09-28 14:12,4150.85,4151.25,4148.57,4150.29,14
1790604900,2026-09-28 12:15,2026-09-28 14:15,4150.21,4155.09,4149.61,4153.07,14
1790605080,2026-09-28 12:18,2026-09-28 14:18,4153.0,4153.2,4148.47,4149.67,14
1790605260,2026-09-28 12:21,2026-09-28 14:21,4149.73,4154.2,4148.28,4153.81,14
1790605440,2026-09-28 12:24,2026-09-28 14:24,4153.88,4155.57,4150.22,4154.7,14
1790605620,2026-09-28 12:27,2026-09-28 14:27,4154.74,4155.8,4153.62,4155.62,14
1790605800,2026-09-28 12:30,2026-09-28 14:30,4155.3,4155.4,4151.63,4152.7,14
1790605980,2026-09-28 12:33,2026-09-28 14:33,4152.65,4153.34,4150.22,4151.22,14
1790606160,2026-09-28 12:36,2026-09-28 14:36,4151.13,4151.25,4148.39,4148.57,14
1790606340,2026-09-28 12:39,2026-09-28 14:39,4148.68,4152.48,4148.68,4151.3,14
1790606520,2026-09-28 12:42,2026-09-28 14:42,4151.32,4152.3,4150.24,4152.3,14
1790606700,2026-09-28 12:45,2026-09-28 14:45,4152.37,4154.57,4151.37,4152.62,14
1790606880,2026-09-28 12:48,2026-09-28 14:48,4152.51,4152.71,4148.12,4150.5,14
1790607060,2026-09-28 12:51,2026-09-28 14:51,4150.44,4151.41,4149.17,4150.28,14
1790607240,2026-09-28 12:54,2026-09-28 14:54,4150.32,4152.81,4147.73,4151.41,14
1790607420,2026-09-28 12:57,2026-09-28 14:57,4151.47,4152.38,4148.28,4149.02,14
1790607600,2026-09-28 13:00,2026-09-28 15:00,4148.92,4149.65,4146.69,4147.86,14
1790607780,2026-09-28 13:03,2026-09-28 15:03,4147.82,4164.0,4147.65,4163.21,14
1790607960,2026-09-28 13:06,2026-09-28 15:06,4163.2,4167.2,4161.1,4164.11,14
1790608140,2026-09-28 13:09,2026-09-28 15:09,4164.07,4165.97,4161.12,4164.48,14
1790608320,2026-09-28 13:12,2026-09-28 15:12,4164.43,4166.31,4163.13,4165.7,14
1790608500,2026-09-28 13:15,2026-09-28 15:15,4165.69,4167.86,4163.99,4165.78,14
1790608680,2026-09-28 13:18,2026-09-28 15:18,4165.75,4171.14,4164.07,4171.14,14
1790608860,2026-09-28 13:21,2026-09-28 15:21,4171.18,4171.18,4162.62,4163.49,14
1790609040,2026-09-28 13:24,2026-09-28 15:24,4163.48,4163.87,4157.72,4160.63,14
1790609220,2026-09-28 13:27,2026-09-28 15:27,4160.82,4161.17,4154.0,4154.63,14
1790609400,2026-09-28 13:30,2026-09-28 15:30,4154.53,4155.01,4149.74,4151.06,14
1790609580,2026-09-28 13:33,2026-09-28 15:33,4151.08,4153.92,4149.65,4152.5,14
1790609760,2026-09-28 13:36,2026-09-28 15:36,4152.37,4152.38,4148.34,4148.53,14
1790609940,2026-09-28 13:39,2026-09-28 15:39,4148.61,4148.61,4144.47,4145.71,14
1790610120,2026-09-28 13:42,2026-09-28 15:42,4145.81,4146.62,4143.02,4145.13,14
1790610300,2026-09-28 13:45,2026-09-28 15:45,4145.14,4148.86,4144.28,4144.76,14
1790610480,2026-09-28 13:48,2026-09-28 15:48,4144.74,4150.17,4143.67,4147.78,14
1790610660,2026-09-28 13:51,2026-09-28 15:51,4148.24,4152.0,4146.96,4151.73,14
1790610840,2026-09-28 13:54,2026-09-28 15:54,4151.71,4153.62,4148.74,4152.85,14
1790611020,2026-09-28 13:57,2026-09-28 15:57,4152.74,4155.89,4151.23,4154.22,14
1790611200,2026-09-28 14:00,2026-09-28 16:00,4154.14,4154.76,4145.29,4146.91,14
1790611380,2026-09-28 14:03,2026-09-28 16:03,4146.95,4150.86,4146.92,4149.55,14
1790611560,2026-09-28 14:06,2026-09-28 16:06,4149.43,4150.74,4146.83,4148.18,14
1790611740,2026-09-28 14:09,2026-09-28 16:09,4148.17,4149.94,4147.24,4148.35,14
1790611920,2026-09-28 14:12,2026-09-28 16:12,4148.36,4150.07,4146.22,4147.44,14
1790612100,2026-09-28 14:15,2026-09-28 16:15,4147.43,4149.89,4146.72,4148.63,14
1790612280,2026-09-28 14:18,2026-09-28 16:18,4148.62,4148.81,4144.74,4145.65,14
1790612460,2026-09-28 14:21,2026-09-28 16:21,4145.6,4148.84,4144.64,4147.0,14
1790612640,2026-09-28 14:24,2026-09-28 16:24,4146.99,4149.47,4144.97,4146.16,14
1790612820,2026-09-28 14:27,2026-09-28 16:27,4146.13,4147.29,4141.55,4142.3,14
1790613000,2026-09-28 14:30,2026-09-28 16:30,4142.31,4146.36,4137.72,4145.72,14
1790613180,2026-09-28 14:33,2026-09-28 16:33,4145.61,4145.61,4135.99,4139.79,14
1790613360,2026-09-28 14:36,2026-09-28 16:36,4139.78,4149.97,4138.43,4148.51,14
1790613540,2026-09-28 14:39,2026-09-28 16:39,4148.56,4150.11,4144.74,4146.43,14
1790613720,2026-09-28 14:42,2026-09-28 16:42,4146.22,4151.43,4145.38,4150.96,14
1790613900,2026-09-28 14:45,2026-09-28 16:45,4151.08,4157.58,4149.34,4156.37,14
1790614080,2026-09-28 14:48,2026-09-28 16:48,4156.4,4160.22,4154.32,4157.47,14
1790614260,2026-09-28 14:51,2026-09-28 16:51,4157.43,4158.12,4151.97,4156.65,14
1790614440,2026-09-28 14:54,2026-09-28 16:54,4156.63,4160.46,4154.15,4155.8,14
1790614620,2026-09-28 14:57,2026-09-28 16:57,4155.78,4159.2,4155.78,4156.99,14
1790614800,2026-09-28 15:00,2026-09-28 17:00,4156.88,4157.31,4151.05,4151.35,14
1790614980,2026-09-28 15:03,2026-09-28 17:03,4151.34,4151.87,4143.5,4144.34,14
1790615160,2026-09-28 15:06,2026-09-28 17:06,4144.32,4145.86,4141.76,4141.98,14
1790615340,2026-09-28 15:09,2026-09-28 17:09,4142.0,4143.29,4139.42,4141.47,14
1790615520,2026-09-28 15:12,2026-09-28 17:12,4141.48,4142.78,4138.12,4139.13,14
1790615700,2026-09-28 15:15,2026-09-28 17:15,4138.99,4141.51,4138.03,4139.97,14
1790615880,2026-09-28 15:18,2026-09-28 17:18,4139.96,4140.77,4136.73,4139.47,14
1790616060,2026-09-28 15:21,2026-09-28 17:21,4139.36,4143.65,4137.61,4141.74,14
1790616240,2026-09-28 15:24,2026-09-28 17:24,4141.65,4144.45,4141.05,4142.42,14
1790616420,2026-09-28 15:27,2026-09-28 17:27,4142.45,4143.59,4140.15,4142.65,14
1790616600,2026-09-28 15:30,2026-09-28 17:30,4142.8,4142.8,4134.85,4135.7,14
1790616780,2026-09-28 15:33,2026-09-28 17:33,4135.87,4138.25,4135.37,4135.58,14
1790616960,2026-09-28 15:36,2026-09-28 17:36,4135.46,4136.68,4131.4,4131.95,14
1790617140,2026-09-28 15:39,2026-09-28 17:39,4131.94,4133.58,4123.94,4125.98,14
1790617320,2026-09-28 15:42,2026-09-28 17:42,4126.0,4126.33,4122.76,4123.22,14
1790617500,2026-09-28 15:45,2026-09-28 17:45,4123.25,4123.87,4116.87,4117.05,14
1790617680,2026-09-28 15:48,2026-09-28 17:48,4116.96,4123.48,4114.21,4121.55,14
1790617860,2026-09-28 15:51,2026-09-28 17:51,4121.82,4122.05,4113.55,4115.66,14
1790618040,2026-09-28 15:54,2026-09-28 17:54,4115.84,4118.78,4114.01,4116.6,14
1790618220,2026-09-28 15:57,2026-09-28 17:57,4116.69,4119.39,4110.77,4118.49,14
1790618400,2026-09-28 16:00,2026-09-28 18:00,4118.71,4121.45,4116.32,4120.05,14
1790618580,2026-09-28 16:03,2026-09-28 18:03,4120.09,4123.49,4119.65,4122.12,14
1790618760,2026-09-28 16:06,2026-09-28 18:06,4122.2,4123.75,4119.69,4120.72,14
1790618940,2026-09-28 16:09,2026-09-28 18:09,4120.74,4122.69,4118.15,4118.72,14
1790619120,2026-09-28 16:12,2026-09-28 18:12,4119.08,4121.34,4118.41,4120.14,14
1790619300,2026-09-28 16:15,2026-09-28 18:15,4120.13,4123.82,4119.42,4123.02,14
1790619480,2026-09-28 16:18,2026-09-28 18:18,4123.03,4126.65,4122.31,4122.82,14
1790619660,2026-09-28 16:21,2026-09-28 18:21,4122.78,4125.42,4119.97,4123.9,14
1790619840,2026-09-28 16:24,2026-09-28 18:24,4123.91,4127.99,4121.84,4124.32,14
1790620020,2026-09-28 16:27,2026-09-28 18:27,4124.3,4126.22,4123.05,4125.08,14
1790620200,2026-09-28 16:30,2026-09-28 18:30,4125.12,4125.84,4120.72,4123.52,14
1790620380,2026-09-28 16:33,2026-09-28 18:33,4123.45,4123.63,4120.81,4122.85,14
1790620560,2026-09-28 16:36,2026-09-28 18:36,4122.75,4125.34,4122.35,4122.86,14
1790620740,2026-09-28 16:39,2026-09-28 18:39,4122.9,4122.9,4119.26,4122.15,14
1790620920,2026-09-28 16:42,2026-09-28 18:42,4121.98,4122.62,4119.14,4120.14,14
1790621100,2026-09-28 16:45,2026-09-28 18:45,4120.13,4120.47,4115.41,4117.91,14
1790621280,2026-09-28 16:48,2026-09-28 18:48,4117.96,4122.55,4117.39,4121.48,14
1790621460,2026-09-28 16:51,2026-09-28 18:51,4121.51,4122.33,4118.1,4118.45,14
1790621640,2026-09-28 16:54,2026-09-28 18:54,4118.63,4122.63,4118.29,4122.54,14
1790621820,2026-09-28 16:57,2026-09-28 18:57,4122.63,4124.49,4122.34,4124.11,14
1790622000,2026-09-28 17:00,2026-09-28 19:00,4124.1,4124.81,4121.77,4121.87,14
1790622180,2026-09-28 17:03,2026-09-28 19:03,4121.86,4124.06,4120.77,4124.03,14
1790622360,2026-09-28 17:06,2026-09-28 19:06,4123.79,4124.54,4121.18,4121.23,14
1790622540,2026-09-28 17:09,2026-09-28 19:09,4121.25,4122.46,4119.05,4119.54,14
1790622720,2026-09-28 17:12,2026-09-28 19:12,4119.63,4120.72,4117.21,4117.56,14
1790622900,2026-09-28 17:15,2026-09-28 19:15,4117.49,4126.65,4116.37,4126.21,14
1790623080,2026-09-28 17:18,2026-09-28 19:18,4126.17,4131.47,4123.58,4131.22,14
1790623260,2026-09-28 17:21,2026-09-28 19:21,4131.28,4133.43,4128.94,4131.94,14
1790623440,2026-09-28 17:24,2026-09-28 19:24,4132.07,4145.01,4130.47,4144.37,14
1790623620,2026-09-28 17:27,2026-09-28 19:27,4144.28,4148.16,4141.69,4143.35,16
1790623800,2026-09-28 17:30,2026-09-28 19:30,4143.36,4145.73,4136.69,4136.69,14
1790623980,2026-09-28 17:33,2026-09-28 19:33,4136.74,4139.89,4134.74,4135.74,14
1790624160,2026-09-28 17:36,2026-09-28 19:36,4135.78,4140.35,4135.47,4136.18,14
1790624340,2026-09-28 17:39,2026-09-28 19:39,4136.16,4137.36,4134.4,4134.68,14
1790624520,2026-09-28 17:42,2026-09-28 19:42,4134.6,4135.38,4131.54,4131.84,14
1790624700,2026-09-28 17:45,2026-09-28 19:45,4131.91,4134.61,4129.04,4130.02,14
1790624880,2026-09-28 17:48,2026-09-28 19:48,4130.0,4131.71,4128.73,4130.13,14
1790625060,2026-09-28 17:51,2026-09-28 19:51,4130.15,4131.85,4128.39,4131.51,14
1790625240,2026-09-28 17:54,2026-09-28 19:54,4131.73,4132.84,4129.79,4130.26,14
1790625420,2026-09-28 17:57,2026-09-28 19:57,4130.22,4130.27,4128.24,4129.96,14
1790625600,2026-09-28 18:00,2026-09-28 20:00,4129.78,4129.82,4127.05,4127.82,14
1790625780,2026-09-28 18:03,2026-09-28 20:03,4127.9,4129.51,4127.5,4128.72,14
1790625960,2026-09-28 18:06,2026-09-28 20:06,4128.65,4128.65,4126.2,4127.03,14
1790626140,2026-09-28 18:09,2026-09-28 20:09,4127.06,4144.17,4126.28,4144.14,14
1790626320,2026-09-28 18:12,2026-09-28 20:12,4144.18,4146.44,4137.56,4141.84,14
1790626500,2026-09-28 18:15,2026-09-28 20:15,4141.77,4141.77,4134.35,4136.05,14
1790626680,2026-09-28 18:18,2026-09-28 20:18,4136.06,4137.04,4133.5,4135.86,14
1790626860,2026-09-28 18:21,2026-09-28 20:21,4135.84,4137.08,4134.88,4134.88,14
1790627040,2026-09-28 18:24,2026-09-28 20:24,4134.98,4138.22,4134.2,4135.88,14
1790627220,2026-09-28 18:27,2026-09-28 20:27,4135.83,4137.96,4134.22,4135.57,14
1790627400,2026-09-28 18:30,2026-09-28 20:30,4135.6,4139.44,4135.52,4138.51,14
1790627580,2026-09-28 18:33,2026-09-28 20:33,4138.47,4139.12,4136.23,4137.08,14
1790627760,2026-09-28 18:36,2026-09-28 20:36,4137.09,4138.36,4135.05,4136.11,14
1790627940,2026-09-28 18:39,2026-09-28 20:39,4136.12,4138.27,4133.64,4138.0,14
1790628120,2026-09-28 18:42,2026-09-28 20:42,4137.77,4138.96,4136.47,4137.31,14
1790628300,2026-09-28 18:45,2026-09-28 20:45,4137.32,4138.53,4135.94,4136.13,14
1790628480,2026-09-28 18:48,2026-09-28 20:48,4136.05,4140.26,4135.46,4138.94,14
1790628660,2026-09-28 18:51,2026-09-28 20:51,4138.92,4139.29,4137.13,4137.21,14
1790628840,2026-09-28 18:54,2026-09-28 20:54,4137.24,4138.8,4135.7,4136.62,14
1790629020,2026-09-28 18:57,2026-09-28 20:57,4136.63,4137.56,4134.1,4134.59,14
1790629200,2026-09-28 19:00,2026-09-28 21:00,4134.58,4136.09,4133.86,4135.25,14
1790629380,2026-09-28 19:03,2026-09-28 21:03,4135.2,4138.14,4134.54,4137.46,14
1790629560,2026-09-28 19:06,2026-09-28 21:06,4137.45,4138.08,4135.26,4135.93,14
1790629740,2026-09-28 19:09,2026-09-28 21:09,4135.91,4138.67,4135.65,4136.56,14
1790629920,2026-09-28 19:12,2026-09-28 21:12,4136.77,4136.79,4134.68,4135.69,14
1790630100,2026-09-28 19:15,2026-09-28 21:15,4135.8,4135.97,4134.14,4134.16,14
1790630280,2026-09-28 19:18,2026-09-28 21:18,4134.11,4135.24,4133.77,4134.97,14
1790630460,2026-09-28 19:21,2026-09-28 21:21,4134.99,4137.56,4134.85,4135.15,14
1790630640,2026-09-28 19:24,2026-09-28 21:24,4135.14,4135.95,4134.25,4135.83,14
1790630820,2026-09-28 19:27,2026-09-28 21:27,4135.84,4136.2,4134.58,4135.0,14
1790631000,2026-09-28 19:30,2026-09-28 21:30,4134.91,4136.17,4132.52,4133.33,14
1790631180,2026-09-28 19:33,2026-09-28 21:33,4133.34,4134.51,4131.71,4133.21,14
1790631360,2026-09-28 19:36,2026-09-28 21:36,4133.2,4135.24,4132.65,4134.63,14
1790631540,2026-09-28 19:39,2026-09-28 21:39,4134.55,4137.67,4133.57,4137.28,14
1790631720,2026-09-28 19:42,2026-09-28 21:42,4137.3,4139.29,4137.19,4138.81,14
1790631900,2026-09-28 19:45,2026-09-28 21:45,4138.91,4139.1,4137.21,4138.79,14
1790632080,2026-09-28 19:48,2026-09-28 21:48,4138.68,4140.52,4136.81,4139.2,14
1790632260,2026-09-28 19:51,2026-09-28 21:51,4139.21,4141.81,4138.01,4139.2,14
1790632440,2026-09-28 19:54,2026-09-28 21:54,4139.22,4140.52,4138.48,4139.16,14
1790632620,2026-09-28 19:57,2026-09-28 21:57,4139.14,4140.89,4139.01,4139.3,14
1790632800,2026-09-28 20:00,2026-09-28 22:00,4139.42,4139.57,4131.42,4132.75,14
1790632980,2026-09-28 20:03,2026-09-28 22:03,4132.74,4135.86,4132.74,4134.41,14
1790633160,2026-09-28 20:06,2026-09-28 22:06,4134.32,4134.66,4130.81,4131.75,14
1790633340,2026-09-28 20:09,2026-09-28 22:09,4131.88,4133.41,4131.09,4131.76,14
1790633520,2026-09-28 20:12,2026-09-28 22:12,4131.81,4133.4,4131.39,4132.48,14
1790633700,2026-09-28 20:15,2026-09-28 22:15,4132.46,4134.63,4132.03,4134.26,14
1790633880,2026-09-28 20:18,2026-09-28 22:18,4134.25,4136.48,4133.32,4134.24,14
1790634060,2026-09-28 20:21,2026-09-28 22:21,4134.22,4134.44,4131.71,4132.04,14
1790634240,2026-09-28 20:24,2026-09-28 22:24,4132.13,4133.54,4130.81,4133.29,14
1790634420,2026-09-28 20:27,2026-09-28 22:27,4133.31,4134.89,4132.47,4133.66,14
1790634600,2026-09-28 20:30,2026-09-28 22:30,4133.61,4135.36,4131.35,4132.68,14
1790634780,2026-09-28 20:33,2026-09-28 22:33,4132.62,4133.6,4129.64,4132.28,14
1790634960,2026-09-28 20:36,2026-09-28 22:36,4132.27,4134.7,4131.24,4131.35,14
1790635140,2026-09-28 20:39,2026-09-28 22:39,4131.59,4131.59,4128.8,4131.26,14
1790635320,2026-09-28 20:42,2026-09-28 22:42,4131.0,4131.33,4128.62,4129.28,14
1790635500,2026-09-28 20:45,2026-09-28 22:45,4129.29,4129.29,4127.44,4127.74,14
1790635680,2026-09-28 20:48,2026-09-28 22:48,4127.63,4128.02,4124.82,4125.42,14
1790635860,2026-09-28 20:51,2026-09-28 22:51,4125.39,4127.13,4125.04,4125.78,14
1790636040,2026-09-28 20:54,2026-09-28 22:54,4125.66,4125.98,4122.33,4124.33,14
1790636220,2026-09-28 20:57,2026-09-28 22:57,4124.31,4124.98,4122.38,4122.98,14
1790636400,2026-09-28 21:00,2026-09-28 23:00,4122.97,4123.76,4120.03,4121.48,14
1790636580,2026-09-28 21:03,2026-09-28 23:03,4121.44,4122.25,4120.71,4120.96,17
1790636760,2026-09-28 21:06,2026-09-28 23:06,4120.89,4120.93,4117.24,4117.8,17
1790636940,2026-09-28 21:09,2026-09-28 23:09,4117.79,4119.16,4117.76,4118.68,17
1790637120,2026-09-28 21:12,2026-09-28 23:12,4118.6,4122.01,4118.02,4121.48,17
1790637300,2026-09-28 21:15,2026-09-28 23:15,4121.43,4122.89,4121.1,4122.48,17
1790637480,2026-09-28 21:18,2026-09-28 23:18,4122.41,4123.02,4121.82,4122.33,17
1790637660,2026-09-28 21:21,2026-09-28 23:21,4122.35,4123.81,4122.29,4122.99,17
1790637840,2026-09-28 21:24,2026-09-28 23:24,4122.96,4122.96,4118.79,4119.4,17
1790638020,2026-09-28 21:27,2026-09-28 23:27,4119.38,4119.63,4116.97,4117.95,17
1790638200,2026-09-28 21:30,2026-09-28 23:30,4118.06,4118.67,4117.06,4118.19,17
1790638380,2026-09-28 21:33,2026-09-28 23:33,4118.1,4118.41,4115.66,4116.14,17
1790638560,2026-09-28 21:36,2026-09-28 23:36,4115.88,4116.42,4115.43,4115.88,17
1790638740,2026-09-28 21:39,2026-09-28 23:39,4116.01,4117.79,4115.84,4117.69,17
1790638920,2026-09-28 21:42,2026-09-28 23:42,4117.68,4118.22,4113.59,4114.01,17
1790639100,2026-09-28 21:45,2026-09-28 23:45,4114.26,4114.74,4112.58,4112.91,17
1790639280,2026-09-28 21:48,2026-09-28 23:48,4113.0,4113.29,4111.28,4112.45,17
1790639460,2026-09-28 21:51,2026-09-28 23:51,4112.4,4113.81,4112.07,4113.49,17
1790639640,2026-09-28 21:54,2026-09-28 23:54,4113.23,4115.38,4112.79,4114.62,17
1790639820,2026-09-28 21:57,2026-09-28 23:57,4114.6,4115.37,4113.82,4114.71,17
1790643600,2026-09-28 23:00,2026-09-29 01:00,4118.09,4120.77,4115.4,4117.63,17
1790643780,2026-09-28 23:03,2026-09-29 01:03,4117.56,4121.56,4117.27,4121.25,17
1790643960,2026-09-28 23:06,2026-09-29 01:06,4121.24,4122.92,4120.87,4122.39,17
1790644140,2026-09-28 23:09,2026-09-29 01:09,4122.86,4123.05,4119.87,4120.18,17
1790644320,2026-09-28 23:12,2026-09-29 01:12,4120.11,4122.63,4119.8,4122.32,17
1790644500,2026-09-28 23:15,2026-09-29 01:15,4122.31,4123.79,4122.17,4123.53,14
1790644680,2026-09-28 23:18,2026-09-29 01:18,4123.51,4123.87,4122.29,4123.51,14
1790644860,2026-09-28 23:21,2026-09-29 01:21,4123.41,4126.67,4123.39,4125.74,14
1790645040,2026-09-28 23:24,2026-09-29 01:24,4125.72,4125.72,4124.02,4124.75,14
1790645220,2026-09-28 23:27,2026-09-29 01:27,4124.54,4126.38,4124.19,4125.3,14
1790645400,2026-09-28 23:30,2026-09-29 01:30,4125.29,4125.65,4121.17,4122.56,14
1790645580,2026-09-28 23:33,2026-09-29 01:33,4122.55,4123.2,4122.23,4123.01,15
1790645760,2026-09-28 23:36,2026-09-29 01:36,4123.05,4124.16,4122.54,4123.7,14
1790645940,2026-09-28 23:39,2026-09-29 01:39,4123.57,4125.63,4122.0,4125.1,14
1790646120,2026-09-28 23:42,2026-09-29 01:42,4125.29,4125.42,4123.65,4124.03,14
1790646300,2026-09-28 23:45,2026-09-29 01:45,4124.01,4125.27,4123.98,4124.12,14
1790646480,2026-09-28 23:48,2026-09-29 01:48,4124.22,4124.7,4123.09,4123.16,14
1790646660,2026-09-28 23:51,2026-09-29 01:51,4123.15,4123.52,4120.14,4121.12,14
1790646840,2026-09-28 23:54,2026-09-29 01:54,4121.11,4122.1,4121.11,4122.02,14
1790647020,2026-09-28 23:57,2026-09-29 01:57,4122.03,4122.08,4121.32,4121.6,14
1790647200,2026-09-29 00:00,2026-09-29 02:00,4121.65,4123.56,4121.3,4122.33,14
1790647380,2026-09-29 00:03,2026-09-29 02:03,4122.31,4123.48,4121.83,4123.06,14
1790647560,2026-09-29 00:06,2026-09-29 02:06,4122.93,4123.61,4122.54,4123.03,14
1790647740,2026-09-29 00:09,2026-09-29 02:09,4123.0,4125.18,4122.51,4124.15,14
1790647920,2026-09-29 00:12,2026-09-29 02:12,4124.12,4125.54,4123.27,4125.09,14
1790648100,2026-09-29 00:15,2026-09-29 02:15,4125.06,4125.71,4123.95,4124.63,14
1790648280,2026-09-29 00:18,2026-09-29 02:18,4124.54,4125.22,4123.69,4125.17,14
1790648460,2026-09-29 00:21,2026-09-29 02:21,4125.18,4126.28,4124.04,4126.08,14
1790648640,2026-09-29 00:24,2026-09-29 02:24,4126.05,4129.06,4125.74,4128.63,14
1790648820,2026-09-29 00:27,2026-09-29 02:27,4128.65,4128.91,4127.89,4128.1,14
1790649000,2026-09-29 00:30,2026-09-29 02:30,4128.12,4128.77,4127.35,4128.41,14
1790649180,2026-09-29 00:33,2026-09-29 02:33,4128.43,4129.02,4125.72,4125.72,14
1790649360,2026-09-29 00:36,2026-09-29 02:36,4125.81,4127.71,4125.65,4127.43,14
1790649540,2026-09-29 00:39,2026-09-29 02:39,4127.41,4128.1,4125.66,4128.09,14
1790649720,2026-09-29 00:42,2026-09-29 02:42,4128.05,4128.09,4126.18,4126.25,14
1790649900,2026-09-29 00:45,2026-09-29 02:45,4126.24,4126.57,4121.98,4123.18,14
1790650080,2026-09-29 00:48,2026-09-29 02:48,4123.24,4124.03,4122.17,4123.57,14
1790650260,2026-09-29 00:51,2026-09-29 02:51,4123.55,4125.46,4123.13,4124.92,14
1790650440,2026-09-29 00:54,2026-09-29 02:54,4124.94,4125.48,4123.36,4124.14,14
1790650620,2026-09-29 00:57,2026-09-29 02:57,4124.44,4127.62,4123.82,4127.38,14
1790650800,2026-09-29 01:00,2026-09-29 03:00,4127.63,4127.97,4124.73,4126.86,14
1790650980,2026-09-29 01:03,2026-09-29 03:03,4126.78,4126.78,4123.36,4123.98,14
1790651160,2026-09-29 01:06,2026-09-29 03:06,4124.03,4126.33,4123.05,4124.68,14
1790651340,2026-09-29 01:09,2026-09-29 03:09,4124.79,4124.89,4120.11,4120.33,14
1790651520,2026-09-29 01:12,2026-09-29 03:12,4120.35,4123.55,4120.1,4122.32,14
1790651700,2026-09-29 01:15,2026-09-29 03:15,4122.47,4122.55,4115.72,4116.72,14
1790651880,2026-09-29 01:18,2026-09-29 03:18,4116.79,4118.68,4114.34,4118.15,14
1790652060,2026-09-29 01:21,2026-09-29 03:21,4118.12,4119.81,4114.67,4115.12,14
1790652240,2026-09-29 01:24,2026-09-29 03:24,4115.27,4119.13,4114.91,4118.8,14
1790652420,2026-09-29 01:27,2026-09-29 03:27,4118.75,4122.71,4116.13,4121.22,14
1790652600,2026-09-29 01:30,2026-09-29 03:30,4121.17,4122.38,4119.28,4121.7,14
1790652780,2026-09-29 01:33,2026-09-29 03:33,4121.67,4126.54,4121.02,4125.4,14
1790652960,2026-09-29 01:36,2026-09-29 03:36,4125.27,4125.94,4122.73,4123.41,14
1790653140,2026-09-29 01:39,2026-09-29 03:39,4123.34,4124.34,4121.46,4123.11,14
1790653320,2026-09-29 01:42,2026-09-29 03:42,4123.15,4123.41,4119.84,4120.77,14
1790653500,2026-09-29 01:45,2026-09-29 03:45,4120.75,4120.85,4116.21,4117.77,14
1790653680,2026-09-29 01:48,2026-09-29 03:48,4117.76,4120.15,4115.04,4119.95,14
1790653860,2026-09-29 01:51,2026-09-29 03:51,4119.92,4120.61,4114.32,4116.79,14
1790654040,2026-09-29 01:54,2026-09-29 03:54,4116.69,4120.2,4115.85,4118.85,14
1790654220,2026-09-29 01:57,2026-09-29 03:57,4118.83,4122.01,4116.82,4117.79,14
1790654400,2026-09-29 02:00,2026-09-29 04:00,4117.62,4124.58,4113.12,4121.75,14
1790654580,2026-09-29 02:03,2026-09-29 04:03,4121.63,4124.22,4117.5,4122.17,14
1790654760,2026-09-29 02:06,2026-09-29 04:06,4122.01,4123.54,4114.29,4119.49,14
1790654940,2026-09-29 02:09,2026-09-29 04:09,4119.53,4122.01,4117.8,4117.98,14
1790655120,2026-09-29 02:12,2026-09-29 04:12,4118.09,4125.31,4117.92,4124.52,14
1790655300,2026-09-29 02:15,2026-09-29 04:15,4124.48,4128.14,4119.18,4120.04,14
1790655480,2026-09-29 02:18,2026-09-29 04:18,4120.11,4125.87,4116.56,4125.37,14
1790655660,2026-09-29 02:21,2026-09-29 04:21,4125.36,4129.68,4124.86,4128.75,14
1790655840,2026-09-29 02:24,2026-09-29 04:24,4128.85,4131.26,4126.5,4127.57,14
1790656020,2026-09-29 02:27,2026-09-29 04:27,4127.58,4131.66,4127.22,4129.77,14
1790656200,2026-09-29 02:30,2026-09-29 04:30,4129.85,4131.55,4126.87,4128.73,14
1790656380,2026-09-29 02:33,2026-09-29 04:33,4128.76,4131.46,4126.93,4128.09,14
1790656560,2026-09-29 02:36,2026-09-29 04:36,4128.04,4130.24,4125.61,4125.99,14
1790656740,2026-09-29 02:39,2026-09-29 04:39,4125.99,4129.74,4124.29,4129.7,14
1790656920,2026-09-29 02:42,2026-09-29 04:42,4129.95,4134.03,4129.64,4134.0,14
1790657100,2026-09-29 02:45,2026-09-29 04:45,4133.99,4135.62,4132.54,4135.39,14
1790657280,2026-09-29 02:48,2026-09-29 04:48,4135.44,4137.17,4132.43,4133.08,14
1790657460,2026-09-29 02:51,2026-09-29 04:51,4133.1,4135.17,4130.32,4132.88,14
1790657640,2026-09-29 02:54,2026-09-29 04:54,4132.86,4135.88,4132.62,4134.71,14
1790657820,2026-09-29 02:57,2026-09-29 04:57,4134.88,4136.13,4134.37,4135.25,14
1790658000,2026-09-29 03:00,2026-09-29 05:00,4135.23,4136.17,4131.22,4131.74,14
1790658180,2026-09-29 03:03,2026-09-29 05:03,4131.71,4132.36,4129.86,4130.36,14
1790658360,2026-09-29 03:06,2026-09-29 05:06,4130.38,4131.09,4126.55,4128.27,14
1790658540,2026-09-29 03:09,2026-09-29 05:09,4128.24,4131.57,4127.0,4130.86,14
1790658720,2026-09-29 03:12,2026-09-29 05:12,4130.91,4132.8,4130.03,4132.0,14
1790658900,2026-09-29 03:15,2026-09-29 05:15,4132.11,4133.21,4131.08,4131.28,14
1790659080,2026-09-29 03:18,2026-09-29 05:18,4131.25,4135.31,4131.24,4134.04,14
1790659260,2026-09-29 03:21,2026-09-29 05:21,4133.98,4135.39,4130.68,4134.56,14
1790659440,2026-09-29 03:24,2026-09-29 05:24,4134.5,4135.82,4132.11,4132.58,14
1790659620,2026-09-29 03:27,2026-09-29 05:27,4132.59,4135.27,4132.42,4134.89,14
1790659800,2026-09-29 03:30,2026-09-29 05:30,4135.08,4137.89,4134.9,4136.33,14
1790659980,2026-09-29 03:33,2026-09-29 05:33,4136.29,4137.81,4133.34,4133.34,14
1790660160,2026-09-29 03:36,2026-09-29 05:36,4133.32,4137.16,4133.28,4136.3,14
1790660340,2026-09-29 03:39,2026-09-29 05:39,4136.39,4137.55,4132.88,4133.38,14
1790660520,2026-09-29 03:42,2026-09-29 05:42,4133.08,4138.07,4132.89,4136.47,14
1790660700,2026-09-29 03:45,2026-09-29 05:45,4136.48,4138.17,4135.51,4137.33,14
1790660880,2026-09-29 03:48,2026-09-29 05:48,4137.41,4138.96,4136.76,4137.86,14
1790661060,2026-09-29 03:51,2026-09-29 05:51,4137.83,4138.11,4135.91,4137.03,14
1790661240,2026-09-29 03:54,2026-09-29 05:54,4137.13,4138.69,4136.2,4136.67,14
1790661420,2026-09-29 03:57,2026-09-29 05:57,4136.6,4139.28,4136.49,4137.59,14
1790661600,2026-09-29 04:00,2026-09-29 06:00,4137.53,4138.61,4136.17,4138.29,14
1790661780,2026-09-29 04:03,2026-09-29 06:03,4138.31,4139.5,4134.03,4135.62,14
1790661960,2026-09-29 04:06,2026-09-29 06:06,4135.67,4139.04,4135.46,4135.98,14
1790662140,2026-09-29 04:09,2026-09-29 06:09,4136.15,4136.23,4134.0,4134.29,14
1790662320,2026-09-29 04:12,2026-09-29 06:12,4134.28,4135.43,4133.97,4134.86,14
1790662500,2026-09-29 04:15,2026-09-29 06:15,4135.06,4136.22,4134.62,4134.62,14
1790662680,2026-09-29 04:18,2026-09-29 06:18,4134.68,4135.74,4133.78,4135.64,14
1790662860,2026-09-29 04:21,2026-09-29 06:21,4135.52,4137.28,4134.96,4136.29,14
1790663040,2026-09-29 04:24,2026-09-29 06:24,4136.04,4138.52,4135.93,4136.6,14
1790663220,2026-09-29 04:27,2026-09-29 06:27,4136.57,4139.96,4136.43,4139.42,14
1790663400,2026-09-29 04:30,2026-09-29 06:30,4139.39,4140.45,4138.32,4138.77,14
1790663580,2026-09-29 04:33,2026-09-29 06:33,4138.75,4139.15,4136.29,4137.16,14
1790663760,2026-09-29 04:36,2026-09-29 06:36,4136.96,4139.35,4136.51,4138.06,14
1790663940,2026-09-29 04:39,2026-09-29 06:39,4138.03,4140.23,4137.56,4139.71,14
1790664120,2026-09-29 04:42,2026-09-29 06:42,4139.57,4140.3,4136.48,4136.82,14
1790664300,2026-09-29 04:45,2026-09-29 06:45,4136.88,4137.13,4134.5,4136.69,14
1790664480,2026-09-29 04:48,2026-09-29 06:48,4136.68,4137.53,4136.1,4136.11,14
1790664660,2026-09-29 04:51,2026-09-29 06:51,4136.41,4137.35,4134.56,4134.56,14
1790664840,2026-09-29 04:54,2026-09-29 06:54,4134.67,4136.03,4131.48,4132.47,14
1790665020,2026-09-29 04:57,2026-09-29 06:57,4132.78,4134.06,4131.68,4133.81,14
1790665200,2026-09-29 05:00,2026-09-29 07:00,4133.7,4134.16,4131.3,4132.24,14
1790665380,2026-09-29 05:03,2026-09-29 07:03,4132.4,4132.43,4130.6,4131.08,14
1790665560,2026-09-29 05:06,2026-09-29 07:06,4131.09,4131.74,4130.59,4131.16,14
1790665740,2026-09-29 05:09,2026-09-29 07:09,4131.12,4132.57,4130.69,4130.76,14
1790665920,2026-09-29 05:12,2026-09-29 07:12,4130.67,4132.12,4129.82,4131.42,14
1790666100,2026-09-29 05:15,2026-09-29 07:15,4131.21,4132.35,4129.96,4130.92,14
1790666280,2026-09-29 05:18,2026-09-29 07:18,4130.9,4131.71,4129.83,4130.32,14
1790666460,2026-09-29 05:21,2026-09-29 07:21,4130.31,4131.23,4129.5,4129.77,14
1790666640,2026-09-29 05:24,2026-09-29 07:24,4129.65,4130.45,4129.0,4129.17,14
1790666820,2026-09-29 05:27,2026-09-29 07:27,4129.19,4130.1,4128.46,4129.75,17
1790667000,2026-09-29 05:30,2026-09-29 07:30,4129.7,4132.02,4129.35,4130.24,17
1790667180,2026-09-29 05:33,2026-09-29 07:33,4130.22,4130.22,4126.0,4126.33,17
1790667360,2026-09-29 05:36,2026-09-29 07:36,4126.38,4126.81,4124.67,4125.81,14
1790667540,2026-09-29 05:39,2026-09-29 07:39,4125.89,4127.16,4125.38,4125.67,14
1790667720,2026-09-29 05:42,2026-09-29 07:42,4125.68,4127.92,4125.25,4127.22,14
1790667900,2026-09-29 05:45,2026-09-29 07:45,4127.07,4127.59,4126.16,4126.62,14
1790668080,2026-09-29 05:48,2026-09-29 07:48,4126.48,4127.4,4126.06,4126.98,14
1790668260,2026-09-29 05:51,2026-09-29 07:51,4126.95,4128.79,4126.57,4128.14,15
1790668440,2026-09-29 05:54,2026-09-29 07:54,4128.22,4128.79,4125.95,4126.26,14
1790668620,2026-09-29 05:57,2026-09-29 07:57,4126.3,4127.68,4126.04,4126.65,14
1790668800,2026-09-29 06:00,2026-09-29 08:00,4126.54,4128.68,4126.05,4127.92,14
1790668980,2026-09-29 06:03,2026-09-29 08:03,4127.98,4128.81,4126.0,4126.05,14
1790669160,2026-09-29 06:06,2026-09-29 08:06,4126.09,4129.64,4125.96,4129.08,14
1790669340,2026-09-29 06:09,2026-09-29 08:09,4129.05,4130.53,4126.85,4128.83,14
1790669520,2026-09-29 06:12,2026-09-29 08:12,4128.8,4129.29,4127.39,4128.64,14
1790669700,2026-09-29 06:15,2026-09-29 08:15,4128.65,4130.37,4126.74,4130.37,14
1790669880,2026-09-29 06:18,2026-09-29 08:18,4130.25,4131.56,4129.47,4130.73,14
1790670060,2026-09-29 06:21,2026-09-29 08:21,4130.64,4132.6,4129.29,4132.1,14
1790670240,2026-09-29 06:24,2026-09-29 08:24,4132.08,4133.09,4130.73,4131.01,14
1790670420,2026-09-29 06:27,2026-09-29 08:27,4131.0,4131.64,4128.77,4130.41,14
1790670600,2026-09-29 06:30,2026-09-29 08:30,4130.01,4130.53,4124.25,4124.49,14
1790670780,2026-09-29 06:33,2026-09-29 08:33,4124.48,4125.97,4122.26,4125.58,14
1790670960,2026-09-29 06:36,2026-09-29 08:36,4125.6,4130.32,4124.5,4130.29,14
1790671140,2026-09-29 06:39,2026-09-29 08:39,4130.23,4136.24,4130.23,4134.84,14
1790671320,2026-09-29 06:42,2026-09-29 08:42,4134.82,4140.22,4132.5,4138.21,14
1790671500,2026-09-29 06:45,2026-09-29 08:45,4138.2,4139.07,4134.02,4135.68,14
1790671680,2026-09-29 06:48,2026-09-29 08:48,4135.69,4137.82,4135.26,4137.82,14
1790671860,2026-09-29 06:51,2026-09-29 08:51,4137.92,4144.98,4136.31,4144.98,14
1790672040,2026-09-29 06:54,2026-09-29 08:54,4145.04,4145.04,4140.58,4140.58,14
1790672220,2026-09-29 06:57,2026-09-29 08:57,4140.48,4141.36,4136.81,4138.93,14
1790672400,2026-09-29 07:00,2026-09-29 09:00,4138.82,4143.47,4138.81,4140.75,14
1790672580,2026-09-29 07:03,2026-09-29 09:03,4140.89,4143.8,4139.85,4142.49,14
1790672760,2026-09-29 07:06,2026-09-29 09:06,4142.5,4145.71,4141.05,4144.86,14
1790672940,2026-09-29 07:09,2026-09-29 09:09,4144.65,4145.74,4143.23,4145.71,14
1790673120,2026-09-29 07:12,2026-09-29 09:12,4145.7,4148.15,4144.45,4146.83,14
1790673300,2026-09-29 07:15,2026-09-29 09:15,4146.83,4147.78,4140.78,4141.6,14
1790673480,2026-09-29 07:18,2026-09-29 09:18,4141.59,4143.51,4140.15,4142.83,14
1790673660,2026-09-29 07:21,2026-09-29 09:21,4142.78,4146.35,4142.77,4144.36,14
1790673840,2026-09-29 07:24,2026-09-29 09:24,4144.35,4145.05,4141.59,4142.57,14
1790674020,2026-09-29 07:27,2026-09-29 09:27,4142.59,4144.4,4142.03,4143.44,14
1790674200,2026-09-29 07:30,2026-09-29 09:30,4143.37,4145.42,4142.62,4144.69,14
1790674380,2026-09-29 07:33,2026-09-29 09:33,4144.72,4145.53,4142.8,4143.14,14
1790674560,2026-09-29 07:36,2026-09-29 09:36,4143.13,4144.2,4142.32,4143.69,14
1790674740,2026-09-29 07:39,2026-09-29 09:39,4143.59,4144.7,4142.71,4144.19,14
1790674920,2026-09-29 07:42,2026-09-29 09:42,4144.45,4145.58,4141.99,4143.89,14
1790675100,2026-09-29 07:45,2026-09-29 09:45,4143.66,4143.9,4141.94,4142.5,14
1790675280,2026-09-29 07:48,2026-09-29 09:48,4142.44,4143.01,4140.84,4141.31,14
1790675460,2026-09-29 07:51,2026-09-29 09:51,4141.2,4142.11,4140.07,4141.46,14
1790675640,2026-09-29 07:54,2026-09-29 09:54,4141.43,4142.62,4140.46,4140.76,14
1790675820,2026-09-29 07:57,2026-09-29 09:57,4140.81,4141.33,4139.14,4140.67,14
1790676000,2026-09-29 08:00,2026-09-29 10:00,4140.7,4141.2,4136.24,4137.71,14
1790676180,2026-09-29 08:03,2026-09-29 10:03,4137.72,4143.21,4137.5,4143.21,14
1790676360,2026-09-29 08:06,2026-09-29 10:06,4143.11,4145.15,4142.35,4143.74,14
1790676540,2026-09-29 08:09,2026-09-29 10:09,4143.75,4144.69,4141.58,4143.66,14
1790676720,2026-09-29 08:12,2026-09-29 10:12,4143.79,4144.38,4142.76,4143.86,14
1790676900,2026-09-29 08:15,2026-09-29 10:15,4143.85,4145.68,4142.31,4142.48,14
1790677080,2026-09-29 08:18,2026-09-29 10:18,4142.5,4145.87,4142.34,4145.59,14
1790677260,2026-09-29 08:21,2026-09-29 10:21,4145.53,4146.88,4144.26,4146.19,14
1790677440,2026-09-29 08:24,2026-09-29 10:24,4146.28,4148.88,4145.64,4147.49,14
1790677620,2026-09-29 08:27,2026-09-29 10:27,4147.45,4148.43,4146.26,4146.49,14
1790677800,2026-09-29 08:30,2026-09-29 10:30,4146.6,4146.71,4140.62,4143.13,14
1790677980,2026-09-29 08:33,2026-09-29 10:33,4143.18,4145.56,4142.97,4144.77,14
1790678160,2026-09-29 08:36,2026-09-29 10:36,4144.78,4146.11,4143.44,4145.54,14
1790678340,2026-09-29 08:39,2026-09-29 10:39,4145.5,4148.74,4142.8,4144.15,14
1790678520,2026-09-29 08:42,2026-09-29 10:42,4144.17,4144.54,4141.59,4142.29,14
1790678700,2026-09-29 08:45,2026-09-29 10:45,4142.31,4143.19,4141.53,4142.56,14
1790678880,2026-09-29 08:48,2026-09-29 10:48,4142.65,4143.43,4140.75,4142.6,14
1790679060,2026-09-29 08:51,2026-09-29 10:51,4142.59,4143.53,4140.65,4141.88,14
1790679240,2026-09-29 08:54,2026-09-29 10:54,4141.86,4142.55,4139.77,4140.29,14
1790679420,2026-09-29 08:57,2026-09-29 10:57,4140.24,4141.7,4139.52,4141.09,14
1790679600,2026-09-29 09:00,2026-09-29 11:00,4141.41,4143.6,4140.58,4143.6,14
1790679780,2026-09-29 09:03,2026-09-29 11:03,4143.51,4144.01,4138.52,4139.18,14
1790679960,2026-09-29 09:06,2026-09-29 11:06,4139.25,4140.41,4137.73,4139.04,14
1790680140,2026-09-29 09:09,2026-09-29 11:09,4139.02,4140.54,4138.02,4139.9,14
1790680320,2026-09-29 09:12,2026-09-29 11:12,4139.79,4141.66,4138.72,4140.67,14
1790680500,2026-09-29 09:15,2026-09-29 11:15,4140.65,4144.62,4140.65,4142.95,14
1790680680,2026-09-29 09:18,2026-09-29 11:18,4142.93,4145.04,4142.13,4145.04,14
1790680860,2026-09-29 09:21,2026-09-29 11:21,4144.97,4146.43,4142.98,4143.33,14
1790681040,2026-09-29 09:24,2026-09-29 11:24,4143.59,4143.66,4139.74,4141.04,14
1790681220,2026-09-29 09:27,2026-09-29 11:27,4141.01,4142.71,4139.98,4141.89,14
1790681400,2026-09-29 09:30,2026-09-29 11:30,4141.92,4142.37,4140.47,4141.37,14
1790681580,2026-09-29 09:33,2026-09-29 11:33,4141.39,4141.73,4137.84,4139.0,14
1790681760,2026-09-29 09:36,2026-09-29 11:36,4139.07,4139.94,4138.16,4139.68,14
1790681940,2026-09-29 09:39,2026-09-29 11:39,4139.56,4141.5,4138.57,4139.99,14
1790682120,2026-09-29 09:42,2026-09-29 11:42,4140.0,4140.34,4138.92,4140.27,14
1790682300,2026-09-29 09:45,2026-09-29 11:45,4140.35,4140.62,4138.88,4140.31,14
1790682480,2026-09-29 09:48,2026-09-29 11:48,4140.37,4142.29,4140.04,4141.05,14
1790682660,2026-09-29 09:51,2026-09-29 11:51,4141.0,4141.84,4139.88,4140.28,14
1790682840,2026-09-29 09:54,2026-09-29 11:54,4140.32,4141.53,4139.85,4140.06,14
1790683020,2026-09-29 09:57,2026-09-29 11:57,4140.21,4140.47,4137.69,4139.89,14
1790683200,2026-09-29 10:00,2026-09-29 12:00,4139.85,4142.92,4139.01,4141.79,14
1790683380,2026-09-29 10:03,2026-09-29 12:03,4141.91,4144.71,4141.43,4144.16,14
1790683560,2026-09-29 10:06,2026-09-29 12:06,4143.88,4144.41,4140.46,4142.08,14
1790683740,2026-09-29 10:09,2026-09-29 12:09,4142.08,4142.89,4141.34,4142.01,14
1790683920,2026-09-29 10:12,2026-09-29 12:12,4142.02,4143.2,4140.02,4140.52,14
1790684100,2026-09-29 10:15,2026-09-29 12:15,4140.63,4142.57,4139.89,4142.43,14
1790684280,2026-09-29 10:18,2026-09-29 12:18,4142.27,4143.73,4141.83,4143.3,14
1790684460,2026-09-29 10:21,2026-09-29 12:21,4143.31,4143.5,4140.74,4141.08,14
1790684640,2026-09-29 10:24,2026-09-29 12:24,4141.07,4141.77,4140.25,4140.81,14
1790684820,2026-09-29 10:27,2026-09-29 12:27,4140.87,4142.33,4140.19,4140.44,14
1790685000,2026-09-29 10:30,2026-09-29 12:30,4140.35,4142.24,4139.47,4139.9,14
1790685180,2026-09-29 10:33,2026-09-29 12:33,4139.91,4142.33,4139.42,4141.29,14
1790685360,2026-09-29 10:36,2026-09-29 12:36,4141.33,4142.35,4139.98,4141.91,14
1790685540,2026-09-29 10:39,2026-09-29 12:39,4141.88,4143.71,4140.88,4142.64,14
1790685720,2026-09-29 10:42,2026-09-29 12:42,4142.63,4146.13,4141.69,4145.55,14
1790685900,2026-09-29 10:45,2026-09-29 12:45,4145.59,4148.41,4144.54,4146.05,14
1790686080,2026-09-29 10:48,2026-09-29 12:48,4146.0,4147.43,4145.27,4145.74,14
1790686260,2026-09-29 10:51,2026-09-29 12:51,4145.84,4146.19,4142.14,4144.55,14
1790686440,2026-09-29 10:54,2026-09-29 12:54,4144.54,4148.07,4144.18,4145.94,14
1790686620,2026-09-29 10:57,2026-09-29 12:57,4146.05,4147.8,4144.95,4145.71,14
1790686800,2026-09-29 11:00,2026-09-29 13:00,4145.75,4146.24,4143.73,4144.09,14
1790686980,2026-09-29 11:03,2026-09-29 13:03,4144.02,4147.67,4143.16,4146.84,14
1790687160,2026-09-29 11:06,2026-09-29 13:06,4146.83,4150.26,4146.83,4148.98,14
1790687340,2026-09-29 11:09,2026-09-29 13:09,4148.97,4150.87,4148.93,4149.62,14
1790687520,2026-09-29 11:12,2026-09-29 13:12,4149.91,4150.1,4148.58,4148.89,14
1790687700,2026-09-29 11:15,2026-09-29 13:15,4148.97,4149.58,4147.79,4148.76,14
1790687880,2026-09-29 11:18,2026-09-29 13:18,4148.82,4149.67,4147.72,4148.28,14
1790688060,2026-09-29 11:21,2026-09-29 13:21,4148.27,4148.63,4146.78,4147.21,14
1790688240,2026-09-29 11:24,2026-09-29 13:24,4147.31,4149.26,4147.3,4148.57,14
1790688420,2026-09-29 11:27,2026-09-29 13:27,4148.59,4150.05,4147.65,4149.78,14
1790688600,2026-09-29 11:30,2026-09-29 13:30,4149.78,4151.21,4148.19,4148.66,14
1790688780,2026-09-29 11:33,2026-09-29 13:33,4148.64,4149.68,4147.44,4148.1,14
1790688960,2026-09-29 11:36,2026-09-29 13:36,4148.1,4149.78,4147.38,4148.37,14
1790689140,2026-09-29 11:39,2026-09-29 13:39,4148.47,4149.64,4148.12,4148.92,14
1790689320,2026-09-29 11:42,2026-09-29 13:42,4148.9,4151.03,4147.91,4151.03,14
1790689500,2026-09-29 11:45,2026-09-29 13:45,4151.04,4152.32,4149.7,4151.38,14
1790689680,2026-09-29 11:48,2026-09-29 13:48,4151.35,4152.59,4150.5,4151.03,14
1790689860,2026-09-29 11:51,2026-09-29 13:51,4151.07,4152.47,4151.07,4151.57,14
1790690040,2026-09-29 11:54,2026-09-29 13:54,4151.59,4153.01,4150.74,4152.62,14
1790690220,2026-09-29 11:57,2026-09-29 13:57,4152.66,4154.87,4152.35,4153.33,14
1790690400,2026-09-29 12:00,2026-09-29 14:00,4153.21,4155.3,4152.37,4154.67,14
1790690580,2026-09-29 12:03,2026-09-29 14:03,4154.79,4156.52,4152.84,4156.22,14
1790690760,2026-09-29 12:06,2026-09-29 14:06,4156.21,4156.87,4153.79,4155.4,14
1790690940,2026-09-29 12:09,2026-09-29 14:09,4155.37,4155.87,4154.4,4154.59,14
1790691120,2026-09-29 12:12,2026-09-29 14:12,4154.62,4156.61,4154.11,4156.61,14
1790691300,2026-09-29 12:15,2026-09-29 14:15,4156.84,4157.84,4156.06,4157.74,14
1790691480,2026-09-29 12:18,2026-09-29 14:18,4157.76,4158.6,4156.21,4158.6,14
1790691660,2026-09-29 12:21,2026-09-29 14:21,4158.55,4160.46,4158.0,4160.46,14
1790691840,2026-09-29 12:24,2026-09-29 14:24,4160.47,4160.85,4159.72,4160.2,14
1790692020,2026-09-29 12:27,2026-09-29 14:27,4160.37,4161.27,4158.57,4159.58,14
1790692200,2026-09-29 12:30,2026-09-29 14:30,4159.66,4159.73,4157.02,4158.84,14
1790692380,2026-09-29 12:33,2026-09-29 14:33,4158.91,4159.76,4158.06,4158.54,14
1790692560,2026-09-29 12:36,2026-09-29 14:36,4158.53,4158.55,4156.36,4156.46,14
1790692740,2026-09-29 12:39,2026-09-29 14:39,4156.45,4157.55,4154.49,4154.84,14
1790692920,2026-09-29 12:42,2026-09-29 14:42,4154.86,4155.03,4151.46,4151.96,14
1790693100,2026-09-29 12:45,2026-09-29 14:45,4151.97,4152.61,4150.22,4151.2,14
1790693280,2026-09-29 12:48,2026-09-29 14:48,4151.16,4161.04,4150.11,4158.39,14
1790693460,2026-09-29 12:51,2026-09-29 14:51,4158.41,4158.73,4154.19,4156.39,14
1790693640,2026-09-29 12:54,2026-09-29 14:54,4156.36,4156.57,4153.93,4154.59,14
1790693820,2026-09-29 12:57,2026-09-29 14:57,4154.6,4155.01,4153.1,4153.59,14
1790694000,2026-09-29 13:00,2026-09-29 15:00,4153.46,4156.68,4153.2,4156.2,14
1790694180,2026-09-29 13:03,2026-09-29 15:03,4156.29,4158.99,4154.27,4156.39,14
1790694360,2026-09-29 13:06,2026-09-29 15:06,4156.4,4156.94,4154.08,4154.68,14
1790694540,2026-09-29 13:09,2026-09-29 15:09,4154.67,4156.29,4151.58,4151.72,14
1790694720,2026-09-29 13:12,2026-09-29 15:12,4151.69,4154.71,4150.89,4152.96,14
1790694900,2026-09-29 13:15,2026-09-29 15:15,4152.94,4157.15,4152.9,4154.42,14
1790695080,2026-09-29 13:18,2026-09-29 15:18,4154.39,4154.63,4150.82,4152.9,14
1790695260,2026-09-29 13:21,2026-09-29 15:21,4153.01,4153.34,4149.22,4149.33,14
1790695440,2026-09-29 13:24,2026-09-29 15:24,4149.22,4153.34,4148.48,4152.51,14
1790695620,2026-09-29 13:27,2026-09-29 15:27,4152.44,4154.75,4151.14,4154.72,14
1790695800,2026-09-29 13:30,2026-09-29 15:30,4154.98,4158.97,4153.82,4158.38,14
1790695980,2026-09-29 13:33,2026-09-29 15:33,4158.37,4158.74,4155.0,4155.85,14
1790696160,2026-09-29 13:36,2026-09-29 15:36,4155.86,4156.5,4154.72,4155.37,14
1790696340,2026-09-29 13:39,2026-09-29 15:39,4155.38,4155.38,4151.19,4154.55,14
1790696520,2026-09-29 13:42,2026-09-29 15:42,4154.36,4157.67,4153.69,4156.87,14
1790696700,2026-09-29 13:45,2026-09-29 15:45,4156.84,4156.95,4151.71,4152.62,14
1790696880,2026-09-29 13:48,2026-09-29 15:48,4152.61,4155.95,4152.05,4155.19,14
1790697060,2026-09-29 13:51,2026-09-29 15:51,4155.22,4155.67,4150.74,4151.6,14
1790697240,2026-09-29 13:54,2026-09-29 15:54,4151.61,4153.24,4151.3,4152.24,14
1790697420,2026-09-29 13:57,2026-09-29 15:57,4152.23,4152.35,4149.54,4151.26,14
1790697600,2026-09-29 14:00,2026-09-29 16:00,4151.25,4154.31,4150.61,4152.45,14
1790697780,2026-09-29 14:03,2026-09-29 16:03,4152.84,4155.51,4152.74,4155.34,14
1790697960,2026-09-29 14:06,2026-09-29 16:06,4155.36,4159.3,4154.82,4158.74,14
1790698140,2026-09-29 14:09,2026-09-29 16:09,4158.73,4159.5,4155.68,4156.56,14
1790698320,2026-09-29 14:12,2026-09-29 16:12,4156.53,4159.15,4155.34,4158.9,14
1790698500,2026-09-29 14:15,2026-09-29 16:15,4159.01,4159.74,4156.56,4158.56,14
1790698680,2026-09-29 14:18,2026-09-29 16:18,4158.47,4159.73,4156.35,4157.65,14
1790698860,2026-09-29 14:21,2026-09-29 16:21,4157.59,4159.09,4156.48,4158.56,14
1790699040,2026-09-29 14:24,2026-09-29 16:24,4158.52,4159.59,4155.08,4155.54,14
1790699220,2026-09-29 14:27,2026-09-29 16:27,4155.55,4156.51,4154.61,4155.15,14
1790699400,2026-09-29 14:30,2026-09-29 16:30,4155.35,4160.42,4153.44,4156.24,14
1790699580,2026-09-29 14:33,2026-09-29 16:33,4156.32,4158.57,4152.68,4156.9,14
1790699760,2026-09-29 14:36,2026-09-29 16:36,4156.88,4161.9,4156.05,4159.22,14
1790699940,2026-09-29 14:39,2026-09-29 16:39,4159.27,4163.1,4157.22,4163.02,14
1790700120,2026-09-29 14:42,2026-09-29 16:42,4163.1,4163.1,4153.78,4155.38,14
1790700300,2026-09-29 14:45,2026-09-29 16:45,4155.36,4162.81,4153.52,4160.1,14
1790700480,2026-09-29 14:48,2026-09-29 16:48,4160.01,4161.23,4157.32,4159.87,14
1790700660,2026-09-29 14:51,2026-09-29 16:51,4159.89,4164.5,4159.43,4162.05,14
1790700840,2026-09-29 14:54,2026-09-29 16:54,4161.96,4162.19,4160.28,4160.5,14
1790701020,2026-09-29 14:57,2026-09-29 16:57,4160.52,4160.94,4157.0,4157.56,14
1790701200,2026-09-29 15:00,2026-09-29 17:00,4157.73,4165.66,4157.58,4163.5,14
1790701380,2026-09-29 15:03,2026-09-29 17:03,4163.49,4168.16,4162.83,4165.89,14
1790701560,2026-09-29 15:06,2026-09-29 17:06,4165.86,4169.25,4164.44,4168.6,14
1790701740,2026-09-29 15:09,2026-09-29 17:09,4168.42,4168.95,4165.49,4165.93,14
1790701920,2026-09-29 15:12,2026-09-29 17:12,4166.01,4167.17,4164.74,4166.32,14
1790702100,2026-09-29 15:15,2026-09-29 17:15,4166.46,4168.27,4165.16,4167.78,14
1790702280,2026-09-29 15:18,2026-09-29 17:18,4167.77,4171.99,4166.58,4168.54,14
1790702460,2026-09-29 15:21,2026-09-29 17:21,4168.5,4175.28,4168.31,4173.69,14
1790702640,2026-09-29 15:24,2026-09-29 17:24,4173.7,4175.01,4171.2,4173.3,14
1790702820,2026-09-29 15:27,2026-09-29 17:27,4173.47,4175.0,4171.82,4172.73,14
1790703000,2026-09-29 15:30,2026-09-29 17:30,4172.7,4174.61,4169.57,4169.99,14
1790703180,2026-09-29 15:33,2026-09-29 17:33,4169.96,4170.15,4166.92,4168.06,14
1790703360,2026-09-29 15:36,2026-09-29 17:36,4168.07,4168.2,4162.68,4164.51,14
1790703540,2026-09-29 15:39,2026-09-29 17:39,4164.43,4168.94,4164.13,4167.09,14
1790703720,2026-09-29 15:42,2026-09-29 17:42,4167.13,4170.66,4166.38,4167.38,14
1790703900,2026-09-29 15:45,2026-09-29 17:45,4167.49,4168.11,4162.69,4163.48,14
1790704080,2026-09-29 15:48,2026-09-29 17:48,4163.38,4166.02,4163.02,4165.69,14
1790704260,2026-09-29 15:51,2026-09-29 17:51,4165.45,4169.3,4165.12,4167.63,14
1790704440,2026-09-29 15:54,2026-09-29 17:54,4167.64,4168.89,4166.26,4168.68,14
1790704620,2026-09-29 15:57,2026-09-29 17:57,4168.63,4172.47,4168.63,4170.59,14
1790704800,2026-09-29 16:00,2026-09-29 18:00,4170.54,4170.69,4166.68,4168.66,14
1790704980,2026-09-29 16:03,2026-09-29 18:03,4168.67,4169.95,4166.82,4167.05,14
1790705160,2026-09-29 16:06,2026-09-29 18:06,4167.04,4167.71,4163.19,4164.07,14
1790705340,2026-09-29 16:09,2026-09-29 18:09,4164.28,4165.52,4161.81,4162.72,14
1790705520,2026-09-29 16:12,2026-09-29 18:12,4162.65,4163.14,4160.96,4162.07,14
1790705700,2026-09-29 16:15,2026-09-29 18:15,4161.97,4163.08,4160.51,4161.67,14
1790705880,2026-09-29 16:18,2026-09-29 18:18,4161.66,4161.75,4159.3,4159.57,14
1790706060,2026-09-29 16:21,2026-09-29 18:21,4159.46,4159.83,4154.03,4155.3,14
1790706240,2026-09-29 16:24,2026-09-29 18:24,4155.31,4157.11,4151.8,4151.8,14
1790706420,2026-09-29 16:27,2026-09-29 18:27,4152.12,4153.05,4148.31,4152.92,14
1790706600,2026-09-29 16:30,2026-09-29 18:30,4153.03,4154.96,4150.96,4154.32,14
1790706780,2026-09-29 16:33,2026-09-29 18:33,4154.22,4159.15,4154.02,4157.19,14
1790706960,2026-09-29 16:36,2026-09-29 18:36,4157.18,4158.52,4155.87,4157.13,14
1790707140,2026-09-29 16:39,2026-09-29 18:39,4157.19,4158.16,4154.63,4154.93,14
1790707320,2026-09-29 16:42,2026-09-29 18:42,4154.94,4155.74,4153.7,4155.68,14
1790707500,2026-09-29 16:45,2026-09-29 18:45,4156.31,4161.91,4154.89,4160.36,14
1790707680,2026-09-29 16:48,2026-09-29 18:48,4160.16,4160.44,4156.11,4157.35,14
1790707860,2026-09-29 16:51,2026-09-29 18:51,4157.28,4158.58,4155.15,4155.18,14
1790708040,2026-09-29 16:54,2026-09-29 18:54,4155.17,4157.19,4153.59,4156.89,14
1790708220,2026-09-29 16:57,2026-09-29 18:57,4156.87,4158.74,4155.23,4157.92,14
1790708400,2026-09-29 17:00,2026-09-29 19:00,4157.88,4158.84,4154.8,4155.64,14
1790708580,2026-09-29 17:03,2026-09-29 19:03,4155.63,4155.76,4150.95,4150.95,14
1790708760,2026-09-29 17:06,2026-09-29 19:06,4150.94,4152.32,4150.86,4151.92,14
1790708940,2026-09-29 17:09,2026-09-29 19:09,4151.96,4153.78,4151.24,4153.57,14
1790709120,2026-09-29 17:12,2026-09-29 19:12,4153.54,4154.21,4150.42,4150.67,14
1790709300,2026-09-29 17:15,2026-09-29 19:15,4150.72,4152.59,4150.45,4151.43,14
1790709480,2026-09-29 17:18,2026-09-29 19:18,4151.48,4152.06,4149.83,4150.62,14
1790709660,2026-09-29 17:21,2026-09-29 19:21,4150.63,4152.68,4149.75,4152.47,14
1790709840,2026-09-29 17:24,2026-09-29 19:24,4152.44,4154.03,4151.87,4153.45,14
1790710020,2026-09-29 17:27,2026-09-29 19:27,4153.47,4154.78,4152.96,4153.47,14
1790710200,2026-09-29 17:30,2026-09-29 19:30,4153.45,4154.14,4152.56,4153.2,14
1790710380,2026-09-29 17:33,2026-09-29 19:33,4153.19,4155.19,4152.61,4153.97,14
1790710560,2026-09-29 17:36,2026-09-29 19:36,4153.96,4155.05,4153.38,4153.5,14
1790710740,2026-09-29 17:39,2026-09-29 19:39,4153.58,4153.58,4151.43,4152.12,14
1790710920,2026-09-29 17:42,2026-09-29 19:42,4152.21,4152.21,4147.5,4147.53,14
1790711100,2026-09-29 17:45,2026-09-29 19:45,4147.32,4147.74,4144.75,4146.43,14
1790711280,2026-09-29 17:48,2026-09-29 19:48,4146.45,4150.23,4146.45,4149.44,14
1790711460,2026-09-29 17:51,2026-09-29 19:51,4149.45,4150.84,4147.25,4148.06,14
1790711640,2026-09-29 17:54,2026-09-29 19:54,4148.12,4148.49,4144.53,4145.02,14
1790711820,2026-09-29 17:57,2026-09-29 19:57,4144.91,4146.19,4144.48,4145.85,14
1790712000,2026-09-29 18:00,2026-09-29 20:00,4145.86,4147.28,4144.85,4145.44,14
1790712180,2026-09-29 18:03,2026-09-29 20:03,4145.46,4148.04,4144.53,4147.59,14
1790712360,2026-09-29 18:06,2026-09-29 20:06,4147.62,4147.91,4144.22,4144.74,14
1790712540,2026-09-29 18:09,2026-09-29 20:09,4144.69,4147.67,4144.67,4147.48,14
1790712720,2026-09-29 18:12,2026-09-29 20:12,4147.5,4148.19,4146.7,4147.32,14
1790712900,2026-09-29 18:15,2026-09-29 20:15,4147.31,4147.75,4146.14,4146.56,14
1790713080,2026-09-29 18:18,2026-09-29 20:18,4146.6,4148.86,4146.14,4146.47,14
1790713260,2026-09-29 18:21,2026-09-29 20:21,4146.51,4148.57,4145.93,4147.37,14
1790713440,2026-09-29 18:24,2026-09-29 20:24,4147.27,4148.11,4146.06,4147.52,14
1790713620,2026-09-29 18:27,2026-09-29 20:27,4147.54,4148.48,4146.03,4148.48,14
1790713800,2026-09-29 18:30,2026-09-29 20:30,4148.34,4148.98,4146.85,4148.43,14
1790713980,2026-09-29 18:33,2026-09-29 20:33,4148.4,4149.02,4146.51,4147.13,14
1790714160,2026-09-29 18:36,2026-09-29 20:36,4147.08,4148.0,4145.18,4145.26,14
1790714340,2026-09-29 18:39,2026-09-29 20:39,4145.27,4145.58,4143.58,4144.09,14
1790714520,2026-09-29 18:42,2026-09-29 20:42,4144.08,4145.94,4143.97,4145.1,14
1790714700,2026-09-29 18:45,2026-09-29 20:45,4145.21,4147.42,4143.42,4144.06,14
1790714880,2026-09-29 18:48,2026-09-29 20:48,4144.02,4146.56,4143.98,4146.33,14
1790715060,2026-09-29 18:51,2026-09-29 20:51,4146.33,4146.6,4143.66,4143.78,14
1790715240,2026-09-29 18:54,2026-09-29 20:54,4143.79,4143.87,4142.51,4143.5,14
1790715420,2026-09-29 18:57,2026-09-29 20:57,4143.48,4144.31,4142.31,4144.17,14
1790715600,2026-09-29 19:00,2026-09-29 21:00,4143.91,4163.43,4143.91,4163.05,14
1790715780,2026-09-29 19:03,2026-09-29 21:03,4163.03,4164.78,4156.95,4162.92,14
1790715960,2026-09-29 19:06,2026-09-29 21:06,4162.95,4164.13,4157.36,4159.55,14
1790716140,2026-09-29 19:09,2026-09-29 21:09,4159.82,4163.92,4155.84,4163.02,14
1790716320,2026-09-29 19:12,2026-09-29 21:12,4163.05,4167.83,4162.24,4166.22,14
1790716500,2026-09-29 19:15,2026-09-29 21:15,4166.21,4169.94,4165.64,4166.98,14
1790716680,2026-09-29 19:18,2026-09-29 21:18,4167.0,4168.74,4165.67,4167.1,14
1790716860,2026-09-29 19:21,2026-09-29 21:21,4166.99,4168.79,4164.33,4164.78,14
1790717040,2026-09-29 19:24,2026-09-29 21:24,4164.79,4165.8,4162.49,4163.26,14
1790717220,2026-09-29 19:27,2026-09-29 21:27,4163.34,4168.8,4162.62,4165.7,14
1790717400,2026-09-29 19:30,2026-09-29 21:30,4165.66,4170.05,4162.63,4163.81,14
1790717580,2026-09-29 19:33,2026-09-29 21:33,4163.84,4167.08,4160.17,4166.8,14
1790717760,2026-09-29 19:36,2026-09-29 21:36,4166.9,4172.29,4166.72,4172.29,14
1790717940,2026-09-29 19:39,2026-09-29 21:39,4172.32,4175.94,4171.97,4173.61,14
1790718120,2026-09-29 19:42,2026-09-29 21:42,4173.62,4173.73,4169.3,4170.52,14
1790718300,2026-09-29 19:45,2026-09-29 21:45,4170.36,4170.66,4166.56,4167.22,14
1790718480,2026-09-29 19:48,2026-09-29 21:48,4167.25,4168.0,4164.71,4165.88,14
1790718660,2026-09-29 19:51,2026-09-29 21:51,4165.9,4171.35,4165.64,4170.72,14
1790718840,2026-09-29 19:54,2026-09-29 21:54,4170.58,4170.58,4167.92,4169.52,14
1790719020,2026-09-29 19:57,2026-09-29 21:57,4169.51,4172.44,4168.55,4171.07,14
1790719200,2026-09-29 20:00,2026-09-29 22:00,4171.08,4171.53,4170.01,4171.16,14
1790719380,2026-09-29 20:03,2026-09-29 22:03,4171.18,4173.79,4170.54,4171.96,14
1790719560,2026-09-29 20:06,2026-09-29 22:06,4171.92,4172.93,4170.82,4171.05,14
1790719740,2026-09-29 20:09,2026-09-29 22:09,4171.16,4171.35,4169.35,4169.57,14
1790719920,2026-09-29 20:12,2026-09-29 22:12,4169.7,4169.71,4167.76,4168.76,14
1790720100,2026-09-29 20:15,2026-09-29 22:15,4168.77,4169.67,4167.86,4168.43,14
1790720280,2026-09-29 20:18,2026-09-29 22:18,4168.48,4170.94,4168.35,4170.09,14
1790720460,2026-09-29 20:21,2026-09-29 22:21,4170.1,4171.78,4169.54,4169.81,14
1790720640,2026-09-29 20:24,2026-09-29 22:24,4169.7,4170.1,4168.49,4169.13,14
1790720820,2026-09-29 20:27,2026-09-29 22:27,4169.03,4171.69,4168.59,4171.28,14
1790721000,2026-09-29 20:30,2026-09-29 22:30,4171.26,4171.57,4169.91,4171.39,14
1790721180,2026-09-29 20:33,2026-09-29 22:33,4171.42,4171.76,4169.48,4171.3,14
1790721360,2026-09-29 20:36,2026-09-29 22:36,4171.26,4172.95,4171.21,4172.2,14
1790721540,2026-09-29 20:39,2026-09-29 22:39,4172.15,4173.71,4170.74,4171.04,14
1790721720,2026-09-29 20:42,2026-09-29 22:42,4170.91,4172.71,4170.1,4172.52,14
1790721900,2026-09-29 20:45,2026-09-29 22:45,4172.54,4172.54,4170.14,4171.15,14
1790722080,2026-09-29 20:48,2026-09-29 22:48,4171.1,4171.63,4169.92,4170.24,14
1790722260,2026-09-29 20:51,2026-09-29 22:51,4170.29,4173.9,4169.74,4173.87,14
1790722440,2026-09-29 20:54,2026-09-29 22:54,4173.79,4175.39,4173.07,4174.69,14
1790722620,2026-09-29 20:57,2026-09-29 22:57,4174.71,4177.66,4172.75,4177.39,14
1790722800,2026-09-29 21:00,2026-09-29 23:00,4177.42,4177.42,4173.49,4174.1,14
1790722980,2026-09-29 21:03,2026-09-29 23:03,4174.16,4174.89,4173.72,4174.29,17
1790723160,2026-09-29 21:06,2026-09-29 23:06,4174.23,4175.59,4174.08,4175.01,17
1790723340,2026-09-29 21:09,2026-09-29 23:09,4175.05,4176.2,4172.44,4172.92,17
1790723520,2026-09-29 21:12,2026-09-29 23:12,4172.94,4173.99,4172.04,4172.28,17
1790723700,2026-09-29 21:15,2026-09-29 23:15,4172.32,4172.98,4171.72,4172.68,17
1790723880,2026-09-29 21:18,2026-09-29 23:18,4172.64,4174.04,4172.58,4173.26,17
1790724060,2026-09-29 21:21,2026-09-29 23:21,4173.23,4175.35,4173.21,4174.19,17
1790724240,2026-09-29 21:24,2026-09-29 23:24,4174.26,4174.67,4173.52,4174.4,17
1790724420,2026-09-29 21:27,2026-09-29 23:27,4174.42,4176.55,4173.97,4175.63,17
1790724600,2026-09-29 21:30,2026-09-29 23:30,4175.65,4176.72,4174.85,4176.43,17
1790724780,2026-09-29 21:33,2026-09-29 23:33,4176.44,4178.84,4176.35,4178.44,17
1790724960,2026-09-29 21:36,2026-09-29 23:36,4178.52,4179.83,4178.19,4178.72,17
1790725140,2026-09-29 21:39,2026-09-29 23:39,4178.73,4183.23,4178.61,4183.15,17
1790725320,2026-09-29 21:42,2026-09-29 23:42,4183.19,4185.0,4183.07,4184.74,17
1790725500,2026-09-29 21:45,2026-09-29 23:45,4184.55,4185.2,4182.22,4183.28,17
1790725680,2026-09-29 21:48,2026-09-29 23:48,4183.36,4183.85,4180.39,4180.64,17
1790725860,2026-09-29 21:51,2026-09-29 23:51,4180.6,4181.96,4179.35,4179.8,17
1790726040,2026-09-29 21:54,2026-09-29 23:54,4179.68,4181.68,4179.32,4181.23,17
1790726220,2026-09-29 21:57,2026-09-29 23:57,4181.26,4182.77,4180.93,4182.59,17
1790730000,2026-09-29 23:00,2026-09-30 01:00,4183.98,4184.62,4182.27,4183.18,17
1790730180,2026-09-29 23:03,2026-09-30 01:03,4183.05,4183.74,4179.83,4181.71,17
1790730360,2026-09-29 23:06,2026-09-30 01:06,4181.86,4183.11,4181.25,4183.11,17
1790730540,2026-09-29 23:09,2026-09-30 01:09,4183.01,4183.15,4181.75,4182.11,17
1790730720,2026-09-29 23:12,2026-09-30 01:12,4182.19,4182.65,4181.04,4181.54,17
1790730900,2026-09-29 23:15,2026-09-30 01:15,4181.57,4181.7,4180.73,4181.47,14
1790731080,2026-09-29 23:18,2026-09-30 01:18,4181.5,4182.14,4180.83,4181.59,14
1790731260,2026-09-29 23:21,2026-09-30 01:21,4181.48,4182.65,4181.48,4182.23,14
1790731440,2026-09-29 23:24,2026-09-30 01:24,4182.22,4182.49,4182.18,4182.3,14
1790731620,2026-09-29 23:27,2026-09-30 01:27,4182.38,4182.38,4179.84,4180.17,14
1790731800,2026-09-29 23:30,2026-09-30 01:30,4180.25,4180.5,4179.36,4179.75,14
1790731980,2026-09-29 23:33,2026-09-30 01:33,4179.7,4179.8,4177.22,4177.65,14
1790732160,2026-09-29 23:36,2026-09-30 01:36,4177.77,4178.17,4176.74,4177.81,14
1790732340,2026-09-29 23:39,2026-09-30 01:39,4178.07,4178.37,4177.32,4178.14,14
1790732520,2026-09-29 23:42,2026-09-30 01:42,4178.44,4178.77,4177.65,4177.74,14
1790732700,2026-09-29 23:45,2026-09-30 01:45,4177.75,4178.54,4177.51,4178.31,14
1790732880,2026-09-29 23:48,2026-09-30 01:48,4178.57,4178.67,4177.99,4178.45,14
1790733060,2026-09-29 23:51,2026-09-30 01:51,4178.42,4178.63,4177.61,4178.34,14
1790733240,2026-09-29 23:54,2026-09-30 01:54,4178.33,4180.24,4178.2,4180.05,14
1790733420,2026-09-29 23:57,2026-09-30 01:57,4179.85,4179.85,4178.39,4178.68,14
1790733600,2026-09-30 00:00,2026-09-30 02:00,4178.82,4180.9,4178.71,4180.58,14
1790733780,2026-09-30 00:03,2026-09-30 02:03,4180.71,4180.81,4179.53,4180.33,14
1790733960,2026-09-30 00:06,2026-09-30 02:06,4180.32,4181.48,4180.13,4180.97,14
1790734140,2026-09-30 00:09,2026-09-30 02:09,4181.05,4181.31,4180.32,4180.95,14
1790734320,2026-09-30 00:12,2026-09-30 02:12,4180.94,4182.41,4180.8,4182.23,14
1790734500,2026-09-30 00:15,2026-09-30 02:15,4182.12,4183.37,4182.06,4183.36,14
1790734680,2026-09-30 00:18,2026-09-30 02:18,4183.37,4183.76,4181.94,4181.94,14
1790734860,2026-09-30 00:21,2026-09-30 02:21,4181.97,4181.97,4179.69,4180.14,14
1790735040,2026-09-30 00:24,2026-09-30 02:24,4180.16,4181.16,4180.16,4180.44,14
1790735220,2026-09-30 00:27,2026-09-30 02:27,4180.51,4181.82,4180.46,4180.96,14
1790735400,2026-09-30 00:30,2026-09-30 02:30,4180.99,4181.03,4178.74,4179.28,14
1790735580,2026-09-30 00:33,2026-09-30 02:33,4179.3,4180.28,4179.11,4180.09,14
1790735760,2026-09-30 00:36,2026-09-30 02:36,4179.85,4180.28,4179.51,4180.01,14
1790735940,2026-09-30 00:39,2026-09-30 02:39,4179.91,4180.75,4179.12,4180.71,14
1790736120,2026-09-30 00:42,2026-09-30 02:42,4180.58,4180.83,4179.75,4180.12,14
1790736300,2026-09-30 00:45,2026-09-30 02:45,4180.14,4184.82,4180.11,4183.91,14
1790736480,2026-09-30 00:48,2026-09-30 02:48,4183.92,4185.5,4183.64,4184.38,14
1790736660,2026-09-30 00:51,2026-09-30 02:51,4184.48,4186.66,4183.7,4186.19,14
1790736840,2026-09-30 00:54,2026-09-30 02:54,4186.14,4187.65,4185.6,4187.31,14
1790737020,2026-09-30 00:57,2026-09-30 02:57,4187.28,4187.28,4184.53,4185.05,14
1790737200,2026-09-30 01:00,2026-09-30 03:00,4184.83,4187.59,4183.79,4183.79,14
1790737380,2026-09-30 01:03,2026-09-30 03:03,4184.02,4184.73,4182.7,4184.15,14
1790737560,2026-09-30 01:06,2026-09-30 03:06,4184.0,4185.53,4183.75,4184.62,14
1790737740,2026-09-30 01:09,2026-09-30 03:09,4185.0,4185.77,4184.44,4184.91,14
1790737920,2026-09-30 01:12,2026-09-30 03:12,4184.92,4185.96,4183.7,4184.2,14
1790738100,2026-09-30 01:15,2026-09-30 03:15,4184.35,4185.45,4181.56,4181.85,14
1790738280,2026-09-30 01:18,2026-09-30 03:18,4181.79,4184.23,4181.79,4182.69,14
1790738460,2026-09-30 01:21,2026-09-30 03:21,4182.68,4184.33,4181.45,4181.91,14
1790738640,2026-09-30 01:24,2026-09-30 03:24,4181.89,4183.13,4181.57,4182.79,14
1790738820,2026-09-30 01:27,2026-09-30 03:27,4182.94,4183.34,4181.69,4182.44,14
1790739000,2026-09-30 01:30,2026-09-30 03:30,4182.45,4184.04,4180.63,4181.15,14
1790739180,2026-09-30 01:33,2026-09-30 03:33,4181.21,4184.53,4180.67,4180.67,14
1790739360,2026-09-30 01:36,2026-09-30 03:36,4180.73,4181.05,4178.63,4179.5,14
1790739540,2026-09-30 01:39,2026-09-30 03:39,4179.47,4181.83,4178.89,4180.46,14
1790739720,2026-09-30 01:42,2026-09-30 03:42,4180.45,4180.75,4178.23,4179.11,14
1790739900,2026-09-30 01:45,2026-09-30 03:45,4179.16,4179.92,4177.66,4178.85,14
1790740080,2026-09-30 01:48,2026-09-30 03:48,4178.86,4178.99,4176.95,4178.16,14
1790740260,2026-09-30 01:51,2026-09-30 03:51,4178.31,4179.98,4178.24,4179.61,14
1790740440,2026-09-30 01:54,2026-09-30 03:54,4179.6,4180.52,4178.1,4179.56,14
1790740620,2026-09-30 01:57,2026-09-30 03:57,4179.58,4180.19,4176.66,4176.9,14
1790740800,2026-09-30 02:00,2026-09-30 04:00,4176.95,4181.6,4175.3,4179.65,14
1790740980,2026-09-30 02:03,2026-09-30 04:03,4179.56,4179.92,4176.41,4178.29,14
1790741160,2026-09-30 02:06,2026-09-30 04:06,4178.3,4178.43,4174.36,4175.12,14
1790741340,2026-09-30 02:09,2026-09-30 04:09,4175.13,4175.82,4172.05,4174.89,14
1790741520,2026-09-30 02:12,2026-09-30 04:12,4174.91,4175.82,4172.18,4172.87,14
1790741700,2026-09-30 02:15,2026-09-30 04:15,4172.68,4174.86,4172.13,4173.52,14
1790741880,2026-09-30 02:18,2026-09-30 04:18,4173.54,4173.77,4170.19,4170.99,14
1790742060,2026-09-30 02:21,2026-09-30 04:21,4170.91,4172.87,4169.06,4169.75,14
1790742240,2026-09-30 02:24,2026-09-30 04:24,4169.68,4170.98,4169.09,4169.69,14
1790742420,2026-09-30 02:27,2026-09-30 04:27,4169.72,4170.3,4167.89,4167.96,14
1790742600,2026-09-30 02:30,2026-09-30 04:30,4167.94,4173.85,4167.52,4172.2,14
1790742780,2026-09-30 02:33,2026-09-30 04:33,4172.1,4172.66,4169.12,4171.53,14
1790742960,2026-09-30 02:36,2026-09-30 04:36,4171.56,4171.87,4168.2,4168.92,14
1790743140,2026-09-30 02:39,2026-09-30 04:39,4168.87,4170.27,4168.27,4169.82,14
1790743320,2026-09-30 02:42,2026-09-30 04:42,4169.69,4170.73,4167.82,4170.0,14
1790743500,2026-09-30 02:45,2026-09-30 04:45,4169.88,4172.19,4168.56,4172.19,14
1790743680,2026-09-30 02:48,2026-09-30 04:48,4172.17,4172.17,4169.34,4171.4,14
1790743860,2026-09-30 02:51,2026-09-30 04:51,4171.27,4172.48,4170.3,4171.65,14
1790744040,2026-09-30 02:54,2026-09-30 04:54,4171.62,4172.7,4171.02,4171.94,14
1790744220,2026-09-30 02:57,2026-09-30 04:57,4171.95,4173.4,4171.15,4172.32,14
1790744400,2026-09-30 03:00,2026-09-30 05:00,4172.29,4174.94,4172.29,4173.67,14
1790744580,2026-09-30 03:03,2026-09-30 05:03,4173.65,4175.45,4173.1,4175.05,14
1790744760,2026-09-30 03:06,2026-09-30 05:06,4175.11,4178.2,4174.92,4176.92,14
1790744940,2026-09-30 03:09,2026-09-30 05:09,4176.9,4178.22,4175.59,4177.29,14
1790745120,2026-09-30 03:12,2026-09-30 05:12,4177.3,4178.43,4175.47,4176.54,14
1790745300,2026-09-30 03:15,2026-09-30 05:15,4176.55,4178.17,4176.49,4178.14,14
1790745480,2026-09-30 03:18,2026-09-30 05:18,4178.13,4179.44,4176.95,4178.22,14
1790745660,2026-09-30 03:21,2026-09-30 05:21,4178.23,4180.43,4177.52,4178.46,14
1790745840,2026-09-30 03:24,2026-09-30 05:24,4178.48,4178.78,4175.79,4175.94,14
1790746020,2026-09-30 03:27,2026-09-30 05:27,4175.95,4177.54,4175.46,4175.63,14
1790746200,2026-09-30 03:30,2026-09-30 05:30,4175.59,4176.37,4171.33,4172.04,14
1790746380,2026-09-30 03:33,2026-09-30 05:33,4172.09,4174.54,4171.82,4174.28,14
1790746560,2026-09-30 03:36,2026-09-30 05:36,4174.23,4179.02,4174.08,4178.34,14
1790746740,2026-09-30 03:39,2026-09-30 05:39,4178.31,4179.02,4176.25,4176.73,14
1790746920,2026-09-30 03:42,2026-09-30 05:42,4176.78,4178.52,4175.41,4178.37,14
1790747100,2026-09-30 03:45,2026-09-30 05:45,4178.35,4183.7,4178.34,4183.18,14
1790747280,2026-09-30 03:48,2026-09-30 05:48,4183.17,4184.1,4181.47,4183.49,14
1790747460,2026-09-30 03:51,2026-09-30 05:51,4183.48,4184.31,4181.49,4181.49,14
1790747640,2026-09-30 03:54,2026-09-30 05:54,4181.52,4182.78,4180.44,4181.72,14
1790747820,2026-09-30 03:57,2026-09-30 05:57,4181.73,4182.58,4178.19,4179.3,14
1790748000,2026-09-30 04:00,2026-09-30 06:00,4179.19,4182.22,4179.18,4181.29,14
1790748180,2026-09-30 04:03,2026-09-30 06:03,4181.34,4182.28,4180.21,4180.43,14
1790748360,2026-09-30 04:06,2026-09-30 06:06,4180.37,4181.64,4179.61,4179.98,14
1790748540,2026-09-30 04:09,2026-09-30 06:09,4179.93,4180.62,4178.47,4178.71,14
1790748720,2026-09-30 04:12,2026-09-30 06:12,4178.72,4180.7,4177.75,4178.44,14
1790748900,2026-09-30 04:15,2026-09-30 06:15,4178.43,4178.82,4177.08,4178.75,14
1790749080,2026-09-30 04:18,2026-09-30 06:18,4178.8,4180.17,4177.73,4178.87,14
1790749260,2026-09-30 04:21,2026-09-30 06:21,4178.9,4180.13,4178.69,4179.7,14
1790749440,2026-09-30 04:24,2026-09-30 06:24,4179.65,4180.47,4178.39,4178.7,14
1790749620,2026-09-30 04:27,2026-09-30 06:27,4178.69,4180.82,4178.23,4180.82,14
1790749800,2026-09-30 04:30,2026-09-30 06:30,4180.8,4180.95,4176.71,4176.96,14
1790749980,2026-09-30 04:33,2026-09-30 06:33,4176.87,4177.22,4174.68,4174.87,14
1790750160,2026-09-30 04:36,2026-09-30 06:36,4174.81,4177.05,4174.16,4176.75,14
1790750340,2026-09-30 04:39,2026-09-30 06:39,4176.72,4177.62,4175.47,4175.83,14
1790750520,2026-09-30 04:42,2026-09-30 06:42,4175.74,4176.66,4174.58,4175.45,14
1790750700,2026-09-30 04:45,2026-09-30 06:45,4175.36,4175.99,4173.31,4173.97,14
1790750880,2026-09-30 04:48,2026-09-30 06:48,4173.95,4174.31,4172.8,4173.52,14
1790751060,2026-09-30 04:51,2026-09-30 06:51,4173.41,4173.58,4171.43,4172.61,14
1790751240,2026-09-30 04:54,2026-09-30 06:54,4172.6,4175.28,4172.22,4174.32,14
1790751420,2026-09-30 04:57,2026-09-30 06:57,4174.23,4174.27,4172.44,4173.0,14
1790751600,2026-09-30 05:00,2026-09-30 07:00,4173.11,4175.48,4172.65,4174.38,14
1790751780,2026-09-30 05:03,2026-09-30 07:03,4174.49,4176.32,4173.58,4175.54,14
1790751960,2026-09-30 05:06,2026-09-30 07:06,4175.51,4175.79,4172.45,4172.61,14
1790752140,2026-09-30 05:09,2026-09-30 07:09,4172.62,4173.6,4172.24,4173.38,14
1790752320,2026-09-30 05:12,2026-09-30 07:12,4173.41,4174.04,4172.34,4173.77,14
1790752500,2026-09-30 05:15,2026-09-30 07:15,4173.93,4177.24,4173.66,4176.83,14
1790752680,2026-09-30 05:18,2026-09-30 07:18,4176.92,4178.04,4176.09,4176.65,14
1790752860,2026-09-30 05:21,2026-09-30 07:21,4176.59,4177.77,4176.34,4176.87,14
1790753040,2026-09-30 05:24,2026-09-30 07:24,4176.84,4179.07,4176.81,4178.91,14
1790753220,2026-09-30 05:27,2026-09-30 07:27,4178.85,4179.15,4177.37,4177.54,14
1790753400,2026-09-30 05:30,2026-09-30 07:30,4177.42,4178.81,4176.99,4178.57,14
1790753580,2026-09-30 05:33,2026-09-30 07:33,4178.55,4182.05,4177.75,4181.5,14
1790753760,2026-09-30 05:36,2026-09-30 07:36,4181.56,4183.16,4180.12,4182.38,14
1790753940,2026-09-30 05:39,2026-09-30 07:39,4182.34,4184.92,4181.88,4183.75,14
1790754120,2026-09-30 05:42,2026-09-30 07:42,4183.79,4184.09,4180.82,4181.03,14
1790754300,2026-09-30 05:45,2026-09-30 07:45,4181.11,4181.73,4179.44,4180.55,14
1790754480,2026-09-30 05:48,2026-09-30 07:48,4180.52,4181.04,4177.84,4178.57,14
1790754660,2026-09-30 05:51,2026-09-30 07:51,4178.6,4179.0,4177.54,4178.64,14
1790754840,2026-09-30 05:54,2026-09-30 07:54,4178.65,4179.48,4177.93,4178.56,14
1790755020,2026-09-30 05:57,2026-09-30 07:57,4178.53,4179.41,4177.99,4179.25,14
1790755200,2026-09-30 06:00,2026-09-30 08:00,4179.31,4182.28,4178.89,4179.52,14
1790755380,2026-09-30 06:03,2026-09-30 08:03,4179.45,4181.09,4179.25,4179.79,14
1790755560,2026-09-30 06:06,2026-09-30 08:06,4179.83,4180.85,4177.21,4177.45,14
1790755740,2026-09-30 06:09,2026-09-30 08:09,4177.47,4177.94,4175.88,4177.56,14
1790755920,2026-09-30 06:12,2026-09-30 08:12,4177.48,4177.57,4172.53,4172.53,14
1790756100,2026-09-30 06:15,2026-09-30 08:15,4172.49,4172.66,4165.76,4166.23,14
1790756280,2026-09-30 06:18,2026-09-30 08:18,4166.33,4170.49,4165.75,4169.79,14
1790756460,2026-09-30 06:21,2026-09-30 08:21,4169.74,4171.62,4169.74,4170.31,14
1790756640,2026-09-30 06:24,2026-09-30 08:24,4170.4,4171.71,4170.2,4171.13,14
1790756820,2026-09-30 06:27,2026-09-30 08:27,4171.12,4175.33,4170.63,4174.79,14
1790757000,2026-09-30 06:30,2026-09-30 08:30,4174.78,4179.23,4172.85,4177.89,14
1790757180,2026-09-30 06:33,2026-09-30 08:33,4177.95,4179.96,4176.67,4178.71,14
1790757360,2026-09-30 06:36,2026-09-30 08:36,4178.47,4180.02,4174.52,4175.32,14
1790757540,2026-09-30 06:39,2026-09-30 08:39,4175.27,4176.13,4173.43,4175.18,14
1790757720,2026-09-30 06:42,2026-09-30 08:42,4175.19,4177.79,4174.6,4175.37,14
1790757900,2026-09-30 06:45,2026-09-30 08:45,4175.31,4177.05,4174.55,4175.57,14
1790758080,2026-09-30 06:48,2026-09-30 08:48,4175.44,4176.03,4174.01,4175.45,14
1790758260,2026-09-30 06:51,2026-09-30 08:51,4175.47,4175.97,4174.11,4175.13,14
1790758440,2026-09-30 06:54,2026-09-30 08:54,4175.11,4176.14,4173.71,4175.13,14
1790758620,2026-09-30 06:57,2026-09-30 08:57,4175.14,4181.29,4174.42,4178.09,14
1790758800,2026-09-30 07:00,2026-09-30 09:00,4178.04,4180.54,4175.87,4178.83,14
1790758980,2026-09-30 07:03,2026-09-30 09:03,4178.74,4182.0,4177.38,4180.9,14
1790759160,2026-09-30 07:06,2026-09-30 09:06,4180.84,4181.86,4179.45,4180.14,14
1790759340,2026-09-30 07:09,2026-09-30 09:09,4180.23,4183.15,4180.0,4182.89,14
1790759520,2026-09-30 07:12,2026-09-30 09:12,4182.84,4184.35,4182.09,4183.19,14
1790759700,2026-09-30 07:15,2026-09-30 09:15,4183.21,4184.74,4182.48,4182.48,14
1790759880,2026-09-30 07:18,2026-09-30 09:18,4182.41,4182.85,4179.4,4180.04,14
1790760060,2026-09-30 07:21,2026-09-30 09:21,4179.92,4182.11,4178.83,4181.32,14
1790760240,2026-09-30 07:24,2026-09-30 09:24,4181.31,4183.43,4179.75,4181.4,14
1790760420,2026-09-30 07:27,2026-09-30 09:27,4181.34,4182.06,4179.61,4180.28,14
1790760600,2026-09-30 07:30,2026-09-30 09:30,4180.59,4180.97,4178.85,4180.51,14
1790760780,2026-09-30 07:33,2026-09-30 09:33,4180.55,4181.21,4179.55,4180.53,14
1790760960,2026-09-30 07:36,2026-09-30 09:36,4180.52,4183.46,4179.56,4180.61,14
1790761140,2026-09-30 07:39,2026-09-30 09:39,4180.52,4180.9,4179.0,4179.42,14
1790761320,2026-09-30 07:42,2026-09-30 09:42,4179.72,4182.48,4179.61,4182.17,14
1790761500,2026-09-30 07:45,2026-09-30 09:45,4182.26,4182.58,4179.56,4180.64,14
1790761680,2026-09-30 07:48,2026-09-30 09:48,4180.73,4184.22,4179.77,4183.96,14
1790761860,2026-09-30 07:51,2026-09-30 09:51,4183.95,4193.61,4183.37,4191.52,14
1790762040,2026-09-30 07:54,2026-09-30 09:54,4191.48,4194.06,4190.74,4193.21,14
1790762220,2026-09-30 07:57,2026-09-30 09:57,4193.33,4194.85,4190.59,4191.13,14
1790762400,2026-09-30 08:00,2026-09-30 10:00,4190.87,4195.01,4189.91,4194.79,14
1790762580,2026-09-30 08:03,2026-09-30 10:03,4194.77,4195.1,4192.64,4194.22,14
1790762760,2026-09-30 08:06,2026-09-30 10:06,4194.21,4198.04,4191.97,4194.64,14
1790762940,2026-09-30 08:09,2026-09-30 10:09,4194.68,4195.91,4192.33,4193.3,14
1790763120,2026-09-30 08:12,2026-09-30 10:12,4193.27,4195.26,4192.97,4194.31,14
1790763300,2026-09-30 08:15,2026-09-30 10:15,4194.37,4197.79,4193.97,4195.64,14
1790763480,2026-09-30 08:18,2026-09-30 10:18,4195.6,4197.86,4194.56,4195.67,14
1790763660,2026-09-30 08:21,2026-09-30 10:21,4195.45,4200.86,4195.45,4200.84,14
1790763840,2026-09-30 08:24,2026-09-30 10:24,4200.75,4201.24,4196.52,4197.06,14
1790764020,2026-09-30 08:27,2026-09-30 10:27,4197.1,4197.16,4193.98,4195.02,14
1790764200,2026-09-30 08:30,2026-09-30 10:30,4195.01,4196.46,4193.67,4194.03,14
1790764380,2026-09-30 08:33,2026-09-30 10:33,4193.79,4197.77,4193.61,4197.66,14
1790764560,2026-09-30 08:36,2026-09-30 10:36,4197.72,4198.76,4195.17,4195.45,14
1790764740,2026-09-30 08:39,2026-09-30 10:39,4195.38,4197.63,4194.79,4195.45,14
1790764920,2026-09-30 08:42,2026-09-30 10:42,4195.42,4195.55,4191.41,4192.29,14
1790765100,2026-09-30 08:45,2026-09-30 10:45,4192.28,4194.93,4191.28,4193.34,14
1790765280,2026-09-30 08:48,2026-09-30 10:48,4193.29,4196.07,4192.41,4195.53,14
1790765460,2026-09-30 08:51,2026-09-30 10:51,4195.3,4197.3,4194.36,4195.1,14
1790765640,2026-09-30 08:54,2026-09-30 10:54,4195.03,4195.91,4193.44,4193.68,14
1790765820,2026-09-30 08:57,2026-09-30 10:57,4193.98,4194.35,4191.79,4193.61,14
1790766000,2026-09-30 09:00,2026-09-30 11:00,4193.38,4196.39,4192.72,4195.13,14
1790766180,2026-09-30 09:03,2026-09-30 11:03,4195.06,4196.67,4193.03,4193.89,14
1790766360,2026-09-30 09:06,2026-09-30 11:06,4194.25,4196.3,4193.11,4195.33,14
1790766540,2026-09-30 09:09,2026-09-30 11:09,4195.14,4195.91,4193.47,4194.56,14
1790766720,2026-09-30 09:12,2026-09-30 11:12,4194.46,4195.67,4193.7,4194.78,14
1790766900,2026-09-30 09:15,2026-09-30 11:15,4194.83,4197.77,4193.51,4196.99,14
1790767080,2026-09-30 09:18,2026-09-30 11:18,4196.98,4199.91,4196.65,4199.26,14
1790767260,2026-09-30 09:21,2026-09-30 11:21,4199.31,4201.41,4198.84,4200.32,14
1790767440,2026-09-30 09:24,2026-09-30 11:24,4200.39,4201.69,4199.37,4201.23,14
1790767620,2026-09-30 09:27,2026-09-30 11:27,4201.3,4201.33,4198.34,4199.09,14
1790767800,2026-09-30 09:30,2026-09-30 11:30,4199.06,4200.28,4197.72,4199.54,14
1790767980,2026-09-30 09:33,2026-09-30 11:33,4199.55,4201.33,4198.32,4200.15,14
1790768160,2026-09-30 09:36,2026-09-30 11:36,4200.14,4202.37,4199.52,4201.85,14
1790768340,2026-09-30 09:39,2026-09-30 11:39,4201.77,4202.36,4199.9,4200.28,14
1790768520,2026-09-30 09:42,2026-09-30 11:42,4200.27,4200.27,4197.29,4198.05,14
1790768700,2026-09-30 09:45,2026-09-30 11:45,4198.06,4199.4,4197.5,4198.71,14
1790768880,2026-09-30 09:48,2026-09-30 11:48,4198.72,4199.65,4196.74,4197.33,14
1790769060,2026-09-30 09:51,2026-09-30 11:51,4197.29,4197.49,4194.44,4195.18,14
1790769240,2026-09-30 09:54,2026-09-30 11:54,4195.2,4195.83,4191.72,4193.3,14
1790769420,2026-09-30 09:57,2026-09-30 11:57,4193.3,4194.2,4192.11,4192.11,14
1790769600,2026-09-30 10:00,2026-09-30 12:00,4192.3,4193.65,4191.52,4193.41,14
1790769780,2026-09-30 10:03,2026-09-30 12:03,4193.39,4194.29,4192.7,4193.86,14
1790769960,2026-09-30 10:06,2026-09-30 12:06,4193.87,4195.03,4191.06,4193.09,14
1790770140,2026-09-30 10:09,2026-09-30 12:09,4193.02,4193.02,4189.16,4189.45,14
1790770320,2026-09-30 10:12,2026-09-30 12:12,4189.4,4190.88,4187.98,4190.68,14
1790770500,2026-09-30 10:15,2026-09-30 12:15,4190.64,4191.26,4188.64,4189.45,14
1790770680,2026-09-30 10:18,2026-09-30 12:18,4189.49,4190.0,4187.85,4187.85,14
1790770860,2026-09-30 10:21,2026-09-30 12:21,4187.92,4188.52,4185.11,4186.09,14
1790771040,2026-09-30 10:24,2026-09-30 12:24,4186.1,4186.1,4183.16,4185.24,14
1790771220,2026-09-30 10:27,2026-09-30 12:27,4185.2,4188.41,4184.98,4186.02,14
1790771400,2026-09-30 10:30,2026-09-30 12:30,4186.21,4190.81,4185.96,4190.14,14
1790771580,2026-09-30 10:33,2026-09-30 12:33,4190.13,4190.86,4188.82,4188.88,14
1790771760,2026-09-30 10:36,2026-09-30 12:36,4188.85,4190.49,4188.73,4189.63,14
1790771940,2026-09-30 10:39,2026-09-30 12:39,4189.54,4189.99,4187.59,4188.17,14
1790772120,2026-09-30 10:42,2026-09-30 12:42,4188.22,4188.64,4187.57,4188.28,14
1790772300,2026-09-30 10:45,2026-09-30 12:45,4188.27,4189.76,4185.72,4186.35,14
1790772480,2026-09-30 10:48,2026-09-30 12:48,4186.33,4188.48,4186.33,4188.04,14
1790772660,2026-09-30 10:51,2026-09-30 12:51,4187.84,4187.84,4186.22,4186.22,14
1790772840,2026-09-30 10:54,2026-09-30 12:54,4186.1,4188.11,4186.08,4187.91,14
1790773020,2026-09-30 10:57,2026-09-30 12:57,4187.88,4189.45,4187.62,4188.19,14
1790773200,2026-09-30 11:00,2026-09-30 13:00,4188.04,4189.56,4186.86,4188.22,14
1790773380,2026-09-30 11:03,2026-09-30 13:03,4188.21,4190.53,4187.94,4189.2,14
1790773560,2026-09-30 11:06,2026-09-30 13:06,4189.19,4189.29,4186.89,4187.49,14
1790773740,2026-09-30 11:09,2026-09-30 13:09,4187.52,4188.32,4186.6,4187.16,14
1790773920,2026-09-30 11:12,2026-09-30 13:12,4187.14,4189.22,4186.37,4187.74,14
1790774100,2026-09-30 11:15,2026-09-30 13:15,4186.8,4188.44,4186.49,4187.31,14
1790774280,2026-09-30 11:18,2026-09-30 13:18,4187.28,4188.52,4184.87,4187.17,14
1790774460,2026-09-30 11:21,2026-09-30 13:21,4187.19,4189.11,4186.37,4187.82,14
1790774640,2026-09-30 11:24,2026-09-30 13:24,4187.8,4190.85,4186.14,4190.34,14
1790774820,2026-09-30 11:27,2026-09-30 13:27,4190.37,4190.37,4187.95,4188.04,14
1790775000,2026-09-30 11:30,2026-09-30 13:30,4188.02,4189.12,4187.54,4187.93,14
1790775180,2026-09-30 11:33,2026-09-30 13:33,4187.88,4188.75,4186.49,4187.45,14
1790775360,2026-09-30 11:36,2026-09-30 13:36,4187.6,4189.2,4187.42,4188.07,14
1790775540,2026-09-30 11:39,2026-09-30 13:39,4188.09,4189.02,4185.7,4185.88,14
1790775720,2026-09-30 11:42,2026-09-30 13:42,4185.91,4186.49,4183.69,4183.83,14
1790775900,2026-09-30 11:45,2026-09-30 13:45,4183.84,4185.87,4182.55,4184.39,14
1790776080,2026-09-30 11:48,2026-09-30 13:48,4184.43,4185.87,4183.32,4183.65,14
1790776260,2026-09-30 11:51,2026-09-30 13:51,4183.5,4183.62,4181.22,4182.79,14
1790776440,2026-09-30 11:54,2026-09-30 13:54,4182.75,4186.57,4182.35,4184.84,14
1790776620,2026-09-30 11:57,2026-09-30 13:57,4184.76,4185.8,4184.01,4184.57,14
1790776800,2026-09-30 12:00,2026-09-30 14:00,4184.32,4185.25,4183.81,4184.15,14
1790776980,2026-09-30 12:03,2026-09-30 14:03,4184.38,4185.5,4183.73,4184.36,14
1790777160,2026-09-30 12:06,2026-09-30 14:06,4184.4,4184.46,4180.6,4181.0,14
1790777340,2026-09-30 12:09,2026-09-30 14:09,4181.11,4181.63,4178.8,4180.15,14
1790777520,2026-09-30 12:12,2026-09-30 14:12,4180.18,4180.67,4179.17,4180.43,14
1790777700,2026-09-30 12:15,2026-09-30 14:15,4180.45,4180.45,4178.27,4178.74,14
1790777880,2026-09-30 12:18,2026-09-30 14:18,4178.75,4179.68,4176.52,4177.61,14
1790778060,2026-09-30 12:21,2026-09-30 14:21,4177.67,4182.05,4176.8,4181.85,14
1790778240,2026-09-30 12:24,2026-09-30 14:24,4181.89,4184.47,4181.07,4183.36,14
1790778420,2026-09-30 12:27,2026-09-30 14:27,4183.29,4184.73,4182.62,4183.29,14
1790778600,2026-09-30 12:30,2026-09-30 14:30,4183.34,4185.44,4182.62,4183.42,14
1790778780,2026-09-30 12:33,2026-09-30 14:33,4183.39,4187.27,4182.9,4186.98,14
1790778960,2026-09-30 12:36,2026-09-30 14:36,4186.72,4192.29,4186.56,4190.48,14
1790779140,2026-09-30 12:39,2026-09-30 14:39,4190.43,4191.3,4186.3,4186.62,14
1790779320,2026-09-30 12:42,2026-09-30 14:42,4186.67,4188.97,4186.11,4186.53,14
1790779500,2026-09-30 12:45,2026-09-30 14:45,4186.56,4187.1,4184.02,4184.14,14
1790779680,2026-09-30 12:48,2026-09-30 14:48,4184.16,4185.81,4183.43,4184.46,14
1790779860,2026-09-30 12:51,2026-09-30 14:51,4184.29,4187.03,4184.19,4186.19,14
1790780040,2026-09-30 12:54,2026-09-30 14:54,4185.95,4186.78,4184.76,4184.88,14
1790780220,2026-09-30 12:57,2026-09-30 14:57,4184.95,4186.94,4184.01,4186.82,14
1790780400,2026-09-30 13:00,2026-09-30 15:00,4186.74,4188.31,4185.19,4188.29,14
1790780580,2026-09-30 13:03,2026-09-30 15:03,4188.3,4189.29,4186.34,4186.99,14
1790780760,2026-09-30 13:06,2026-09-30 15:06,4187.05,4188.38,4185.07,4187.04,14
1790780940,2026-09-30 13:09,2026-09-30 15:09,4187.01,4190.69,4186.78,4190.44,14
1790781120,2026-09-30 13:12,2026-09-30 15:12,4190.43,4194.84,4189.72,4194.63,14
1790781300,2026-09-30 13:15,2026-09-30 15:15,4194.56,4194.7,4189.72,4190.75,14
1790781480,2026-09-30 13:18,2026-09-30 15:18,4190.66,4191.49,4184.2,4184.61,14
1790781660,2026-09-30 13:21,2026-09-30 15:21,4184.53,4187.92,4183.11,4185.62,14
1790781840,2026-09-30 13:24,2026-09-30 15:24,4185.64,4192.91,4185.09,4190.1,14
1790782020,2026-09-30 13:27,2026-09-30 15:27,4190.13,4193.23,4189.11,4193.23,17
1790782200,2026-09-30 13:30,2026-09-30 15:30,4193.51,4218.81,4192.28,4213.42,22
1790782380,2026-09-30 13:33,2026-09-30 15:33,4213.25,4219.07,4209.7,4213.64,20
1790782560,2026-09-30 13:36,2026-09-30 15:36,4213.75,4214.07,4206.77,4207.69,14
1790782740,2026-09-30 13:39,2026-09-30 15:39,4207.94,4214.47,4204.05,4213.99,14
1790782920,2026-09-30 13:42,2026-09-30 15:42,4214.0,4216.44,4209.94,4214.83,14
1790783100,2026-09-30 13:45,2026-09-30 15:45,4214.81,4219.21,4207.44,4210.32,14
1790783280,2026-09-30 13:48,2026-09-30 15:48,4210.47,4216.09,4209.47,4210.18,14
1790783460,2026-09-30 13:51,2026-09-30 15:51,4210.22,4213.71,4206.68,4208.19,14
1790783640,2026-09-30 13:54,2026-09-30 15:54,4208.2,4216.42,4208.15,4212.53,14
1790783820,2026-09-30 13:57,2026-09-30 15:57,4212.55,4213.26,4206.3,4208.53,14
1790784000,2026-09-30 14:00,2026-09-30 16:00,4208.71,4214.6,4207.3,4212.46,14
1790784180,2026-09-30 14:03,2026-09-30 16:03,4212.51,4212.59,4206.58,4210.57,14
1790784360,2026-09-30 14:06,2026-09-30 16:06,4210.56,4212.13,4205.79,4206.31,14
1790784540,2026-09-30 14:09,2026-09-30 16:09,4206.26,4207.83,4203.46,4205.85,14
1790784720,2026-09-30 14:12,2026-09-30 16:12,4205.59,4206.01,4201.75,4202.53,14
1790784900,2026-09-30 14:15,2026-09-30 16:15,4202.53,4203.99,4197.77,4198.61,14
1790785080,2026-09-30 14:18,2026-09-30 16:18,4198.6,4199.26,4192.57,4193.11,16
1790785260,2026-09-30 14:21,2026-09-30 16:21,4193.17,4195.5,4191.14,4192.66,14
1790785440,2026-09-30 14:24,2026-09-30 16:24,4192.65,4196.94,4191.44,4196.31,14
1790785620,2026-09-30 14:27,2026-09-30 16:27,4196.26,4197.44,4192.79,4193.56,14
1790785800,2026-09-30 14:30,2026-09-30 16:30,4193.57,4195.4,4188.18,4188.99,14
1790785980,2026-09-30 14:33,2026-09-30 16:33,4188.92,4193.82,4188.24,4191.66,14
1790786160,2026-09-30 14:36,2026-09-30 16:36,4191.58,4193.95,4184.01,4185.69,14
1790786340,2026-09-30 14:39,2026-09-30 16:39,4185.93,4187.74,4185.07,4187.4,14
1790786520,2026-09-30 14:42,2026-09-30 16:42,4187.42,4188.62,4181.93,4183.7,14
1790786700,2026-09-30 14:45,2026-09-30 16:45,4183.63,4183.74,4177.49,4182.81,14
1790786880,2026-09-30 14:48,2026-09-30 16:48,4182.71,4185.23,4179.19,4180.41,14
1790787060,2026-09-30 14:51,2026-09-30 16:51,4180.63,4182.32,4176.57,4181.5,14
1790787240,2026-09-30 14:54,2026-09-30 16:54,4181.49,4184.12,4179.66,4180.27,14
1790787420,2026-09-30 14:57,2026-09-30 16:57,4180.17,4181.18,4177.19,4177.34,14
1790787600,2026-09-30 15:00,2026-09-30 17:00,4177.4,4178.61,4174.25,4177.7,14
1790787780,2026-09-30 15:03,2026-09-30 17:03,4177.72,4182.26,4175.58,4181.93,14
1790787960,2026-09-30 15:06,2026-09-30 17:06,4181.86,4183.1,4175.49,4178.51,14
1790788140,2026-09-30 15:09,2026-09-30 17:09,4178.54,4182.25,4175.71,4180.5,14
1790788320,2026-09-30 15:12,2026-09-30 17:12,4180.34,4183.55,4179.12,4180.46,14
1790788500,2026-09-30 15:15,2026-09-30 17:15,4180.42,4183.09,4178.03,4179.27,14
1790788680,2026-09-30 15:18,2026-09-30 17:18,4179.22,4181.02,4173.72,4178.65,14
1790788860,2026-09-30 15:21,2026-09-30 17:21,4178.53,4180.24,4172.51,4174.02,14
1790789040,2026-09-30 15:24,2026-09-30 17:24,4174.04,4175.03,4169.88,4173.29,14
1790789220,2026-09-30 15:27,2026-09-30 17:27,4173.17,4173.53,4169.89,4171.17,14
1790789400,2026-09-30 15:30,2026-09-30 17:30,4171.21,4174.93,4168.05,4169.07,16
1790789580,2026-09-30 15:33,2026-09-30 17:33,4169.06,4172.21,4166.88,4169.74,16
1790789760,2026-09-30 15:36,2026-09-30 17:36,4169.85,4170.88,4164.44,4168.15,16
1790789940,2026-09-30 15:39,2026-09-30 17:39,4168.03,4171.02,4166.44,4170.78,16
1790790120,2026-09-30 15:42,2026-09-30 17:42,4170.69,4173.43,4168.66,4169.4,16
1790790300,2026-09-30 15:45,2026-09-30 17:45,4169.3,4173.34,4168.88,4172.66,14
1790790480,2026-09-30 15:48,2026-09-30 17:48,4172.74,4174.06,4170.14,4172.06,14
1790790660,2026-09-30 15:51,2026-09-30 17:51,4172.2,4172.82,4168.45,4172.08,14
1790790840,2026-09-30 15:54,2026-09-30 17:54,4172.05,4176.98,4170.33,4170.36,14
1790791020,2026-09-30 15:57,2026-09-30 17:57,4170.27,4171.29,4165.12,4165.2,14
1790791200,2026-09-30 16:00,2026-09-30 18:00,4165.22,4167.34,4162.02,4163.01,14
1790791380,2026-09-30 16:03,2026-09-30 18:03,4162.98,4168.38,4162.24,4166.57,14
1790791560,2026-09-30 16:06,2026-09-30 18:06,4166.76,4167.03,4159.61,4161.43,14
1790791740,2026-09-30 16:09,2026-09-30 18:09,4161.37,4163.42,4160.34,4161.54,14
1790791920,2026-09-30 16:12,2026-09-30 18:12,4161.53,4165.61,4158.11,4164.19,14
1790792100,2026-09-30 16:15,2026-09-30 18:15,4164.12,4165.99,4158.7,4160.13,14
1790792280,2026-09-30 16:18,2026-09-30 18:18,4160.14,4160.71,4157.47,4158.03,14
1790792460,2026-09-30 16:21,2026-09-30 18:21,4157.96,4158.56,4155.69,4158.32,14
1790792640,2026-09-30 16:24,2026-09-30 18:24,4158.37,4158.65,4152.65,4152.65,14
1790792820,2026-09-30 16:27,2026-09-30 18:27,4152.53,4157.11,4151.28,4156.69,14
1790793000,2026-09-30 16:30,2026-09-30 18:30,4156.76,4163.21,4156.76,4161.77,14
1790793180,2026-09-30 16:33,2026-09-30 18:33,4161.72,4163.83,4158.1,4158.42,14
1790793360,2026-09-30 16:36,2026-09-30 18:36,4158.44,4158.79,4155.47,4157.75,14
1790793540,2026-09-30 16:39,2026-09-30 18:39,4157.74,4158.81,4156.45,4158.27,14
1790793720,2026-09-30 16:42,2026-09-30 18:42,4158.29,4158.98,4155.35,4157.44,14
1790793900,2026-09-30 16:45,2026-09-30 18:45,4157.32,4158.22,4156.35,4157.74,14
1790794080,2026-09-30 16:48,2026-09-30 18:48,4157.79,4161.9,4157.36,4161.88,14
1790794260,2026-09-30 16:51,2026-09-30 18:51,4161.83,4161.83,4155.39,4156.1,14
1790794440,2026-09-30 16:54,2026-09-30 18:54,4156.04,4156.86,4153.9,4154.57,14
1790794620,2026-09-30 16:57,2026-09-30 18:57,4154.57,4157.2,4153.96,4157.2,14
1790794800,2026-09-30 17:00,2026-09-30 19:00,4157.47,4160.86,4155.6,4160.27,14
1790794980,2026-09-30 17:03,2026-09-30 19:03,4160.55,4161.53,4159.7,4161.12,14
1790795160,2026-09-30 17:06,2026-09-30 19:06,4161.14,4161.28,4156.36,4158.11,14
1790795340,2026-09-30 17:09,2026-09-30 19:09,4158.22,4160.92,4157.36,4158.6,14
1790795520,2026-09-30 17:12,2026-09-30 19:12,4158.74,4161.62,4157.34,4160.91,14
1790795700,2026-09-30 17:15,2026-09-30 19:15,4160.92,4161.74,4158.08,4158.26,14
1790795880,2026-09-30 17:18,2026-09-30 19:18,4158.5,4161.51,4157.58,4161.51,14
1790796060,2026-09-30 17:21,2026-09-30 19:21,4161.43,4163.18,4160.74,4162.57,14
1790796240,2026-09-30 17:24,2026-09-30 19:24,4162.55,4162.96,4160.14,4161.19,14
1790796420,2026-09-30 17:27,2026-09-30 19:27,4161.2,4161.74,4159.37,4161.07,14
1790796600,2026-09-30 17:30,2026-09-30 19:30,4161.08,4161.62,4158.85,4159.57,14
1790796780,2026-09-30 17:33,2026-09-30 19:33,4159.59,4159.68,4156.97,4157.56,14
1790796960,2026-09-30 17:36,2026-09-30 19:36,4157.54,4161.2,4154.72,4160.83,14
1790797140,2026-09-30 17:39,2026-09-30 19:39,4160.82,4161.18,4158.92,4160.16,14
1790797320,2026-09-30 17:42,2026-09-30 19:42,4160.15,4161.15,4158.66,4160.29,14
1790797500,2026-09-30 17:45,2026-09-30 19:45,4160.21,4160.48,4157.47,4158.4,14
1790797680,2026-09-30 17:48,2026-09-30 19:48,4158.1,4160.78,4157.42,4160.38,14
1790797860,2026-09-30 17:51,2026-09-30 19:51,4160.22,4160.22,4157.81,4158.35,14
1790798040,2026-09-30 17:54,2026-09-30 19:54,4158.37,4158.96,4156.5,4157.46,14
1790798220,2026-09-30 17:57,2026-09-30 19:57,4157.55,4158.46,4156.5,4157.3,14
1790798400,2026-09-30 18:00,2026-09-30 20:00,4157.23,4158.55,4155.98,4156.04,14
1790798580,2026-09-30 18:03,2026-09-30 20:03,4156.03,4156.91,4154.97,4155.31,14
1790798760,2026-09-30 18:06,2026-09-30 20:06,4155.36,4155.96,4154.05,4154.33,14
1790798940,2026-09-30 18:09,2026-09-30 20:09,4154.3,4155.05,4151.14,4151.37,14
1790799120,2026-09-30 18:12,2026-09-30 20:12,4151.41,4155.59,4150.78,4153.46,14
1790799300,2026-09-30 18:15,2026-09-30 20:15,4153.57,4154.28,4150.41,4150.66,14
1790799480,2026-09-30 18:18,2026-09-30 20:18,4150.71,4151.92,4149.92,4150.56,14
1790799660,2026-09-30 18:21,2026-09-30 20:21,4150.55,4153.69,4150.27,4153.42,14
1790799840,2026-09-30 18:24,2026-09-30 20:24,4153.28,4155.4,4152.93,4153.99,14
1790800020,2026-09-30 18:27,2026-09-30 20:27,4153.86,4156.9,4153.2,4155.47,14
1790800200,2026-09-30 18:30,2026-09-30 20:30,4155.5,4156.0,4152.83,4154.15,14
1790800380,2026-09-30 18:33,2026-09-30 20:33,4154.0,4154.41,4150.78,4152.55,14
1790800560,2026-09-30 18:36,2026-09-30 20:36,4152.25,4153.17,4151.38,4152.41,14
1790800740,2026-09-30 18:39,2026-09-30 20:39,4152.28,4154.06,4152.16,4153.42,14
1790800920,2026-09-30 18:42,2026-09-30 20:42,4153.37,4153.63,4150.62,4150.72,14
1790801100,2026-09-30 18:45,2026-09-30 20:45,4150.7,4151.62,4147.57,4148.5,14
1790801280,2026-09-30 18:48,2026-09-30 20:48,4148.58,4151.81,4147.53,4150.8,14
1790801460,2026-09-30 18:51,2026-09-30 20:51,4150.76,4151.43,4148.5,4149.34,14
1790801640,2026-09-30 18:54,2026-09-30 20:54,4149.33,4150.34,4148.65,4150.28,14
1790801820,2026-09-30 18:57,2026-09-30 20:57,4150.51,4152.22,4150.13,4151.61,14
1790802000,2026-09-30 19:00,2026-09-30 21:00,4151.56,4151.63,4148.99,4149.74,14
1790802180,2026-09-30 19:03,2026-09-30 21:03,4149.76,4150.58,4148.97,4149.39,14
1790802360,2026-09-30 19:06,2026-09-30 21:06,4149.38,4149.67,4147.56,4149.25,14
1790802540,2026-09-30 19:09,2026-09-30 21:09,4149.24,4151.19,4149.1,4149.72,14
1790802720,2026-09-30 19:12,2026-09-30 21:12,4149.69,4150.47,4149.05,4150.01,14
1790802900,2026-09-30 19:15,2026-09-30 21:15,4149.96,4151.15,4149.59,4150.03,14
1790803080,2026-09-30 19:18,2026-09-30 21:18,4150.12,4151.42,4149.03,4150.52,14
1790803260,2026-09-30 19:21,2026-09-30 21:21,4150.54,4151.02,4149.81,4150.69,14
1790803440,2026-09-30 19:24,2026-09-30 21:24,4150.82,4152.41,4150.71,4151.85,14
1790803620,2026-09-30 19:27,2026-09-30 21:27,4151.83,4154.87,4151.6,4154.31,14
1790803800,2026-09-30 19:30,2026-09-30 21:30,4153.96,4155.22,4152.49,4154.14,14
1790803980,2026-09-30 19:33,2026-09-30 21:33,4154.13,4154.13,4152.12,4152.77,14
1790804160,2026-09-30 19:36,2026-09-30 21:36,4152.75,4154.41,4152.21,4153.69,14
1790804340,2026-09-30 19:39,2026-09-30 21:39,4153.7,4154.39,4151.61,4151.97,14
1790804520,2026-09-30 19:42,2026-09-30 21:42,4151.94,4153.65,4150.97,4152.23,14
1790804700,2026-09-30 19:45,2026-09-30 21:45,4152.21,4152.79,4151.28,4152.34,14
1790804880,2026-09-30 19:48,2026-09-30 21:48,4152.35,4152.35,4150.37,4151.56,14
1790805060,2026-09-30 19:51,2026-09-30 21:51,4151.64,4151.91,4150.55,4151.14,14
1790805240,2026-09-30 19:54,2026-09-30 21:54,4151.11,4152.09,4150.24,4150.75,14
1790805420,2026-09-30 19:57,2026-09-30 21:57,4150.72,4152.15,4150.18,4151.66,14
1790805600,2026-09-30 20:00,2026-09-30 22:00,4151.68,4153.31,4151.2,4152.61,14
1790805780,2026-09-30 20:03,2026-09-30 22:03,4152.6,4154.17,4151.08,4153.47,14
1790805960,2026-09-30 20:06,2026-09-30 22:06,4153.45,4153.55,4151.9,4152.52,14
1790806140,2026-09-30 20:09,2026-09-30 22:09,4152.54,4152.81,4150.34,4150.52,14
1790806320,2026-09-30 20:12,2026-09-30 22:12,4150.51,4153.73,4149.11,4153.11,14
1790806500,2026-09-30 20:15,2026-09-30 22:15,4153.12,4153.12,4149.89,4151.65,14
1790806680,2026-09-30 20:18,2026-09-30 22:18,4151.65,4154.49,4151.52,4154.45,14
1790806860,2026-09-30 20:21,2026-09-30 22:21,4154.42,4155.87,4153.14,4153.37,14
1790807040,2026-09-30 20:24,2026-09-30 22:24,4153.35,4154.12,4151.65,4153.17,14
1790807220,2026-09-30 20:27,2026-09-30 22:27,4153.16,4154.89,4152.64,4154.11,14
1790807400,2026-09-30 20:30,2026-09-30 22:30,4154.03,4155.53,4153.43,4155.22,14
1790807580,2026-09-30 20:33,2026-09-30 22:33,4155.14,4155.64,4154.43,4155.45,14
1790807760,2026-09-30 20:36,2026-09-30 22:36,4155.4,4155.95,4153.45,4153.48,14
1790807940,2026-09-30 20:39,2026-09-30 22:39,4153.58,4155.86,4152.85,4152.9,14
1790808120,2026-09-30 20:42,2026-09-30 22:42,4152.91,4153.28,4150.59,4152.41,14
1790808300,2026-09-30 20:45,2026-09-30 22:45,4152.42,4152.62,4150.04,4150.56,14
1790808480,2026-09-30 20:48,2026-09-30 22:48,4150.57,4154.96,4150.21,4153.27,14
1790808660,2026-09-30 20:51,2026-09-30 22:51,4153.26,4156.99,4150.86,4155.4,14
1790808840,2026-09-30 20:54,2026-09-30 22:54,4155.35,4156.51,4153.99,4156.01,14
1790809020,2026-09-30 20:57,2026-09-30 22:57,4155.94,4156.93,4153.66,4155.86,14
1790809200,2026-09-30 21:00,2026-09-30 23:00,4155.75,4156.13,4152.3,4152.51,14
1790809380,2026-09-30 21:03,2026-09-30 23:03,4152.65,4154.46,4151.29,4154.14,17
1790809560,2026-09-30 21:06,2026-09-30 23:06,4154.13,4155.7,4153.66,4155.61,17
1790809740,2026-09-30 21:09,2026-09-30 23:09,4155.66,4157.05,4155.13,4155.22,17
1790809920,2026-09-30 21:12,2026-09-30 23:12,4155.4,4156.4,4155.24,4156.3,17
1790810100,2026-09-30 21:15,2026-09-30 23:15,4156.23,4156.64,4154.9,4155.08,17
1790810280,2026-09-30 21:18,2026-09-30 23:18,4155.07,4155.94,4154.54,4155.42,17
1790810460,2026-09-30 21:21,2026-09-30 23:21,4155.39,4157.27,4154.84,4156.74,17
1790810640,2026-09-30 21:24,2026-09-30 23:24,4156.72,4157.38,4156.66,4157.02,17
1790810820,2026-09-30 21:27,2026-09-30 23:27,4157.04,4157.67,4156.78,4157.13,17
1790811000,2026-09-30 21:30,2026-09-30 23:30,4157.16,4157.44,4156.55,4156.95,17
1790811180,2026-09-30 21:33,2026-09-30 23:33,4156.96,4159.4,4156.75,4159.07,17
1790811360,2026-09-30 21:36,2026-09-30 23:36,4159.04,4159.8,4158.21,4159.43,17
1790811540,2026-09-30 21:39,2026-09-30 23:39,4159.42,4160.04,4158.32,4158.82,17
1790811720,2026-09-30 21:42,2026-09-30 23:42,4158.8,4159.46,4158.32,4158.75,17
1790811900,2026-09-30 21:45,2026-09-30 23:45,4158.74,4159.69,4157.67,4157.99,17
1790812080,2026-09-30 21:48,2026-09-30 23:48,4157.97,4157.99,4156.33,4157.45,17
1790812260,2026-09-30 21:51,2026-09-30 23:51,4157.44,4157.73,4156.88,4157.7,17
1790812440,2026-09-30 21:54,2026-09-30 23:54,4157.33,4159.47,4157.0,4158.49,17
1790812620,2026-09-30 21:57,2026-09-30 23:57,4158.63,4159.12,4156.33,4157.08,17
1790816400,2026-09-30 23:00,2026-10-01 01:00,4161.33,4161.7,4157.97,4159.61,17
1790816580,2026-09-30 23:03,2026-10-01 01:03,4159.69,4160.46,4158.94,4160.21,17
1790816760,2026-09-30 23:06,2026-10-01 01:06,4160.16,4160.54,4158.23,4159.49,17
1790816940,2026-09-30 23:09,2026-10-01 01:09,4159.63,4159.97,4156.52,4156.63,17
1790817120,2026-09-30 23:12,2026-10-01 01:12,4156.58,4157.04,4154.75,4156.67,17
1790817300,2026-09-30 23:15,2026-10-01 01:15,4156.64,4157.04,4155.4,4155.8,14
1790817480,2026-09-30 23:18,2026-10-01 01:18,4155.79,4156.23,4154.97,4156.12,14
1790817660,2026-09-30 23:21,2026-10-01 01:21,4156.09,4157.06,4155.69,4157.03,14
1790817840,2026-09-30 23:24,2026-10-01 01:24,4157.02,4157.19,4155.35,4156.13,14
1790818020,2026-09-30 23:27,2026-10-01 01:27,4156.26,4156.58,4155.88,4156.24,14
1790818200,2026-09-30 23:30,2026-10-01 01:30,4156.23,4156.73,4155.88,4156.33,15
1790818380,2026-09-30 23:33,2026-10-01 01:33,4156.26,4156.96,4155.51,4155.9,14
1790818560,2026-09-30 23:36,2026-10-01 01:36,4155.89,4156.2,4155.54,4155.75,15
1790818740,2026-09-30 23:39,2026-10-01 01:39,4155.69,4156.15,4155.55,4155.55,15
1790818920,2026-09-30 23:42,2026-10-01 01:42,4155.56,4155.69,4154.39,4154.43,14
1790819100,2026-09-30 23:45,2026-10-01 01:45,4154.32,4155.37,4153.93,4155.26,15
1790819280,2026-09-30 23:48,2026-10-01 01:48,4155.27,4155.7,4154.6,4154.76,14
1790819460,2026-09-30 23:51,2026-10-01 01:51,4154.81,4155.14,4153.99,4154.2,14
1790819640,2026-09-30 23:54,2026-10-01 01:54,4154.1,4154.84,4153.87,4154.79,14
1790819820,2026-09-30 23:57,2026-10-01 01:57,4154.82,4154.94,4153.54,4154.58,14
1790820000,2026-10-01 00:00,2026-10-01 02:00,4154.55,4154.64,4153.77,4153.99,14
1790820180,2026-10-01 00:03,2026-10-01 02:03,4154.3,4154.77,4154.04,4154.2,14
1790820360,2026-10-01 00:06,2026-10-01 02:06,4154.1,4154.2,4153.37,4153.47,14
1790820540,2026-10-01 00:09,2026-10-01 02:09,4153.52,4153.85,4152.06,4152.37,14
1790820720,2026-10-01 00:12,2026-10-01 02:12,4152.27,4152.85,4152.15,4152.54,14
1790820900,2026-10-01 00:15,2026-10-01 02:15,4152.66,4153.22,4152.13,4153.08,14
1790821080,2026-10-01 00:18,2026-10-01 02:18,4153.09,4153.76,4152.57,4153.73,14
1790821260,2026-10-01 00:21,2026-10-01 02:21,4153.74,4155.03,4153.61,4154.67,14
1790821440,2026-10-01 00:24,2026-10-01 02:24,4154.69,4155.48,4153.93,4154.03,14
1790821620,2026-10-01 00:27,2026-10-01 02:27,4154.04,4154.8,4153.96,4154.33,14
1790821800,2026-10-01 00:30,2026-10-01 02:30,4154.4,4155.0,4153.6,4153.97,14
1790821980,2026-10-01 00:33,2026-10-01 02:33,4153.99,4154.26,4153.74,4154.04,14
1790822160,2026-10-01 00:36,2026-10-01 02:36,4154.03,4156.13,4154.02,4156.01,14
1790822340,2026-10-01 00:39,2026-10-01 02:39,4156.04,4156.1,4154.46,4155.3,14
1790822520,2026-10-01 00:42,2026-10-01 02:42,4155.29,4155.38,4154.72,4155.3,14
1790822700,2026-10-01 00:45,2026-10-01 02:45,4155.42,4156.16,4155.09,4155.41,14
1790822880,2026-10-01 00:48,2026-10-01 02:48,4155.42,4156.75,4155.42,4156.75,14
1790823060,2026-10-01 00:51,2026-10-01 02:51,4156.76,4156.76,4155.6,4155.64,14
1790823240,2026-10-01 00:54,2026-10-01 02:54,4155.67,4156.22,4154.84,4155.48,14
1790823420,2026-10-01 00:57,2026-10-01 02:57,4155.45,4156.7,4155.15,4156.0,14
1790823600,2026-10-01 01:00,2026-10-01 03:00,4155.97,4155.97,4152.9,4153.09,14
1790823780,2026-10-01 01:03,2026-10-01 03:03,4152.83,4153.32,4150.87,4151.36,14
1790823960,2026-10-01 01:06,2026-10-01 03:06,4151.42,4152.18,4150.47,4151.61,14
1790824140,2026-10-01 01:09,2026-10-01 03:09,4151.46,4152.45,4150.75,4151.75,14
1790824320,2026-10-01 01:12,2026-10-01 03:12,4151.8,4153.76,4151.71,4152.84,14
1790824500,2026-10-01 01:15,2026-10-01 03:15,4152.85,4152.97,4145.84,4145.84,14
1790824680,2026-10-01 01:18,2026-10-01 03:18,4145.97,4147.11,4141.13,4143.24,14
1790824860,2026-10-01 01:21,2026-10-01 03:21,4143.31,4145.12,4142.59,4144.45,14
1790825040,2026-10-01 01:24,2026-10-01 03:24,4144.46,4148.7,4143.93,4147.62,14
1790825220,2026-10-01 01:27,2026-10-01 03:27,4147.41,4147.6,4142.95,4143.69,14
1790825400,2026-10-01 01:30,2026-10-01 03:30,4143.68,4144.44,4140.37,4143.32,14
1790825580,2026-10-01 01:33,2026-10-01 03:33,4143.31,4143.4,4139.68,4140.89,14
1790825760,2026-10-01 01:36,2026-10-01 03:36,4140.83,4142.45,4140.14,4142.37,14
1790825940,2026-10-01 01:39,2026-10-01 03:39,4142.38,4143.5,4140.73,4140.75,14
1790826120,2026-10-01 01:42,2026-10-01 03:42,4140.9,4145.73,4140.12,4144.64,14
1790826300,2026-10-01 01:45,2026-10-01 03:45,4144.65,4145.75,4143.11,4143.24,14
1790826480,2026-10-01 01:48,2026-10-01 03:48,4143.29,4145.54,4143.28,4144.1,14
1790826660,2026-10-01 01:51,2026-10-01 03:51,4144.12,4144.35,4140.1,4140.36,14
1790826840,2026-10-01 01:54,2026-10-01 03:54,4140.32,4143.72,4139.29,4142.68,14
1790827020,2026-10-01 01:57,2026-10-01 03:57,4142.67,4146.1,4142.5,4145.27,14
1790827200,2026-10-01 02:00,2026-10-01 04:00,4145.23,4151.35,4144.82,4149.5,14
1790827380,2026-10-01 02:03,2026-10-01 04:03,4149.65,4153.55,4149.33,4152.59,14
1790827560,2026-10-01 02:06,2026-10-01 04:06,4152.5,4159.98,4151.92,4159.25,14
1790827740,2026-10-01 02:09,2026-10-01 04:09,4159.23,4161.22,4157.74,4160.69,14
1790827920,2026-10-01 02:12,2026-10-01 04:12,4160.71,4161.26,4158.54,4159.77,14
1790828100,2026-10-01 02:15,2026-10-01 04:15,4159.81,4162.33,4159.2,4161.59,14
1790828280,2026-10-01 02:18,2026-10-01 04:18,4161.58,4164.4,4161.5,4163.56,14
1790828460,2026-10-01 02:21,2026-10-01 04:21,4163.6,4164.75,4162.89,4164.46,14
1790828640,2026-10-01 02:24,2026-10-01 04:24,4164.56,4164.73,4160.5,4160.56,14
1790828820,2026-10-01 02:27,2026-10-01 04:27,4161.0,4161.85,4159.2,4159.24,14
1790829000,2026-10-01 02:30,2026-10-01 04:30,4159.33,4163.21,4159.18,4162.61,14
1790829180,2026-10-01 02:33,2026-10-01 04:33,4162.58,4164.27,4161.67,4162.71,14
1790829360,2026-10-01 02:36,2026-10-01 04:36,4162.67,4163.19,4161.24,4161.64,14
1790829540,2026-10-01 02:39,2026-10-01 04:39,4161.66,4163.22,4161.2,4161.97,14
1790829720,2026-10-01 02:42,2026-10-01 04:42,4162.12,4162.76,4160.73,4161.5,14
1790829900,2026-10-01 02:45,2026-10-01 04:45,4161.62,4162.06,4159.99,4160.42,14
1790830080,2026-10-01 02:48,2026-10-01 04:48,4160.59,4163.61,4159.98,4162.07,14
1790830260,2026-10-01 02:51,2026-10-01 04:51,4162.06,4162.71,4160.75,4161.85,14
1790830440,2026-10-01 02:54,2026-10-01 04:54,4161.98,4161.98,4160.41,4160.69,14
1790830620,2026-10-01 02:57,2026-10-01 04:57,4160.48,4160.77,4156.44,4156.51,14
1790830800,2026-10-01 03:00,2026-10-01 05:00,4156.68,4158.26,4155.23,4157.22,14
1790830980,2026-10-01 03:03,2026-10-01 05:03,4157.29,4158.04,4154.62,4155.15,14
1790831160,2026-10-01 03:06,2026-10-01 05:06,4155.18,4155.18,4151.43,4153.85,14
1790831340,2026-10-01 03:09,2026-10-01 05:09,4153.82,4154.98,4152.42,4154.85,14
1790831520,2026-10-01 03:12,2026-10-01 05:12,4154.83,4155.83,4153.77,4154.35,14
1790831700,2026-10-01 03:15,2026-10-01 05:15,4154.37,4156.88,4153.95,4155.12,14
1790831880,2026-10-01 03:18,2026-10-01 05:18,4154.97,4154.97,4151.76,4151.92,14
1790832060,2026-10-01 03:21,2026-10-01 05:21,4151.93,4155.66,4151.7,4154.88,14
1790832240,2026-10-01 03:24,2026-10-01 05:24,4154.91,4155.28,4151.48,4153.71,14
1790832420,2026-10-01 03:27,2026-10-01 05:27,4153.77,4155.51,4152.45,4154.94,14
1790832600,2026-10-01 03:30,2026-10-01 05:30,4154.92,4155.42,4152.93,4154.43,14
1790832780,2026-10-01 03:33,2026-10-01 05:33,4154.36,4156.06,4153.76,4155.35,14
1790832960,2026-10-01 03:36,2026-10-01 05:36,4155.36,4156.26,4154.38,4154.95,14
1790833140,2026-10-01 03:39,2026-10-01 05:39,4154.94,4155.68,4153.89,4155.01,14
1790833320,2026-10-01 03:42,2026-10-01 05:42,4155.02,4156.22,4154.54,4154.65,14
1790833500,2026-10-01 03:45,2026-10-01 05:45,4154.64,4157.76,4154.49,4157.12,14
1790833680,2026-10-01 03:48,2026-10-01 05:48,4157.14,4157.92,4155.84,4157.37,14
1790833860,2026-10-01 03:51,2026-10-01 05:51,4157.36,4160.09,4156.8,4159.62,14
1790834040,2026-10-01 03:54,2026-10-01 05:54,4159.63,4161.73,4159.55,4161.67,14
1790834220,2026-10-01 03:57,2026-10-01 05:57,4161.71,4161.73,4158.48,4160.7,14
1790834400,2026-10-01 04:00,2026-10-01 06:00,4160.65,4163.16,4159.58,4162.51,14
1790834580,2026-10-01 04:03,2026-10-01 06:03,4162.51,4164.54,4160.57,4164.06,14
1790834760,2026-10-01 04:06,2026-10-01 06:06,4163.9,4166.02,4163.61,4165.2,14
1790834940,2026-10-01 04:09,2026-10-01 06:09,4165.15,4168.56,4164.81,4168.28,14
1790835120,2026-10-01 04:12,2026-10-01 06:12,4168.35,4168.67,4165.51,4167.67,14
1790835300,2026-10-01 04:15,2026-10-01 06:15,4167.66,4168.84,4164.54,4164.66,14
1790835480,2026-10-01 04:18,2026-10-01 06:18,4164.53,4165.51,4163.73,4163.88,14
1790835660,2026-10-01 04:21,2026-10-01 06:21,4163.89,4165.54,4163.81,4165.16,14
1790835840,2026-10-01 04:24,2026-10-01 06:24,4165.15,4165.49,4163.58,4164.34,14
1790836020,2026-10-01 04:27,2026-10-01 06:27,4164.34,4165.08,4163.52,4164.62,14
1790836200,2026-10-01 04:30,2026-10-01 06:30,4164.77,4165.95,4163.44,4164.16,14
1790836380,2026-10-01 04:33,2026-10-01 06:33,4164.2,4165.24,4163.96,4164.13,14
1790836560,2026-10-01 04:36,2026-10-01 06:36,4164.09,4164.97,4163.09,4164.03,14
1790836740,2026-10-01 04:39,2026-10-01 06:39,4164.07,4168.42,4163.17,4168.42,14
1790836920,2026-10-01 04:42,2026-10-01 06:42,4168.45,4170.22,4168.14,4169.78,14
1790837100,2026-10-01 04:45,2026-10-01 06:45,4169.77,4171.73,4168.83,4171.45,14
1790837280,2026-10-01 04:48,2026-10-01 06:48,4171.46,4174.98,4171.17,4174.92,14
1790837460,2026-10-01 04:51,2026-10-01 06:51,4174.91,4175.36,4173.13,4174.9,14
1790837640,2026-10-01 04:54,2026-10-01 06:54,4174.94,4177.02,4174.94,4175.73,14
1790837820,2026-10-01 04:57,2026-10-01 06:57,4175.72,4176.08,4174.7,4175.22,14
1790838000,2026-10-01 05:00,2026-10-01 07:00,4175.2,4176.65,4174.95,4175.82,14
1790838180,2026-10-01 05:03,2026-10-01 07:03,4175.99,4176.36,4174.91,4175.71,14
1790838360,2026-10-01 05:06,2026-10-01 07:06,4175.69,4176.8,4174.94,4175.1,14
1790838540,2026-10-01 05:09,2026-10-01 07:09,4175.33,4177.45,4175.07,4177.3,14
1790838720,2026-10-01 05:12,2026-10-01 07:12,4177.29,4178.14,4176.42,4177.37,14
1790838900,2026-10-01 05:15,2026-10-01 07:15,4177.36,4177.36,4173.01,4173.01,14
1790839080,2026-10-01 05:18,2026-10-01 07:18,4172.96,4173.22,4171.44,4172.34,14
1790839260,2026-10-01 05:21,2026-10-01 07:21,4172.08,4173.03,4171.42,4172.05,14
1790839440,2026-10-01 05:24,2026-10-01 07:24,4172.31,4173.48,4172.04,4172.84,14
1790839620,2026-10-01 05:27,2026-10-01 07:27,4172.83,4173.15,4171.81,4171.92,14
1790839800,2026-10-01 05:30,2026-10-01 07:30,4171.93,4175.05,4171.91,4174.18,14
1790839980,2026-10-01 05:33,2026-10-01 07:33,4173.92,4176.37,4173.92,4174.24,14
1790840160,2026-10-01 05:36,2026-10-01 07:36,4174.22,4176.81,4174.17,4175.55,14
1790840340,2026-10-01 05:39,2026-10-01 07:39,4175.42,4176.23,4174.93,4175.45,14
1790840520,2026-10-01 05:42,2026-10-01 07:42,4175.46,4175.77,4174.76,4175.38,14
1790840700,2026-10-01 05:45,2026-10-01 07:45,4175.36,4177.45,4174.7,4177.33,14
1790840880,2026-10-01 05:48,2026-10-01 07:48,4177.36,4178.26,4177.06,4177.59,14
1790841060,2026-10-01 05:51,2026-10-01 07:51,4177.58,4178.61,4177.27,4177.81,14
1790841240,2026-10-01 05:54,2026-10-01 07:54,4177.78,4179.85,4177.73,4178.91,14
1790841420,2026-10-01 05:57,2026-10-01 07:57,4178.62,4180.4,4178.43,4179.77,14
1790841600,2026-10-01 06:00,2026-10-01 08:00,4180.0,4180.78,4179.0,4180.02,14
1790841780,2026-10-01 06:03,2026-10-01 08:03,4180.27,4183.11,4180.26,4181.27,14
1790841960,2026-10-01 06:06,2026-10-01 08:06,4181.26,4182.8,4180.78,4182.06,14
1790842140,2026-10-01 06:09,2026-10-01 08:09,4182.07,4183.35,4181.31,4181.94,14
1790842320,2026-10-01 06:12,2026-10-01 08:12,4182.07,4183.15,4181.16,4182.37,14
1790842500,2026-10-01 06:15,2026-10-01 08:15,4182.3,4183.29,4181.45,4182.81,14
1790842680,2026-10-01 06:18,2026-10-01 08:18,4182.8,4184.32,4182.49,4184.2,14
1790842860,2026-10-01 06:21,2026-10-01 08:21,4184.19,4185.02,4183.0,4184.15,14
1790843040,2026-10-01 06:24,2026-10-01 08:24,4184.14,4186.78,4183.74,4186.02,14
1790843220,2026-10-01 06:27,2026-10-01 08:27,4185.99,4187.23,4185.24,4186.61,14
1790843400,2026-10-01 06:30,2026-10-01 08:30,4186.72,4188.28,4185.16,4187.26,14
1790843580,2026-10-01 06:33,2026-10-01 08:33,4187.28,4190.89,4187.16,4190.66,14
1790843760,2026-10-01 06:36,2026-10-01 08:36,4190.73,4192.74,4190.22,4190.61,14
1790843940,2026-10-01 06:39,2026-10-01 08:39,4190.62,4190.75,4188.04,4188.57,14
1790844120,2026-10-01 06:42,2026-10-01 08:42,4188.62,4189.72,4187.03,4187.05,14
1790844300,2026-10-01 06:45,2026-10-01 08:45,4187.03,4189.92,4186.76,4187.85,14
1790844480,2026-10-01 06:48,2026-10-01 08:48,4187.88,4188.54,4186.46,4187.65,14
1790844660,2026-10-01 06:51,2026-10-01 08:51,4187.67,4188.04,4185.52,4186.25,14
1790844840,2026-10-01 06:54,2026-10-01 08:54,4186.02,4187.4,4185.51,4186.33,14
1790845020,2026-10-01 06:57,2026-10-01 08:57,4186.35,4188.43,4186.35,4188.4,14
1790845200,2026-10-01 07:00,2026-10-01 09:00,4188.41,4190.82,4187.81,4189.16,14
1790845380,2026-10-01 07:03,2026-10-01 09:03,4189.26,4191.53,4188.84,4190.98,14
1790845560,2026-10-01 07:06,2026-10-01 09:06,4190.92,4191.44,4190.01,4190.61,14
1790845740,2026-10-01 07:09,2026-10-01 09:09,4190.58,4191.6,4190.39,4191.15,14
1790845920,2026-10-01 07:12,2026-10-01 09:12,4191.17,4192.33,4190.63,4191.5,14
1790846100,2026-10-01 07:15,2026-10-01 09:15,4191.51,4191.51,4189.4,4189.72,14
1790846280,2026-10-01 07:18,2026-10-01 09:18,4189.79,4190.37,4188.5,4189.93,14
1790846460,2026-10-01 07:21,2026-10-01 09:21,4189.94,4191.21,4189.0,4189.93,14
1790846640,2026-10-01 07:24,2026-10-01 09:24,4189.94,4190.17,4187.47,4188.24,14
1790846820,2026-10-01 07:27,2026-10-01 09:27,4188.27,4190.12,4187.83,4189.65,14
1790847000,2026-10-01 07:30,2026-10-01 09:30,4189.64,4191.57,4188.28,4189.48,14
1790847180,2026-10-01 07:33,2026-10-01 09:33,4189.57,4190.19,4188.04,4189.05,14
1790847360,2026-10-01 07:36,2026-10-01 09:36,4189.06,4189.06,4186.62,4187.1,14
1790847540,2026-10-01 07:39,2026-10-01 09:39,4187.38,4187.38,4182.1,4182.32,14
1790847720,2026-10-01 07:42,2026-10-01 09:42,4182.45,4185.16,4181.4,4184.6,14
1790847900,2026-10-01 07:45,2026-10-01 09:45,4184.59,4185.48,4182.7,4184.15,14
1790848080,2026-10-01 07:48,2026-10-01 09:48,4184.13,4185.51,4180.49,4181.15,14
1790848260,2026-10-01 07:51,2026-10-01 09:51,4181.19,4183.89,4181.16,4182.28,14
1790848440,2026-10-01 07:54,2026-10-01 09:54,4182.3,4185.24,4182.05,4184.87,14
1790848620,2026-10-01 07:57,2026-10-01 09:57,4184.86,4184.88,4181.29,4181.64,14
1790848800,2026-10-01 08:00,2026-10-01 10:00,4181.61,4183.42,4179.66,4180.0,14
1790848980,2026-10-01 08:03,2026-10-01 10:03,4179.99,4181.42,4179.53,4180.01,14
1790849160,2026-10-01 08:06,2026-10-01 10:06,4179.86,4180.56,4179.06,4180.1,14
1790849340,2026-10-01 08:09,2026-10-01 10:09,4180.13,4181.72,4179.65,4180.12,14
1790849520,2026-10-01 08:12,2026-10-01 10:12,4180.13,4180.13,4172.21,4172.83,14
1790849700,2026-10-01 08:15,2026-10-01 10:15,4172.92,4174.7,4170.84,4170.96,14
1790849880,2026-10-01 08:18,2026-10-01 10:18,4170.97,4173.57,4168.18,4168.42,14
1790850060,2026-10-01 08:21,2026-10-01 10:21,4168.43,4168.76,4161.82,4162.12,14
1790850240,2026-10-01 08:24,2026-10-01 10:24,4162.1,4163.15,4155.85,4156.97,14
1790850420,2026-10-01 08:27,2026-10-01 10:27,4156.98,4158.41,4155.36,4157.04,14
1790850600,2026-10-01 08:30,2026-10-01 10:30,4157.03,4163.44,4154.53,4163.2,14
1790850780,2026-10-01 08:33,2026-10-01 10:33,4163.04,4164.85,4162.43,4162.62,14
1790850960,2026-10-01 08:36,2026-10-01 10:36,4162.63,4163.3,4159.97,4162.65,14
1790851140,2026-10-01 08:39,2026-10-01 10:39,4162.7,4163.32,4160.14,4163.01,14
1790851320,2026-10-01 08:42,2026-10-01 10:42,4162.98,4165.45,4160.51,4163.33,14
1790851500,2026-10-01 08:45,2026-10-01 10:45,4163.34,4166.75,4162.66,4166.23,14
1790851680,2026-10-01 08:48,2026-10-01 10:48,4166.33,4166.46,4162.23,4163.9,14
1790851860,2026-10-01 08:51,2026-10-01 10:51,4163.82,4165.92,4161.72,4165.23,14
1790852040,2026-10-01 08:54,2026-10-01 10:54,4165.25,4166.58,4163.68,4164.52,14
1790852220,2026-10-01 08:57,2026-10-01 10:57,4164.67,4165.12,4161.97,4163.82,14
1790852400,2026-10-01 09:00,2026-10-01 11:00,4163.81,4166.19,4163.5,4164.45,14
1790852580,2026-10-01 09:03,2026-10-01 11:03,4164.46,4167.77,4163.86,4166.39,14
1790852760,2026-10-01 09:06,2026-10-01 11:06,4166.34,4166.81,4162.34,4162.77,14
1790852940,2026-10-01 09:09,2026-10-01 11:09,4162.75,4164.58,4160.43,4160.98,14
1790853120,2026-10-01 09:12,2026-10-01 11:12,4161.1,4161.13,4158.23,4159.7,14
1790853300,2026-10-01 09:15,2026-10-01 11:15,4159.72,4161.82,4157.56,4157.84,14
1790853480,2026-10-01 09:18,2026-10-01 11:18,4157.97,4159.62,4155.07,4155.28,14
1790853660,2026-10-01 09:21,2026-10-01 11:21,4155.25,4158.93,4154.83,4157.34,14
1790853840,2026-10-01 09:24,2026-10-01 11:24,4157.29,4162.7,4156.48,4162.49,14
1790854020,2026-10-01 09:27,2026-10-01 11:27,4162.56,4162.89,4157.41,4157.65,14
1790854200,2026-10-01 09:30,2026-10-01 11:30,4157.39,4158.13,4154.41,4155.04,14
1790854380,2026-10-01 09:33,2026-10-01 11:33,4155.0,4159.13,4154.56,4157.94,14
1790854560,2026-10-01 09:36,2026-10-01 11:36,4158.01,4158.66,4156.48,4157.18,14
1790854740,2026-10-01 09:39,2026-10-01 11:39,4157.05,4158.62,4153.24,4153.57,14
1790854920,2026-10-01 09:42,2026-10-01 11:42,4153.52,4153.6,4149.89,4152.15,14
1790855100,2026-10-01 09:45,2026-10-01 11:45,4152.14,4153.85,4148.97,4153.01,14
1790855280,2026-10-01 09:48,2026-10-01 11:48,4153.07,4154.92,4152.59,4154.04,14
1790855460,2026-10-01 09:51,2026-10-01 11:51,4154.16,4155.29,4150.88,4152.02,14
1790855640,2026-10-01 09:54,2026-10-01 11:54,4151.98,4154.68,4150.94,4152.73,14
1790855820,2026-10-01 09:57,2026-10-01 11:57,4152.82,4153.96,4151.78,4153.41,14
1790856000,2026-10-01 10:00,2026-10-01 12:00,4153.34,4155.5,4152.64,4153.76,14
1790856180,2026-10-01 10:03,2026-10-01 12:03,4153.86,4158.49,4152.97,4157.8,14
1790856360,2026-10-01 10:06,2026-10-01 12:06,4157.88,4160.13,4156.59,4159.51,14
1790856540,2026-10-01 10:09,2026-10-01 12:09,4159.57,4160.96,4159.06,4160.48,14
1790856720,2026-10-01 10:12,2026-10-01 12:12,4160.58,4162.2,4160.36,4160.98,14
1790856900,2026-10-01 10:15,2026-10-01 12:15,4161.02,4162.35,4159.24,4160.71,14
1790857080,2026-10-01 10:18,2026-10-01 12:18,4160.75,4161.11,4158.7,4159.43,14
1790857260,2026-10-01 10:21,2026-10-01 12:21,4159.44,4162.26,4158.11,4160.77,14
1790857440,2026-10-01 10:24,2026-10-01 12:24,4160.82,4163.05,4159.23,4160.11,14
1790857620,2026-10-01 10:27,2026-10-01 12:27,4160.12,4161.28,4159.24,4159.83,14
1790857800,2026-10-01 10:30,2026-10-01 12:30,4159.72,4161.88,4159.34,4160.63,14
1790857980,2026-10-01 10:33,2026-10-01 12:33,4160.79,4163.11,4160.69,4162.48,14
1790858160,2026-10-01 10:36,2026-10-01 12:36,4162.5,4162.94,4160.75,4162.16,14
1790858340,2026-10-01 10:39,2026-10-01 12:39,4162.14,4162.93,4161.31,4162.06,14
1790858520,2026-10-01 10:42,2026-10-01 12:42,4162.02,4162.33,4161.1,4161.31,14
1790858700,2026-10-01 10:45,2026-10-01 12:45,4161.32,4163.59,4160.61,4162.73,14
1790858880,2026-10-01 10:48,2026-10-01 12:48,4162.79,4163.6,4159.93,4160.14,14
1790859060,2026-10-01 10:51,2026-10-01 12:51,4160.12,4161.86,4159.74,4159.97,14
1790859240,2026-10-01 10:54,2026-10-01 12:54,4160.03,4160.03,4153.97,4155.28,14
1790859420,2026-10-01 10:57,2026-10-01 12:57,4155.46,4157.43,4154.46,4154.64,14
1790859600,2026-10-01 11:00,2026-10-01 13:00,4154.57,4155.84,4150.54,4151.43,14
1790859780,2026-10-01 11:03,2026-10-01 13:03,4151.16,4154.15,4150.86,4152.66,14
1790859960,2026-10-01 11:06,2026-10-01 13:06,4152.64,4155.35,4151.92,4154.46,14
1790860140,2026-10-01 11:09,2026-10-01 13:09,4154.49,4156.94,4153.88,4156.94,14
1790860320,2026-10-01 11:12,2026-10-01 13:12,4156.89,4159.36,4156.05,4159.03,14
1790860500,2026-10-01 11:15,2026-10-01 13:15,4159.0,4161.2,4158.14,4160.03,14
1790860680,2026-10-01 11:18,2026-10-01 13:18,4160.07,4165.57,4159.66,4164.99,14
1790860860,2026-10-01 11:21,2026-10-01 13:21,4164.98,4165.5,4161.91,4163.24,14
1790861040,2026-10-01 11:24,2026-10-01 13:24,4163.21,4166.38,4162.4,4164.87,14
1790861220,2026-10-01 11:27,2026-10-01 13:27,4164.84,4167.71,4164.07,4167.63,14
1790861400,2026-10-01 11:30,2026-10-01 13:30,4168.11,4169.01,4166.98,4168.11,14
1790861580,2026-10-01 11:33,2026-10-01 13:33,4168.09,4172.13,4167.27,4170.82,14
1790861760,2026-10-01 11:36,2026-10-01 13:36,4170.84,4172.51,4168.69,4169.33,14
1790861940,2026-10-01 11:39,2026-10-01 13:39,4169.63,4170.08,4167.99,4168.39,14
1790862120,2026-10-01 11:42,2026-10-01 13:42,4168.38,4172.84,4168.38,4171.21,14
1790862300,2026-10-01 11:45,2026-10-01 13:45,4171.15,4177.54,4171.01,4177.28,14
1790862480,2026-10-01 11:48,2026-10-01 13:48,4177.27,4177.53,4172.61,4174.99,14
1790862660,2026-10-01 11:51,2026-10-01 13:51,4175.0,4177.69,4174.68,4176.41,14
1790862840,2026-10-01 11:54,2026-10-01 13:54,4176.56,4178.62,4175.2,4175.23,14
1790863020,2026-10-01 11:57,2026-10-01 13:57,4175.18,4176.31,4174.28,4175.8,14
1790863200,2026-10-01 12:00,2026-10-01 14:00,4175.79,4176.05,4172.07,4173.95,14
1790863380,2026-10-01 12:03,2026-10-01 14:03,4173.96,4174.26,4171.58,4172.19,14
1790863560,2026-10-01 12:06,2026-10-01 14:06,4172.23,4173.35,4170.76,4171.41,14
1790863740,2026-10-01 12:09,2026-10-01 14:09,4171.4,4172.57,4169.9,4171.43,14
1790863920,2026-10-01 12:12,2026-10-01 14:12,4171.39,4171.78,4169.19,4169.56,14
1790864100,2026-10-01 12:15,2026-10-01 14:15,4169.54,4169.71,4167.48,4167.54,14
1790864280,2026-10-01 12:18,2026-10-01 14:18,4167.5,4168.98,4166.88,4167.38,14
1790864460,2026-10-01 12:21,2026-10-01 14:21,4167.4,4170.55,4166.88,4169.54,14
1790864640,2026-10-01 12:24,2026-10-01 14:24,4169.53,4171.98,4169.13,4171.21,14
1790864820,2026-10-01 12:27,2026-10-01 14:27,4171.19,4173.32,4170.41,4172.05,14
1790865000,2026-10-01 12:30,2026-10-01 14:30,4171.99,4173.38,4171.12,4172.67,14
1790865180,2026-10-01 12:33,2026-10-01 14:33,4172.63,4173.83,4171.71,4173.2,14
1790865360,2026-10-01 12:36,2026-10-01 14:36,4173.22,4176.75,4172.96,4175.33,14
1790865540,2026-10-01 12:39,2026-10-01 14:39,4175.59,4179.49,4175.59,4178.46,14
1790865720,2026-10-01 12:42,2026-10-01 14:42,4178.48,4181.05,4177.79,4179.18,14
1790865900,2026-10-01 12:45,2026-10-01 14:45,4179.17,4183.55,4178.81,4183.54,14
1790866080,2026-10-01 12:48,2026-10-01 14:48,4183.74,4184.39,4181.69,4183.79,14
1790866260,2026-10-01 12:51,2026-10-01 14:51,4183.77,4184.01,4181.65,4183.17,14
1790866440,2026-10-01 12:54,2026-10-01 14:54,4183.16,4185.3,4182.47,4184.66,14
1790866620,2026-10-01 12:57,2026-10-01 14:57,4184.68,4185.91,4182.38,4182.56,14
1790866800,2026-10-01 13:00,2026-10-01 15:00,4182.7,4185.34,4181.13,4184.37,14
1790866980,2026-10-01 13:03,2026-10-01 15:03,4184.39,4185.84,4180.12,4180.2,14
1790867160,2026-10-01 13:06,2026-10-01 15:06,4180.26,4180.8,4178.18,4178.36,14
1790867340,2026-10-01 13:09,2026-10-01 15:09,4178.38,4178.91,4176.78,4177.44,14
1790867520,2026-10-01 13:12,2026-10-01 15:12,4177.55,4178.31,4176.4,4177.01,14
1790867700,2026-10-01 13:15,2026-10-01 15:15,4177.0,4178.01,4175.48,4177.93,14
1790867880,2026-10-01 13:18,2026-10-01 15:18,4177.92,4180.13,4176.34,4177.24,14
1790868060,2026-10-01 13:21,2026-10-01 15:21,4177.26,4179.57,4174.78,4175.58,14
1790868240,2026-10-01 13:24,2026-10-01 15:24,4175.51,4178.55,4174.9,4177.04,14
1790868420,2026-10-01 13:27,2026-10-01 15:27,4177.23,4179.78,4176.79,4179.14,14
1790868600,2026-10-01 13:30,2026-10-01 15:30,4178.94,4184.53,4178.18,4181.97,14
1790868780,2026-10-01 13:33,2026-10-01 15:33,4181.93,4185.19,4180.93,4184.12,14
1790868960,2026-10-01 13:36,2026-10-01 15:36,4184.06,4185.01,4181.47,4181.6,14
1790869140,2026-10-01 13:39,2026-10-01 15:39,4181.79,4186.69,4181.52,4184.56,14
1790869320,2026-10-01 13:42,2026-10-01 15:42,4184.5,4185.45,4181.34,4181.99,14
1790869500,2026-10-01 13:45,2026-10-01 15:45,4182.08,4187.89,4182.08,4183.28,14
1790869680,2026-10-01 13:48,2026-10-01 15:48,4183.32,4185.95,4183.23,4184.94,14
1790869860,2026-10-01 13:51,2026-10-01 15:51,4184.68,4185.56,4180.12,4181.06,14
1790870040,2026-10-01 13:54,2026-10-01 15:54,4181.05,4182.97,4179.71,4179.93,14
1790870220,2026-10-01 13:57,2026-10-01 15:57,4179.81,4180.92,4178.78,4178.79,14
1790870400,2026-10-01 14:00,2026-10-01 16:00,4178.83,4181.92,4177.78,4179.64,14
1790870580,2026-10-01 14:03,2026-10-01 16:03,4179.59,4179.59,4175.47,4176.49,14
1790870760,2026-10-01 14:06,2026-10-01 16:06,4176.47,4177.1,4175.09,4175.96,14
1790870940,2026-10-01 14:09,2026-10-01 16:09,4175.74,4176.6,4174.2,4174.75,14
1790871120,2026-10-01 14:12,2026-10-01 16:12,4174.75,4176.07,4173.09,4173.09,14
1790871300,2026-10-01 14:15,2026-10-01 16:15,4173.08,4173.33,4169.85,4171.29,14
1790871480,2026-10-01 14:18,2026-10-01 16:18,4171.25,4174.76,4170.89,4172.38,14
1790871660,2026-10-01 14:21,2026-10-01 16:21,4172.31,4174.88,4172.0,4172.3,14
1790871840,2026-10-01 14:24,2026-10-01 16:24,4172.27,4172.59,4170.09,4171.62,14
1790872020,2026-10-01 14:27,2026-10-01 16:27,4171.36,4171.41,4167.46,4167.46,14
1790872200,2026-10-01 14:30,2026-10-01 16:30,4167.25,4171.53,4165.88,4170.72,14
1790872380,2026-10-01 14:33,2026-10-01 16:33,4170.7,4172.75,4166.24,4167.07,14
1790872560,2026-10-01 14:36,2026-10-01 16:36,4167.04,4167.66,4164.77,4166.54,14
1790872740,2026-10-01 14:39,2026-10-01 16:39,4166.59,4167.49,4159.92,4160.59,14
1790872920,2026-10-01 14:42,2026-10-01 16:42,4160.56,4163.88,4159.45,4163.12,14
1790873100,2026-10-01 14:45,2026-10-01 16:45,4162.84,4165.76,4162.39,4163.54,14
1790873280,2026-10-01 14:48,2026-10-01 16:48,4163.49,4165.37,4161.73,4163.26,14
1790873460,2026-10-01 14:51,2026-10-01 16:51,4163.27,4165.63,4161.46,4163.95,14
1790873640,2026-10-01 14:54,2026-10-01 16:54,4164.17,4164.96,4160.59,4161.77,14
1790873820,2026-10-01 14:57,2026-10-01 16:57,4161.86,4165.88,4161.81,4165.41,14
1790874000,2026-10-01 15:00,2026-10-01 17:00,4165.45,4166.47,4154.87,4156.72,14
1790874180,2026-10-01 15:03,2026-10-01 17:03,4156.7,4157.32,4151.86,4152.95,14
1790874360,2026-10-01 15:06,2026-10-01 17:06,4152.99,4162.35,4152.0,4158.35,14
1790874540,2026-10-01 15:09,2026-10-01 17:09,4158.08,4161.78,4154.81,4154.85,14
1790874720,2026-10-01 15:12,2026-10-01 17:12,4154.82,4157.72,4151.55,4153.75,14
1790874900,2026-10-01 15:15,2026-10-01 17:15,4153.97,4158.43,4153.76,4157.47,14
1790875080,2026-10-01 15:18,2026-10-01 17:18,4157.38,4158.44,4154.1,4157.75,14
1790875260,2026-10-01 15:21,2026-10-01 17:21,4157.83,4161.36,4155.65,4159.98,14
1790875440,2026-10-01 15:24,2026-10-01 17:24,4160.08,4163.25,4158.02,4163.23,14
1790875620,2026-10-01 15:27,2026-10-01 17:27,4163.44,4165.48,4159.11,4162.59,14
1790875800,2026-10-01 15:30,2026-10-01 17:30,4162.56,4168.12,4160.11,4164.81,14
1790875980,2026-10-01 15:33,2026-10-01 17:33,4165.02,4168.93,4163.44,4166.95,14
1790876160,2026-10-01 15:36,2026-10-01 17:36,4166.94,4171.8,4166.56,4171.15,14
1790876340,2026-10-01 15:39,2026-10-01 17:39,4171.17,4174.66,4166.86,4168.02,14
1790876520,2026-10-01 15:42,2026-10-01 17:42,4168.06,4170.0,4165.72,4166.6,14
1790876700,2026-10-01 15:45,2026-10-01 17:45,4166.51,4170.01,4163.85,4165.78,14
1790876880,2026-10-01 15:48,2026-10-01 17:48,4165.79,4170.41,4165.08,4168.75,14
1790877060,2026-10-01 15:51,2026-10-01 17:51,4168.66,4169.06,4162.03,4164.23,14
1790877240,2026-10-01 15:54,2026-10-01 17:54,4164.27,4167.63,4163.0,4166.47,14
1790877420,2026-10-01 15:57,2026-10-01 17:57,4166.52,4167.68,4160.01,4162.86,14
1790877600,2026-10-01 16:00,2026-10-01 18:00,4162.89,4163.13,4153.76,4154.07,14
1790877780,2026-10-01 16:03,2026-10-01 18:03,4154.18,4156.44,4153.77,4154.13,14
1790877960,2026-10-01 16:06,2026-10-01 18:06,4154.14,4156.1,4152.15,4155.62,14
1790878140,2026-10-01 16:09,2026-10-01 18:09,4155.72,4156.58,4150.05,4151.19,14
